GroupName,CBRNum,CBRDenom,DCRNum,DCRDenom,ORRNum,ORRDenom,CBRPct,ORRPct,DCRPct
all,12,26,21,26,4,14,0.461538461538462,0.285714285714286,0.807692307692308
v9,5,7,7,7,2,4,0.714285714285714,0.5,1
Capivasertib all,9,18,14,18,3,7,0.5,0.428571428571429,0.777777777777778
Capivasertib 49,6,10,9,10,3,5,0.6,0.6,0.9
Capivasertib 36,3,8,5,8,0,2,0.375,0,0.625
Alpelisib,3,8,7,8,1,7,0.375,0.142857142857143,0.875
