mmrm() registered as emmeans extension
Welcome to emmeans.
Caution: You lose important information if you filter this package's results.
See '? untidy'

Attaching package: 'dplyr'

The following object is masked from 'package:MASS':

    select

The following objects are masked from 'package:stats':

    filter, lag

The following objects are masked from 'package:base':

    intersect, setdiff, setequal, union

[1] "&&& PD CREATING QQ?"
[1] "&&& PD CREATING QQ!"
[1] "in mostrecent.R, g.most.recent == 260923"
[1] "IN LAB.APPEND.NLR.R, RIGHT BEFORE THAT CALL"
[1] "IN LAB.APPEND.NLR.R, RIGHT AFTER THAT CALL"
[1] "BIG NOTIFICATION IN 103_BIOMARKERS_APPEND_TO_GG_LAB.R SKIPPING bFGF till I figure about LLOQ"

Attaching package: 'lubridate'

The following objects are masked from 'package:base':

    date, intersect, setdiff, union

[1] "add.pct.change.to.gg.lab loc 0.1"
[1] "add.pct.change.to.gg.lab loc 0.2"
[1] "Block selector 00010 -> running blocks: 4"
[1] "Okay?"
[1] "Is there C1D1 105-006 Insulin?"
[1] "Child's Play!"
 [1] "AAPR"                                        
 [2] "Adiponectin"                                 
 [3] "AGP-2"                                       
 [4] "Albumin"                                     
 [5] "Alkaline Phosphatase"                        
 [6] "ALT - Alanine aminotransferase"              
 [7] "Amylase"                                     
 [8] "Apelin"                                      
 [9] "aPTT - Activated Partial Thromboplastin Time"
[10] "AST - Aspartate Aminotransferase"            
[11] "Basophils (absolute)"                        
[12] "Basophils (percent)"                         
[13] "bFGF"                                        
[14] "Bicarbonate"                                 
[15] "Bilirubin, Direct"                           
[16] "Bilirubin, Indirect"                         
[17] "Bilirubin, Total"                            
[18] "BMI"                                         
[19] "BPDiastolic"                                 
[20] "BPSystolic"                                  
[21] "BUN - Blood Urea Nitrogen"                   
[22] "Calcium, Total"                              
[23] "Chloride"                                    
[24] "Creatine Kinase"                             
[25] "Creatinine"                                  
[26] "Eosinophils (absolute)"                      
[27] "Eosinophils (percent)"                       
[28] "FGF-21"                                      
[29] "Fructosamine"                                
[30] "GGT - Gamma Glutamyl Transferase"            
[31] "Glucose"                                     
[32] "GM-CSF"                                      
[33] "HbA1c"                                       
[34] "HDL Cholesterol"                             
[35] "Hematocrit"                                  
[36] "Hemoglobin"                                  
[37] "HOMA_IR"                                     
[38] "IGF-1"                                       
[39] "IL-10"                                       
[40] "IL-5"                                        
[41] "INR - International Normalized Ratio"        
[42] "Insulin"                                     
[43] "LAR"                                         
[44] "LDH - Lactate dehydrogenase"                 
[45] "LDL Cholesterol"                             
[46] "Leptin"                                      
[47] "Lipase"                                      
[48] "Lymphocytes (absolute)"                      
[49] "Lymphocytes (percent)"                       
[50] "Magnesium"                                   
[51] "Monocytes (absolute)"                        
[52] "Monocytes (percent)"                         
[53] "Neutrophils (absolute count)"                
[54] "Neutrophils (percent)"                       
[55] "NLR"                                         
[56] "Platelet Count"                              
[57] "Potassium"                                   
[58] "RBC (Erythrocytes)"                          
[59] "sFRP-5"                                      
[60] "Sodium"                                      
[61] "Total Cholesterol"                           
[62] "Total Protein"                               
[63] "Triglycerides"                               
[64] "Uric acid"                                   
[65] "VEGF"                                        
[66] "VEGF-C"                                      
[67] "VEGF-D"                                      
[68] "WBC (Leukocytes)"                            
[69] "Weight"                                      
[1] FALSE
[1] TRUE
[1] "Should have NLR"
[1] "AAPR (AAPR)"
[1] "WHERE: X, AAPR"
In Visit there are dropped visits: 49, 63.
 Additional attributes including contrasts are lost.
To avoid this behavior, make sure use `drop_visit_levels = FALSE`.
[1] "WHERE: X, AAPR"
In Visit there are dropped visits: 49, 63.
 Additional attributes including contrasts are lost.
To avoid this behavior, make sure use `drop_visit_levels = FALSE`.
[1] "WHERE: C, AAPR"
In Visit there are dropped visits: 49, 63.
 Additional attributes including contrasts are lost.
To avoid this behavior, make sure use `drop_visit_levels = FALSE`.
[1] "WHERE: C, AAPR"
In Visit there are dropped visits: 49, 63.
 Additional attributes including contrasts are lost.
To avoid this behavior, make sure use `drop_visit_levels = FALSE`.
[1] "WHERE: A, AAPR"
In Visit there are dropped visits: 49, 63.
 Additional attributes including contrasts are lost.
To avoid this behavior, make sure use `drop_visit_levels = FALSE`.
[1] "WHERE: A, AAPR"
In Visit there are dropped visits: 49, 63.
 Additional attributes including contrasts are lost.
To avoid this behavior, make sure use `drop_visit_levels = FALSE`.
[1] "WHERE: C49, AAPR"
In Visit there are dropped visits: 49, 63.
 Additional attributes including contrasts are lost.
To avoid this behavior, make sure use `drop_visit_levels = FALSE`.
[1] "WHERE: C49, AAPR"
In Visit there are dropped visits: 49, 63.
 Additional attributes including contrasts are lost.
To avoid this behavior, make sure use `drop_visit_levels = FALSE`.
[1] "WHERE: C36, AAPR"
In Visit there are dropped visits: 49, 63.
 Additional attributes including contrasts are lost.
To avoid this behavior, make sure use `drop_visit_levels = FALSE`.
[1] "WHERE: C36, AAPR"
In Visit there are dropped visits: 49, 63.
 Additional attributes including contrasts are lost.
To avoid this behavior, make sure use `drop_visit_levels = FALSE`.
[1] "WHERE: 9, AAPR"
In Visit there are dropped visits: 7, 21, 49, 63.
 Additional attributes including contrasts are lost.
To avoid this behavior, make sure use `drop_visit_levels = FALSE`.
[1] "WHERE: 9, AAPR"
In Visit there are dropped visits: 7, 21, 49, 63.
 Additional attributes including contrasts are lost.
To avoid this behavior, make sure use `drop_visit_levels = FALSE`.
[1] "Adiponectin (Adiponectin)"
[1] "WHERE: X, Adiponectin"
In Visit there are dropped visits: 49, 63.
 Additional attributes including contrasts are lost.
To avoid this behavior, make sure use `drop_visit_levels = FALSE`.
[1] "WHERE: X, Adiponectin"
In Visit there are dropped visits: 49, 63.
 Additional attributes including contrasts are lost.
To avoid this behavior, make sure use `drop_visit_levels = FALSE`.
[1] "WHERE: C, Adiponectin"
In Visit there are dropped visits: 49, 63.
 Additional attributes including contrasts are lost.
To avoid this behavior, make sure use `drop_visit_levels = FALSE`.
[1] "WHERE: C, Adiponectin"
In Visit there are dropped visits: 49, 63.
 Additional attributes including contrasts are lost.
To avoid this behavior, make sure use `drop_visit_levels = FALSE`.
[1] "WHERE: A, Adiponectin"
In Visit there are dropped visits: 49, 63.
 Additional attributes including contrasts are lost.
To avoid this behavior, make sure use `drop_visit_levels = FALSE`.
[1] "WHERE: A, Adiponectin"
In Visit there are dropped visits: 49, 63.
 Additional attributes including contrasts are lost.
To avoid this behavior, make sure use `drop_visit_levels = FALSE`.
[1] "WHERE: C49, Adiponectin"
In Visit there are dropped visits: 49, 63, 70.
 Additional attributes including contrasts are lost.
To avoid this behavior, make sure use `drop_visit_levels = FALSE`.
[1] "WHERE: C49, Adiponectin"
In Visit there are dropped visits: 49, 63, 70.
 Additional attributes including contrasts are lost.
To avoid this behavior, make sure use `drop_visit_levels = FALSE`.
[1] "WHERE: C36, Adiponectin"
In Visit there are dropped visits: 49, 63.
 Additional attributes including contrasts are lost.
To avoid this behavior, make sure use `drop_visit_levels = FALSE`.
[1] "WHERE: C36, Adiponectin"
In Visit there are dropped visits: 49, 63.
 Additional attributes including contrasts are lost.
To avoid this behavior, make sure use `drop_visit_levels = FALSE`.
[1] "WHERE: 9, Adiponectin"
In Visit there are dropped visits: 21, 49, 63, 70.
 Additional attributes including contrasts are lost.
To avoid this behavior, make sure use `drop_visit_levels = FALSE`.
[1] "WHERE: 9, Adiponectin"
In Visit there are dropped visits: 7, 21, 35, 49, 63, 70.
 Additional attributes including contrasts are lost.
To avoid this behavior, make sure use `drop_visit_levels = FALSE`.
[1] "AGP-2 (AGP-2)"
[1] "WHERE: X, AGP-2"
In Visit there are dropped visits: 49, 63.
 Additional attributes including contrasts are lost.
To avoid this behavior, make sure use `drop_visit_levels = FALSE`.
[1] "WHERE: X, AGP-2"
In Visit there are dropped visits: 49, 63.
 Additional attributes including contrasts are lost.
To avoid this behavior, make sure use `drop_visit_levels = FALSE`.
[1] "WHERE: C, AGP-2"
In Visit there are dropped visits: 49, 63.
 Additional attributes including contrasts are lost.
To avoid this behavior, make sure use `drop_visit_levels = FALSE`.
[1] "WHERE: C, AGP-2"
In Visit there are dropped visits: 49, 63.
 Additional attributes including contrasts are lost.
To avoid this behavior, make sure use `drop_visit_levels = FALSE`.
[1] "WHERE: A, AGP-2"
In Visit there are dropped visits: 49, 63.
 Additional attributes including contrasts are lost.
To avoid this behavior, make sure use `drop_visit_levels = FALSE`.
[1] "WHERE: A, AGP-2"
In Visit there are dropped visits: 49, 63, 70.
 Additional attributes including contrasts are lost.
To avoid this behavior, make sure use `drop_visit_levels = FALSE`.
[1] "WHERE: C49, AGP-2"
In Visit there are dropped visits: 49, 63, 70.
 Additional attributes including contrasts are lost.
To avoid this behavior, make sure use `drop_visit_levels = FALSE`.
[1] "WHERE: C49, AGP-2"
In Visit there are dropped visits: 49, 63, 70.
 Additional attributes including contrasts are lost.
To avoid this behavior, make sure use `drop_visit_levels = FALSE`.
[1] "WHERE: C36, AGP-2"
In Visit there are dropped visits: 49, 63.
 Additional attributes including contrasts are lost.
To avoid this behavior, make sure use `drop_visit_levels = FALSE`.
[1] "WHERE: C36, AGP-2"
In Visit there are dropped visits: 49, 63.
 Additional attributes including contrasts are lost.
To avoid this behavior, make sure use `drop_visit_levels = FALSE`.
[1] "WHERE: 9, AGP-2"
In Visit there are dropped visits: 21, 49, 63, 70.
 Additional attributes including contrasts are lost.
To avoid this behavior, make sure use `drop_visit_levels = FALSE`.
[1] "WHERE: 9, AGP-2"
In Visit there are dropped visits: 7, 21, 35, 49, 63, 70.
 Additional attributes including contrasts are lost.
To avoid this behavior, make sure use `drop_visit_levels = FALSE`.
[1] "Albumin (Albumin)"
[1] "WHERE: X, Albumin"
In Visit there are dropped visits: 49, 63.
 Additional attributes including contrasts are lost.
To avoid this behavior, make sure use `drop_visit_levels = FALSE`.
[1] "WHERE: X, Albumin"
In Visit there are dropped visits: 49, 63.
 Additional attributes including contrasts are lost.
To avoid this behavior, make sure use `drop_visit_levels = FALSE`.
[1] "WHERE: C, Albumin"
In Visit there are dropped visits: 49, 63.
 Additional attributes including contrasts are lost.
To avoid this behavior, make sure use `drop_visit_levels = FALSE`.
[1] "WHERE: C, Albumin"
In Visit there are dropped visits: 49, 63.
 Additional attributes including contrasts are lost.
To avoid this behavior, make sure use `drop_visit_levels = FALSE`.
[1] "WHERE: A, Albumin"
In Visit there are dropped visits: 49, 63.
 Additional attributes including contrasts are lost.
To avoid this behavior, make sure use `drop_visit_levels = FALSE`.
[1] "WHERE: A, Albumin"
In Visit there are dropped visits: 49, 63.
 Additional attributes including contrasts are lost.
To avoid this behavior, make sure use `drop_visit_levels = FALSE`.
[1] "WHERE: C49, Albumin"
In Visit there are dropped visits: 49, 63.
 Additional attributes including contrasts are lost.
To avoid this behavior, make sure use `drop_visit_levels = FALSE`.
[1] "WHERE: C49, Albumin"
In Visit there are dropped visits: 49, 63.
 Additional attributes including contrasts are lost.
To avoid this behavior, make sure use `drop_visit_levels = FALSE`.
[1] "WHERE: C36, Albumin"
In Visit there are dropped visits: 49, 63.
 Additional attributes including contrasts are lost.
To avoid this behavior, make sure use `drop_visit_levels = FALSE`.
[1] "WHERE: C36, Albumin"
In Visit there are dropped visits: 49, 63.
 Additional attributes including contrasts are lost.
To avoid this behavior, make sure use `drop_visit_levels = FALSE`.
[1] "WHERE: 9, Albumin"
In Visit there are dropped visits: 7, 21, 49, 63.
 Additional attributes including contrasts are lost.
To avoid this behavior, make sure use `drop_visit_levels = FALSE`.
[1] "WHERE: 9, Albumin"
In Visit there are dropped visits: 7, 21, 49, 63.
 Additional attributes including contrasts are lost.
To avoid this behavior, make sure use `drop_visit_levels = FALSE`.
[1] "Alkaline Phosphatase (Alkaline Phosphatase)"
[1] "WHERE: X, Alkaline Phosphatase"
In Visit there are dropped visits: 49, 63.
 Additional attributes including contrasts are lost.
To avoid this behavior, make sure use `drop_visit_levels = FALSE`.
[1] "WHERE: X, Alkaline Phosphatase"
In Visit there are dropped visits: 49, 63.
 Additional attributes including contrasts are lost.
To avoid this behavior, make sure use `drop_visit_levels = FALSE`.
[1] "WHERE: C, Alkaline Phosphatase"
In Visit there are dropped visits: 49, 63.
 Additional attributes including contrasts are lost.
To avoid this behavior, make sure use `drop_visit_levels = FALSE`.
[1] "WHERE: C, Alkaline Phosphatase"
In Visit there are dropped visits: 49, 63.
 Additional attributes including contrasts are lost.
To avoid this behavior, make sure use `drop_visit_levels = FALSE`.
[1] "WHERE: A, Alkaline Phosphatase"
In Visit there are dropped visits: 49, 63.
 Additional attributes including contrasts are lost.
To avoid this behavior, make sure use `drop_visit_levels = FALSE`.
[1] "WHERE: A, Alkaline Phosphatase"
In Visit there are dropped visits: 49, 63.
 Additional attributes including contrasts are lost.
To avoid this behavior, make sure use `drop_visit_levels = FALSE`.
[1] "WHERE: C49, Alkaline Phosphatase"
In Visit there are dropped visits: 49, 63.
 Additional attributes including contrasts are lost.
To avoid this behavior, make sure use `drop_visit_levels = FALSE`.
[1] "WHERE: C49, Alkaline Phosphatase"
In Visit there are dropped visits: 49, 63.
 Additional attributes including contrasts are lost.
To avoid this behavior, make sure use `drop_visit_levels = FALSE`.
[1] "WHERE: C36, Alkaline Phosphatase"
In Visit there are dropped visits: 49, 63.
 Additional attributes including contrasts are lost.
To avoid this behavior, make sure use `drop_visit_levels = FALSE`.
[1] "WHERE: C36, Alkaline Phosphatase"
In Visit there are dropped visits: 49, 63.
 Additional attributes including contrasts are lost.
To avoid this behavior, make sure use `drop_visit_levels = FALSE`.
[1] "WHERE: 9, Alkaline Phosphatase"
In Visit there are dropped visits: 7, 21, 49, 63.
 Additional attributes including contrasts are lost.
To avoid this behavior, make sure use `drop_visit_levels = FALSE`.
[1] "WHERE: 9, Alkaline Phosphatase"
In Visit there are dropped visits: 7, 21, 49, 63.
 Additional attributes including contrasts are lost.
To avoid this behavior, make sure use `drop_visit_levels = FALSE`.
[1] "ALT - Alanine aminotransferase (ALT)"
[1] "WHERE: X, ALT - Alanine aminotransferase"
In Visit there are dropped visits: 49, 63.
 Additional attributes including contrasts are lost.
To avoid this behavior, make sure use `drop_visit_levels = FALSE`.
[1] "WHERE: X, ALT - Alanine aminotransferase"
In Visit there are dropped visits: 49, 63.
 Additional attributes including contrasts are lost.
To avoid this behavior, make sure use `drop_visit_levels = FALSE`.
[1] "WHERE: C, ALT - Alanine aminotransferase"
In Visit there are dropped visits: 49, 63.
 Additional attributes including contrasts are lost.
To avoid this behavior, make sure use `drop_visit_levels = FALSE`.
[1] "WHERE: C, ALT - Alanine aminotransferase"
In Visit there are dropped visits: 49, 63.
 Additional attributes including contrasts are lost.
To avoid this behavior, make sure use `drop_visit_levels = FALSE`.
[1] "WHERE: A, ALT - Alanine aminotransferase"
In Visit there are dropped visits: 49, 63.
 Additional attributes including contrasts are lost.
To avoid this behavior, make sure use `drop_visit_levels = FALSE`.
[1] "WHERE: A, ALT - Alanine aminotransferase"
In Visit there are dropped visits: 49, 63.
 Additional attributes including contrasts are lost.
To avoid this behavior, make sure use `drop_visit_levels = FALSE`.
[1] "WHERE: C49, ALT - Alanine aminotransferase"
In Visit there are dropped visits: 49, 63.
 Additional attributes including contrasts are lost.
To avoid this behavior, make sure use `drop_visit_levels = FALSE`.
[1] "WHERE: C49, ALT - Alanine aminotransferase"
In Visit there are dropped visits: 49, 63.
 Additional attributes including contrasts are lost.
To avoid this behavior, make sure use `drop_visit_levels = FALSE`.
[1] "WHERE: C36, ALT - Alanine aminotransferase"
In Visit there are dropped visits: 49, 63.
 Additional attributes including contrasts are lost.
To avoid this behavior, make sure use `drop_visit_levels = FALSE`.
[1] "WHERE: C36, ALT - Alanine aminotransferase"
In Visit there are dropped visits: 49, 63.
 Additional attributes including contrasts are lost.
To avoid this behavior, make sure use `drop_visit_levels = FALSE`.
[1] "WHERE: 9, ALT - Alanine aminotransferase"
In Visit there are dropped visits: 7, 21, 49, 63.
 Additional attributes including contrasts are lost.
To avoid this behavior, make sure use `drop_visit_levels = FALSE`.
[1] "WHERE: 9, ALT - Alanine aminotransferase"
In Visit there are dropped visits: 7, 21, 49, 63.
 Additional attributes including contrasts are lost.
To avoid this behavior, make sure use `drop_visit_levels = FALSE`.
[1] "Amylase (Amylase)"
[1] "WHERE: X, Amylase"
In Visit there are dropped visits: 49, 63.
 Additional attributes including contrasts are lost.
To avoid this behavior, make sure use `drop_visit_levels = FALSE`.
[1] "WHERE: X, Amylase"
In Visit there are dropped visits: 49, 63.
 Additional attributes including contrasts are lost.
To avoid this behavior, make sure use `drop_visit_levels = FALSE`.
[1] "WHERE: C, Amylase"
In Visit there are dropped visits: 49, 63.
 Additional attributes including contrasts are lost.
To avoid this behavior, make sure use `drop_visit_levels = FALSE`.
[1] "WHERE: C, Amylase"
In Visit there are dropped visits: 49, 63.
 Additional attributes including contrasts are lost.
To avoid this behavior, make sure use `drop_visit_levels = FALSE`.
[1] "WHERE: A, Amylase"
In Visit there are dropped visits: 49, 63.
 Additional attributes including contrasts are lost.
To avoid this behavior, make sure use `drop_visit_levels = FALSE`.
[1] "WHERE: A, Amylase"
In Visit there are dropped visits: 49, 63.
 Additional attributes including contrasts are lost.
To avoid this behavior, make sure use `drop_visit_levels = FALSE`.
[1] "WHERE: C49, Amylase"
In Visit there are dropped visits: 49, 63.
 Additional attributes including contrasts are lost.
To avoid this behavior, make sure use `drop_visit_levels = FALSE`.
[1] "WHERE: C49, Amylase"
In Visit there are dropped visits: 49, 63.
 Additional attributes including contrasts are lost.
To avoid this behavior, make sure use `drop_visit_levels = FALSE`.
[1] "WHERE: C36, Amylase"
In Visit there are dropped visits: 49, 63.
 Additional attributes including contrasts are lost.
To avoid this behavior, make sure use `drop_visit_levels = FALSE`.
[1] "WHERE: C36, Amylase"
In Visit there are dropped visits: 49, 63.
 Additional attributes including contrasts are lost.
To avoid this behavior, make sure use `drop_visit_levels = FALSE`.
[1] "WHERE: 9, Amylase"
In Visit there are dropped visits: 7, 21, 49, 63.
 Additional attributes including contrasts are lost.
To avoid this behavior, make sure use `drop_visit_levels = FALSE`.
[1] "WHERE: 9, Amylase"
In Visit there are dropped visits: 7, 21, 49, 63.
 Additional attributes including contrasts are lost.
To avoid this behavior, make sure use `drop_visit_levels = FALSE`.
[1] "Apelin (Apelin)"
[1] "WHERE: X, Apelin"
In Visit there are dropped visits: 49, 63.
 Additional attributes including contrasts are lost.
To avoid this behavior, make sure use `drop_visit_levels = FALSE`.
[1] "WHERE: X, Apelin"
In Visit there are dropped visits: 49, 63.
 Additional attributes including contrasts are lost.
To avoid this behavior, make sure use `drop_visit_levels = FALSE`.
[1] "WHERE: C, Apelin"
In Visit there are dropped visits: 42, 49, 56, 63, 70.
 Additional attributes including contrasts are lost.
To avoid this behavior, make sure use `drop_visit_levels = FALSE`.
[1] "EMMEANS WARNING FOR C, Apelin: Negative variance estimate obtained!"
[1] "EMMEANS WARNING FOR C, Apelin: Negative variance estimate obtained!"
[1] "EMMEANS WARNING FOR C, Apelin: Negative variance estimate obtained!"
[1] "EMMEANS WARNING FOR C, Apelin: Negative variance estimate obtained!"
[1] "EMMEANS WARNING FOR C, Apelin: Negative variance estimate obtained!"
[1] "EMMEANS WARNING FOR C, Apelin: Negative variance estimate obtained!"
[1] "EMMEANS WARNING FOR C, Apelin: Negative variance estimate obtained!"
[1] "EMMEANS WARNING FOR C, Apelin: Negative variance estimate obtained!"
[1] "EMMEANS WARNING FOR C, Apelin: Negative variance estimate obtained!"
[1] "EMMEANS WARNING FOR C, Apelin: Negative variance estimate obtained!"
[1] "EMMEANS/KR FAILED FOR C, Apelin: Non-finite or negative SE in LS means"
[1] "WHERE: C, Apelin"
In Visit there are dropped visits: 49, 63.
 Additional attributes including contrasts are lost.
To avoid this behavior, make sure use `drop_visit_levels = FALSE`.
[1] "WHERE: A, Apelin"
In Visit there are dropped visits: 49, 63.
 Additional attributes including contrasts are lost.
To avoid this behavior, make sure use `drop_visit_levels = FALSE`.
[1] "WHERE: A, Apelin"
In Visit there are dropped visits: 49, 63.
 Additional attributes including contrasts are lost.
To avoid this behavior, make sure use `drop_visit_levels = FALSE`.
[1] "WHERE: C49, Apelin"
[1] "SKIP NO REASON OR EMPTY DATA FRAME FOR C49, Apelin with rowcount 0"
[1] "WHERE: C49, Apelin"
[1] "SKIP NO REASON OR EMPTY DATA FRAME FOR C49, Apelin with rowcount 0"
[1] "NO PLOTTABLE DATA FOR C49, Apelin"
[1] "WHERE: C36, Apelin"
In Visit there are dropped visits: 42, 49, 56, 63, 70.
 Additional attributes including contrasts are lost.
To avoid this behavior, make sure use `drop_visit_levels = FALSE`.
[1] "EMMEANS WARNING FOR C36, Apelin: Negative variance estimate obtained!"
[1] "EMMEANS WARNING FOR C36, Apelin: Negative variance estimate obtained!"
[1] "EMMEANS WARNING FOR C36, Apelin: Negative variance estimate obtained!"
[1] "EMMEANS WARNING FOR C36, Apelin: Negative variance estimate obtained!"
[1] "EMMEANS WARNING FOR C36, Apelin: Negative variance estimate obtained!"
[1] "EMMEANS WARNING FOR C36, Apelin: Negative variance estimate obtained!"
[1] "EMMEANS WARNING FOR C36, Apelin: Negative variance estimate obtained!"
[1] "EMMEANS WARNING FOR C36, Apelin: Negative variance estimate obtained!"
[1] "EMMEANS WARNING FOR C36, Apelin: Negative variance estimate obtained!"
[1] "EMMEANS WARNING FOR C36, Apelin: Negative variance estimate obtained!"
[1] "EMMEANS/KR FAILED FOR C36, Apelin: Non-finite or negative SE in LS means"
[1] "WHERE: C36, Apelin"
In Visit there are dropped visits: 49, 63.
 Additional attributes including contrasts are lost.
To avoid this behavior, make sure use `drop_visit_levels = FALSE`.
[1] "WHERE: 9, Apelin"
[1] "SKIP NO REASON OR EMPTY DATA FRAME FOR 9, Apelin with rowcount 0"
[1] "WHERE: 9, Apelin"
[1] "SKIP NO REASON OR EMPTY DATA FRAME FOR 9, Apelin with rowcount 0"
[1] "NO PLOTTABLE DATA FOR 9, Apelin"
[1] "aPTT - Activated Partial Thromboplastin Time (aPTT)"
[1] "WHERE: X, aPTT - Activated Partial Thromboplastin Time"
In Visit there are dropped visits: 7, 21, 35, 42, 49, 63, 70.
 Additional attributes including contrasts are lost.
To avoid this behavior, make sure use `drop_visit_levels = FALSE`.
[1] "WHERE: X, aPTT - Activated Partial Thromboplastin Time"
In Visit there are dropped visits: 7, 21, 35, 42, 49, 63, 70.
 Additional attributes including contrasts are lost.
To avoid this behavior, make sure use `drop_visit_levels = FALSE`.
[1] "WHERE: C, aPTT - Activated Partial Thromboplastin Time"
In Visit there are dropped visits: 7, 21, 35, 42, 49, 63, 70.
 Additional attributes including contrasts are lost.
To avoid this behavior, make sure use `drop_visit_levels = FALSE`.
[1] "WHERE: C, aPTT - Activated Partial Thromboplastin Time"
In Visit there are dropped visits: 7, 21, 35, 42, 49, 63, 70.
 Additional attributes including contrasts are lost.
To avoid this behavior, make sure use `drop_visit_levels = FALSE`.
[1] "WHERE: A, aPTT - Activated Partial Thromboplastin Time"
In Visit there are dropped visits: 7, 21, 35, 42, 49, 63, 70.
 Additional attributes including contrasts are lost.
To avoid this behavior, make sure use `drop_visit_levels = FALSE`.
[1] "WHERE: A, aPTT - Activated Partial Thromboplastin Time"
In Visit there are dropped visits: 7, 21, 35, 42, 49, 63, 70.
 Additional attributes including contrasts are lost.
To avoid this behavior, make sure use `drop_visit_levels = FALSE`.
[1] "WHERE: C49, aPTT - Activated Partial Thromboplastin Time"
In Visit there are dropped visits: 7, 21, 35, 42, 49, 63, 70.
 Additional attributes including contrasts are lost.
To avoid this behavior, make sure use `drop_visit_levels = FALSE`.
[1] "WHERE: C49, aPTT - Activated Partial Thromboplastin Time"
In Visit there are dropped visits: 7, 21, 35, 42, 49, 63, 70.
 Additional attributes including contrasts are lost.
To avoid this behavior, make sure use `drop_visit_levels = FALSE`.
[1] "WHERE: C36, aPTT - Activated Partial Thromboplastin Time"
In Visit there are dropped visits: 7, 21, 35, 42, 49, 63, 70.
 Additional attributes including contrasts are lost.
To avoid this behavior, make sure use `drop_visit_levels = FALSE`.
[1] "WHERE: C36, aPTT - Activated Partial Thromboplastin Time"
In Visit there are dropped visits: 7, 21, 35, 42, 49, 63, 70.
 Additional attributes including contrasts are lost.
To avoid this behavior, make sure use `drop_visit_levels = FALSE`.
[1] "WHERE: 9, aPTT - Activated Partial Thromboplastin Time"
In Visit there are dropped visits: 7, 21, 35, 42, 49, 63, 70.
 Additional attributes including contrasts are lost.
To avoid this behavior, make sure use `drop_visit_levels = FALSE`.
[1] "WHERE: 9, aPTT - Activated Partial Thromboplastin Time"
In Visit there are dropped visits: 7, 21, 35, 42, 49, 63, 70.
 Additional attributes including contrasts are lost.
To avoid this behavior, make sure use `drop_visit_levels = FALSE`.
[1] "AST - Aspartate Aminotransferase (AST)"
[1] "WHERE: X, AST - Aspartate Aminotransferase"
In Visit there are dropped visits: 49, 63.
 Additional attributes including contrasts are lost.
To avoid this behavior, make sure use `drop_visit_levels = FALSE`.
[1] "WHERE: X, AST - Aspartate Aminotransferase"
In Visit there are dropped visits: 49, 63.
 Additional attributes including contrasts are lost.
To avoid this behavior, make sure use `drop_visit_levels = FALSE`.
[1] "WHERE: C, AST - Aspartate Aminotransferase"
In Visit there are dropped visits: 49, 63.
 Additional attributes including contrasts are lost.
To avoid this behavior, make sure use `drop_visit_levels = FALSE`.
[1] "WHERE: C, AST - Aspartate Aminotransferase"
In Visit there are dropped visits: 49, 63.
 Additional attributes including contrasts are lost.
To avoid this behavior, make sure use `drop_visit_levels = FALSE`.
[1] "WHERE: A, AST - Aspartate Aminotransferase"
In Visit there are dropped visits: 49, 63.
 Additional attributes including contrasts are lost.
To avoid this behavior, make sure use `drop_visit_levels = FALSE`.
[1] "WHERE: A, AST - Aspartate Aminotransferase"
In Visit there are dropped visits: 49, 63.
 Additional attributes including contrasts are lost.
To avoid this behavior, make sure use `drop_visit_levels = FALSE`.
[1] "WHERE: C49, AST - Aspartate Aminotransferase"
In Visit there are dropped visits: 49, 63.
 Additional attributes including contrasts are lost.
To avoid this behavior, make sure use `drop_visit_levels = FALSE`.
[1] "WHERE: C49, AST - Aspartate Aminotransferase"
In Visit there are dropped visits: 49, 63.
 Additional attributes including contrasts are lost.
To avoid this behavior, make sure use `drop_visit_levels = FALSE`.
[1] "WHERE: C36, AST - Aspartate Aminotransferase"
In Visit there are dropped visits: 49, 63.
 Additional attributes including contrasts are lost.
To avoid this behavior, make sure use `drop_visit_levels = FALSE`.
[1] "WHERE: C36, AST - Aspartate Aminotransferase"
In Visit there are dropped visits: 49, 63.
 Additional attributes including contrasts are lost.
To avoid this behavior, make sure use `drop_visit_levels = FALSE`.
[1] "WHERE: 9, AST - Aspartate Aminotransferase"
In Visit there are dropped visits: 7, 21, 49, 63.
 Additional attributes including contrasts are lost.
To avoid this behavior, make sure use `drop_visit_levels = FALSE`.
[1] "WHERE: 9, AST - Aspartate Aminotransferase"
In Visit there are dropped visits: 7, 21, 49, 63.
 Additional attributes including contrasts are lost.
To avoid this behavior, make sure use `drop_visit_levels = FALSE`.
[1] "Basophils (absolute) (Basophils (abs))"
[1] "WHERE: X, Basophils (absolute)"
In Visit there are dropped visits: 49, 63.
 Additional attributes including contrasts are lost.
To avoid this behavior, make sure use `drop_visit_levels = FALSE`.
[1] "WHERE: X, Basophils (absolute)"
In Visit there are dropped visits: 49, 63.
 Additional attributes including contrasts are lost.
To avoid this behavior, make sure use `drop_visit_levels = FALSE`.
[1] "WHERE: C, Basophils (absolute)"
In Visit there are dropped visits: 49, 63.
 Additional attributes including contrasts are lost.
To avoid this behavior, make sure use `drop_visit_levels = FALSE`.
[1] "WHERE: C, Basophils (absolute)"
In Visit there are dropped visits: 49, 63.
 Additional attributes including contrasts are lost.
To avoid this behavior, make sure use `drop_visit_levels = FALSE`.
[1] "WHERE: A, Basophils (absolute)"
In Visit there are dropped visits: 49, 63.
 Additional attributes including contrasts are lost.
To avoid this behavior, make sure use `drop_visit_levels = FALSE`.
[1] "WHERE: A, Basophils (absolute)"
In Visit there are dropped visits: 49, 63.
 Additional attributes including contrasts are lost.
To avoid this behavior, make sure use `drop_visit_levels = FALSE`.
[1] "WHERE: C49, Basophils (absolute)"
In Visit there are dropped visits: 49, 63.
 Additional attributes including contrasts are lost.
To avoid this behavior, make sure use `drop_visit_levels = FALSE`.
[1] "WHERE: C49, Basophils (absolute)"
In Visit there are dropped visits: 49, 63.
 Additional attributes including contrasts are lost.
To avoid this behavior, make sure use `drop_visit_levels = FALSE`.
[1] "WHERE: C36, Basophils (absolute)"
In Visit there are dropped visits: 49, 63.
 Additional attributes including contrasts are lost.
To avoid this behavior, make sure use `drop_visit_levels = FALSE`.
[1] "WHERE: C36, Basophils (absolute)"
In Visit there are dropped visits: 49, 63.
 Additional attributes including contrasts are lost.
To avoid this behavior, make sure use `drop_visit_levels = FALSE`.
[1] "WHERE: 9, Basophils (absolute)"
In Visit there are dropped visits: 49, 63.
 Additional attributes including contrasts are lost.
To avoid this behavior, make sure use `drop_visit_levels = FALSE`.
[1] "WHERE: 9, Basophils (absolute)"
In Visit there are dropped visits: 49, 63.
 Additional attributes including contrasts are lost.
To avoid this behavior, make sure use `drop_visit_levels = FALSE`.
[1] "Basophils (percent) (Basophils (%))"
[1] "WHERE: X, Basophils (percent)"
In Visit there are dropped visits: 49, 63.
 Additional attributes including contrasts are lost.
To avoid this behavior, make sure use `drop_visit_levels = FALSE`.
[1] "WHERE: X, Basophils (percent)"
In Visit there are dropped visits: 49, 63.
 Additional attributes including contrasts are lost.
To avoid this behavior, make sure use `drop_visit_levels = FALSE`.
[1] "WHERE: C, Basophils (percent)"
In Visit there are dropped visits: 49, 63.
 Additional attributes including contrasts are lost.
To avoid this behavior, make sure use `drop_visit_levels = FALSE`.
[1] "WHERE: C, Basophils (percent)"
In Visit there are dropped visits: 49, 63.
 Additional attributes including contrasts are lost.
To avoid this behavior, make sure use `drop_visit_levels = FALSE`.
[1] "WHERE: A, Basophils (percent)"
In Visit there are dropped visits: 21, 49, 63.
 Additional attributes including contrasts are lost.
To avoid this behavior, make sure use `drop_visit_levels = FALSE`.
[1] "MMRM FIT FAILED FOR A, Basophils (percent): No optimizer led to a successful model fit. Please try to use a different covariance structure or other covariates."
[1] "WHERE: A, Basophils (percent)"
In Visit there are dropped visits: 49, 63.
 Additional attributes including contrasts are lost.
To avoid this behavior, make sure use `drop_visit_levels = FALSE`.
[1] "next, since analysis_df_factor is NA for Basophils (percent)"
[1] "WHERE: C49, Basophils (percent)"
In Visit there are dropped visits: 49, 63.
 Additional attributes including contrasts are lost.
To avoid this behavior, make sure use `drop_visit_levels = FALSE`.
[1] "MMRM FIT FAILED FOR C49, Basophils (percent): No optimizer led to a successful model fit. Please try to use a different covariance structure or other covariates."
[1] "WHERE: C49, Basophils (percent)"
In Visit there are dropped visits: 49, 63.
 Additional attributes including contrasts are lost.
To avoid this behavior, make sure use `drop_visit_levels = FALSE`.
[1] "next, since analysis_df_factor is NA for Basophils (percent)"
[1] "WHERE: C36, Basophils (percent)"
In Visit there are dropped visits: 49, 63.
 Additional attributes including contrasts are lost.
To avoid this behavior, make sure use `drop_visit_levels = FALSE`.
[1] "MMRM FIT FAILED FOR C36, Basophils (percent): No optimizer led to a successful model fit. Please try to use a different covariance structure or other covariates."
[1] "WHERE: C36, Basophils (percent)"
In Visit there are dropped visits: 49, 56, 63, 70.
 Additional attributes including contrasts are lost.
To avoid this behavior, make sure use `drop_visit_levels = FALSE`.
[1] "MMRM FIT FAILED FOR C36, Basophils (percent): No optimizer led to a successful model fit. Please try to use a different covariance structure or other covariates."
[1] "NO PLOTTABLE DATA FOR C36, Basophils (percent)"
[1] "WHERE: 9, Basophils (percent)"
In Visit there are dropped visits: 49, 63.
 Additional attributes including contrasts are lost.
To avoid this behavior, make sure use `drop_visit_levels = FALSE`.
[1] "MMRM FIT FAILED FOR 9, Basophils (percent): No optimizer led to a successful model fit. Please try to use a different covariance structure or other covariates."
[1] "WHERE: 9, Basophils (percent)"
In Visit there are dropped visits: 49, 63.
 Additional attributes including contrasts are lost.
To avoid this behavior, make sure use `drop_visit_levels = FALSE`.
[1] "next, since analysis_df_factor is NA for Basophils (percent)"
[1] "bFGF (bFGF)"
[1] "WHERE: X, bFGF"
In Visit there are dropped visits: 49, 63.
 Additional attributes including contrasts are lost.
To avoid this behavior, make sure use `drop_visit_levels = FALSE`.
[1] "WHERE: X, bFGF"
In Visit there are dropped visits: 49, 63.
 Additional attributes including contrasts are lost.
To avoid this behavior, make sure use `drop_visit_levels = FALSE`.
[1] "WHERE: C, bFGF"
In Visit there are dropped visits: 49, 63.
 Additional attributes including contrasts are lost.
To avoid this behavior, make sure use `drop_visit_levels = FALSE`.
[1] "WHERE: C, bFGF"
In Visit there are dropped visits: 49, 63.
 Additional attributes including contrasts are lost.
To avoid this behavior, make sure use `drop_visit_levels = FALSE`.
[1] "WHERE: A, bFGF"
In Visit there are dropped visits: 49, 63.
 Additional attributes including contrasts are lost.
To avoid this behavior, make sure use `drop_visit_levels = FALSE`.
[1] "WHERE: A, bFGF"
In Visit there are dropped visits: 49, 63, 70.
 Additional attributes including contrasts are lost.
To avoid this behavior, make sure use `drop_visit_levels = FALSE`.
[1] "WHERE: C49, bFGF"
In Visit there are dropped visits: 49, 63, 70.
 Additional attributes including contrasts are lost.
To avoid this behavior, make sure use `drop_visit_levels = FALSE`.
[1] "WHERE: C49, bFGF"
In Visit there are dropped visits: 49, 63, 70.
 Additional attributes including contrasts are lost.
To avoid this behavior, make sure use `drop_visit_levels = FALSE`.
[1] "WHERE: C36, bFGF"
In Visit there are dropped visits: 49, 63.
 Additional attributes including contrasts are lost.
To avoid this behavior, make sure use `drop_visit_levels = FALSE`.
[1] "WHERE: C36, bFGF"
In Visit there are dropped visits: 49, 63.
 Additional attributes including contrasts are lost.
To avoid this behavior, make sure use `drop_visit_levels = FALSE`.
[1] "WHERE: 9, bFGF"
In Visit there are dropped visits: 21, 35, 49, 63, 70.
 Additional attributes including contrasts are lost.
To avoid this behavior, make sure use `drop_visit_levels = FALSE`.
[1] "WHERE: 9, bFGF"
In Visit there are dropped visits: 7, 21, 35, 49, 63, 70.
 Additional attributes including contrasts are lost.
To avoid this behavior, make sure use `drop_visit_levels = FALSE`.
[1] "Bicarbonate (Bicarbonate)"
[1] "WHERE: X, Bicarbonate"
In Visit there are dropped visits: 49, 63.
 Additional attributes including contrasts are lost.
To avoid this behavior, make sure use `drop_visit_levels = FALSE`.
[1] "WHERE: X, Bicarbonate"
In Visit there are dropped visits: 49, 63.
 Additional attributes including contrasts are lost.
To avoid this behavior, make sure use `drop_visit_levels = FALSE`.
[1] "WHERE: C, Bicarbonate"
In Visit there are dropped visits: 49, 63.
 Additional attributes including contrasts are lost.
To avoid this behavior, make sure use `drop_visit_levels = FALSE`.
[1] "WHERE: C, Bicarbonate"
In Visit there are dropped visits: 49, 63.
 Additional attributes including contrasts are lost.
To avoid this behavior, make sure use `drop_visit_levels = FALSE`.
[1] "WHERE: A, Bicarbonate"
In Visit there are dropped visits: 49, 63.
 Additional attributes including contrasts are lost.
To avoid this behavior, make sure use `drop_visit_levels = FALSE`.
[1] "WHERE: A, Bicarbonate"
In Visit there are dropped visits: 49, 63.
 Additional attributes including contrasts are lost.
To avoid this behavior, make sure use `drop_visit_levels = FALSE`.
[1] "WHERE: C49, Bicarbonate"
In Visit there are dropped visits: 49, 63.
 Additional attributes including contrasts are lost.
To avoid this behavior, make sure use `drop_visit_levels = FALSE`.
[1] "WHERE: C49, Bicarbonate"
In Visit there are dropped visits: 49, 63.
 Additional attributes including contrasts are lost.
To avoid this behavior, make sure use `drop_visit_levels = FALSE`.
[1] "WHERE: C36, Bicarbonate"
In Visit there are dropped visits: 49, 63.
 Additional attributes including contrasts are lost.
To avoid this behavior, make sure use `drop_visit_levels = FALSE`.
[1] "WHERE: C36, Bicarbonate"
In Visit there are dropped visits: 49, 63.
 Additional attributes including contrasts are lost.
To avoid this behavior, make sure use `drop_visit_levels = FALSE`.
[1] "WHERE: 9, Bicarbonate"
In Visit there are dropped visits: 7, 21, 49, 63.
 Additional attributes including contrasts are lost.
To avoid this behavior, make sure use `drop_visit_levels = FALSE`.
[1] "WHERE: 9, Bicarbonate"
In Visit there are dropped visits: 7, 21, 49, 63.
 Additional attributes including contrasts are lost.
To avoid this behavior, make sure use `drop_visit_levels = FALSE`.
[1] "Bilirubin, Direct (Bilirubin, Direct)"
[1] "WHERE: X, Bilirubin, Direct"
In Visit there are dropped visits: 49, 63.
 Additional attributes including contrasts are lost.
To avoid this behavior, make sure use `drop_visit_levels = FALSE`.
[1] "WHERE: X, Bilirubin, Direct"
In Visit there are dropped visits: 49, 63.
 Additional attributes including contrasts are lost.
To avoid this behavior, make sure use `drop_visit_levels = FALSE`.
[1] "WHERE: C, Bilirubin, Direct"
In Visit there are dropped visits: 49, 63.
 Additional attributes including contrasts are lost.
To avoid this behavior, make sure use `drop_visit_levels = FALSE`.
[1] "WHERE: C, Bilirubin, Direct"
In Visit there are dropped visits: 49, 63.
 Additional attributes including contrasts are lost.
To avoid this behavior, make sure use `drop_visit_levels = FALSE`.
[1] "WHERE: A, Bilirubin, Direct"
In Visit there are dropped visits: 49, 63.
 Additional attributes including contrasts are lost.
To avoid this behavior, make sure use `drop_visit_levels = FALSE`.
[1] "WHERE: A, Bilirubin, Direct"
In Visit there are dropped visits: 49, 63.
 Additional attributes including contrasts are lost.
To avoid this behavior, make sure use `drop_visit_levels = FALSE`.
[1] "WHERE: C49, Bilirubin, Direct"
In Visit there are dropped visits: 7, 49, 63.
 Additional attributes including contrasts are lost.
To avoid this behavior, make sure use `drop_visit_levels = FALSE`.
[1] "MMRM FIT FAILED FOR C49, Bilirubin, Direct: No optimizer led to a successful model fit. Please try to use a different covariance structure or other covariates."
[1] "WHERE: C49, Bilirubin, Direct"
In Visit there are dropped visits: 49, 63.
 Additional attributes including contrasts are lost.
To avoid this behavior, make sure use `drop_visit_levels = FALSE`.
[1] "next, since analysis_df_factor is NA for Bilirubin, Direct"
[1] "WHERE: C36, Bilirubin, Direct"
In Visit there are dropped visits: 49, 63.
 Additional attributes including contrasts are lost.
To avoid this behavior, make sure use `drop_visit_levels = FALSE`.
[1] "MMRM FIT FAILED FOR C36, Bilirubin, Direct: No optimizer led to a successful model fit. Please try to use a different covariance structure or other covariates."
[1] "WHERE: C36, Bilirubin, Direct"
In Visit there are dropped visits: 49, 63.
 Additional attributes including contrasts are lost.
To avoid this behavior, make sure use `drop_visit_levels = FALSE`.
[1] "next, since analysis_df_factor is NA for Bilirubin, Direct"
[1] "WHERE: 9, Bilirubin, Direct"
In Visit there are dropped visits: 7, 21, 49, 63.
 Additional attributes including contrasts are lost.
To avoid this behavior, make sure use `drop_visit_levels = FALSE`.
[1] "MMRM FIT FAILED FOR 9, Bilirubin, Direct: No optimizer led to a successful model fit. Please try to use a different covariance structure or other covariates."
[1] "WHERE: 9, Bilirubin, Direct"
In Visit there are dropped visits: 7, 21, 49, 63.
 Additional attributes including contrasts are lost.
To avoid this behavior, make sure use `drop_visit_levels = FALSE`.
[1] "next, since analysis_df_factor is NA for Bilirubin, Direct"
[1] "Bilirubin, Indirect (Bilirubin, Indirect)"
[1] "WHERE: X, Bilirubin, Indirect"
In Visit there are dropped visits: 49, 63.
 Additional attributes including contrasts are lost.
To avoid this behavior, make sure use `drop_visit_levels = FALSE`.
[1] "WHERE: X, Bilirubin, Indirect"
In Visit there are dropped visits: 49, 63.
 Additional attributes including contrasts are lost.
To avoid this behavior, make sure use `drop_visit_levels = FALSE`.
[1] "WHERE: C, Bilirubin, Indirect"
In Visit there are dropped visits: 49, 63.
 Additional attributes including contrasts are lost.
To avoid this behavior, make sure use `drop_visit_levels = FALSE`.
[1] "WHERE: C, Bilirubin, Indirect"
In Visit there are dropped visits: 49, 63.
 Additional attributes including contrasts are lost.
To avoid this behavior, make sure use `drop_visit_levels = FALSE`.
[1] "WHERE: A, Bilirubin, Indirect"
In Visit there are dropped visits: 35, 49, 63.
 Additional attributes including contrasts are lost.
To avoid this behavior, make sure use `drop_visit_levels = FALSE`.
[1] "MMRM FIT FAILED FOR A, Bilirubin, Indirect: No optimizer led to a successful model fit. Please try to use a different covariance structure or other covariates."
[1] "WHERE: A, Bilirubin, Indirect"
In Visit there are dropped visits: 49, 63.
 Additional attributes including contrasts are lost.
To avoid this behavior, make sure use `drop_visit_levels = FALSE`.
[1] "next, since analysis_df_factor is NA for Bilirubin, Indirect"
[1] "WHERE: C49, Bilirubin, Indirect"
In Visit there are dropped visits: 7, 49, 63.
 Additional attributes including contrasts are lost.
To avoid this behavior, make sure use `drop_visit_levels = FALSE`.
[1] "WHERE: C49, Bilirubin, Indirect"
In Visit there are dropped visits: 42, 49, 63.
 Additional attributes including contrasts are lost.
To avoid this behavior, make sure use `drop_visit_levels = FALSE`.
[1] "WHERE: C36, Bilirubin, Indirect"
In Visit there are dropped visits: 49, 63.
 Additional attributes including contrasts are lost.
To avoid this behavior, make sure use `drop_visit_levels = FALSE`.
[1] "MMRM FIT FAILED FOR C36, Bilirubin, Indirect: No optimizer led to a successful model fit. Please try to use a different covariance structure or other covariates."
[1] "WHERE: C36, Bilirubin, Indirect"
In Visit there are dropped visits: 49, 63.
 Additional attributes including contrasts are lost.
To avoid this behavior, make sure use `drop_visit_levels = FALSE`.
[1] "next, since analysis_df_factor is NA for Bilirubin, Indirect"
[1] "WHERE: 9, Bilirubin, Indirect"
[1] "SKIP NO REASON OR EMPTY DATA FRAME FOR 9, Bilirubin, Indirect with rowcount 24"
[1] "WHERE: 9, Bilirubin, Indirect"
[1] "SKIP NO REASON OR EMPTY DATA FRAME FOR 9, Bilirubin, Indirect with rowcount 17"
[1] "NO PLOTTABLE DATA FOR 9, Bilirubin, Indirect"
[1] "Bilirubin, Total (Bilirubin, Total)"
[1] "WHERE: X, Bilirubin, Total"
In Visit there are dropped visits: 49, 63.
 Additional attributes including contrasts are lost.
To avoid this behavior, make sure use `drop_visit_levels = FALSE`.
[1] "WHERE: X, Bilirubin, Total"
In Visit there are dropped visits: 49, 63.
 Additional attributes including contrasts are lost.
To avoid this behavior, make sure use `drop_visit_levels = FALSE`.
[1] "WHERE: C, Bilirubin, Total"
In Visit there are dropped visits: 49, 63.
 Additional attributes including contrasts are lost.
To avoid this behavior, make sure use `drop_visit_levels = FALSE`.
[1] "WHERE: C, Bilirubin, Total"
In Visit there are dropped visits: 49, 63.
 Additional attributes including contrasts are lost.
To avoid this behavior, make sure use `drop_visit_levels = FALSE`.
[1] "WHERE: A, Bilirubin, Total"
In Visit there are dropped visits: 49, 63.
 Additional attributes including contrasts are lost.
To avoid this behavior, make sure use `drop_visit_levels = FALSE`.
[1] "WHERE: A, Bilirubin, Total"
In Visit there are dropped visits: 49, 63.
 Additional attributes including contrasts are lost.
To avoid this behavior, make sure use `drop_visit_levels = FALSE`.
[1] "WHERE: C49, Bilirubin, Total"
In Visit there are dropped visits: 49, 63.
 Additional attributes including contrasts are lost.
To avoid this behavior, make sure use `drop_visit_levels = FALSE`.
[1] "WHERE: C49, Bilirubin, Total"
In Visit there are dropped visits: 49, 63.
 Additional attributes including contrasts are lost.
To avoid this behavior, make sure use `drop_visit_levels = FALSE`.
[1] "WHERE: C36, Bilirubin, Total"
In Visit there are dropped visits: 49, 63.
 Additional attributes including contrasts are lost.
To avoid this behavior, make sure use `drop_visit_levels = FALSE`.
[1] "WHERE: C36, Bilirubin, Total"
In Visit there are dropped visits: 49, 63.
 Additional attributes including contrasts are lost.
To avoid this behavior, make sure use `drop_visit_levels = FALSE`.
[1] "WHERE: 9, Bilirubin, Total"
In Visit there are dropped visits: 7, 21, 49, 63.
 Additional attributes including contrasts are lost.
To avoid this behavior, make sure use `drop_visit_levels = FALSE`.
[1] "WHERE: 9, Bilirubin, Total"
In Visit there are dropped visits: 7, 21, 49, 63.
 Additional attributes including contrasts are lost.
To avoid this behavior, make sure use `drop_visit_levels = FALSE`.
[1] "BMI (BMI)"
[1] "WHERE: X, BMI"
In Visit there are dropped visits: 7, 21, 35, 49, 63.
 Additional attributes including contrasts are lost.
To avoid this behavior, make sure use `drop_visit_levels = FALSE`.
[1] "WHERE: X, BMI"
In Visit there are dropped visits: 7, 21, 35, 49, 63.
 Additional attributes including contrasts are lost.
To avoid this behavior, make sure use `drop_visit_levels = FALSE`.
[1] "WHERE: C, BMI"
In Visit there are dropped visits: 7, 21, 35, 49, 63.
 Additional attributes including contrasts are lost.
To avoid this behavior, make sure use `drop_visit_levels = FALSE`.
[1] "WHERE: C, BMI"
In Visit there are dropped visits: 7, 21, 35, 49, 63.
 Additional attributes including contrasts are lost.
To avoid this behavior, make sure use `drop_visit_levels = FALSE`.
[1] "WHERE: A, BMI"
In Visit there are dropped visits: 7, 21, 35, 49, 63.
 Additional attributes including contrasts are lost.
To avoid this behavior, make sure use `drop_visit_levels = FALSE`.
[1] "WHERE: A, BMI"
In Visit there are dropped visits: 7, 21, 35, 49, 63.
 Additional attributes including contrasts are lost.
To avoid this behavior, make sure use `drop_visit_levels = FALSE`.
[1] "WHERE: C49, BMI"
In Visit there are dropped visits: 7, 21, 35, 49, 63.
 Additional attributes including contrasts are lost.
To avoid this behavior, make sure use `drop_visit_levels = FALSE`.
[1] "WHERE: C49, BMI"
In Visit there are dropped visits: 7, 21, 35, 49, 63.
 Additional attributes including contrasts are lost.
To avoid this behavior, make sure use `drop_visit_levels = FALSE`.
[1] "WHERE: C36, BMI"
In Visit there are dropped visits: 7, 21, 35, 49, 63.
 Additional attributes including contrasts are lost.
To avoid this behavior, make sure use `drop_visit_levels = FALSE`.
[1] "WHERE: C36, BMI"
In Visit there are dropped visits: 7, 21, 35, 49, 63.
 Additional attributes including contrasts are lost.
To avoid this behavior, make sure use `drop_visit_levels = FALSE`.
[1] "WHERE: 9, BMI"
In Visit there are dropped visits: 7, 21, 35, 49, 63.
 Additional attributes including contrasts are lost.
To avoid this behavior, make sure use `drop_visit_levels = FALSE`.
[1] "WHERE: 9, BMI"
In Visit there are dropped visits: 7, 21, 35, 49, 63.
 Additional attributes including contrasts are lost.
To avoid this behavior, make sure use `drop_visit_levels = FALSE`.
[1] "BPDiastolic (BPDiastolic)"
[1] "WHERE: X, BPDiastolic"
In Visit there are dropped visits: 7, 21, 35, 49, 63.
 Additional attributes including contrasts are lost.
To avoid this behavior, make sure use `drop_visit_levels = FALSE`.
[1] "WHERE: X, BPDiastolic"
In Visit there are dropped visits: 7, 21, 35, 49, 63.
 Additional attributes including contrasts are lost.
To avoid this behavior, make sure use `drop_visit_levels = FALSE`.
[1] "WHERE: C, BPDiastolic"
In Visit there are dropped visits: 7, 21, 35, 49, 63.
 Additional attributes including contrasts are lost.
To avoid this behavior, make sure use `drop_visit_levels = FALSE`.
[1] "WHERE: C, BPDiastolic"
In Visit there are dropped visits: 7, 21, 35, 49, 63.
 Additional attributes including contrasts are lost.
To avoid this behavior, make sure use `drop_visit_levels = FALSE`.
[1] "WHERE: A, BPDiastolic"
In Visit there are dropped visits: 7, 21, 35, 49, 63.
 Additional attributes including contrasts are lost.
To avoid this behavior, make sure use `drop_visit_levels = FALSE`.
[1] "WHERE: A, BPDiastolic"
In Visit there are dropped visits: 7, 21, 35, 49, 63.
 Additional attributes including contrasts are lost.
To avoid this behavior, make sure use `drop_visit_levels = FALSE`.
[1] "WHERE: C49, BPDiastolic"
In Visit there are dropped visits: 7, 21, 35, 49, 63.
 Additional attributes including contrasts are lost.
To avoid this behavior, make sure use `drop_visit_levels = FALSE`.
[1] "WHERE: C49, BPDiastolic"
In Visit there are dropped visits: 7, 21, 35, 49, 63.
 Additional attributes including contrasts are lost.
To avoid this behavior, make sure use `drop_visit_levels = FALSE`.
[1] "WHERE: C36, BPDiastolic"
In Visit there are dropped visits: 7, 21, 35, 49, 63.
 Additional attributes including contrasts are lost.
To avoid this behavior, make sure use `drop_visit_levels = FALSE`.
[1] "WHERE: C36, BPDiastolic"
In Visit there are dropped visits: 7, 21, 35, 49, 63.
 Additional attributes including contrasts are lost.
To avoid this behavior, make sure use `drop_visit_levels = FALSE`.
[1] "WHERE: 9, BPDiastolic"
In Visit there are dropped visits: 7, 21, 35, 49, 63.
 Additional attributes including contrasts are lost.
To avoid this behavior, make sure use `drop_visit_levels = FALSE`.
[1] "WHERE: 9, BPDiastolic"
In Visit there are dropped visits: 7, 21, 35, 49, 63.
 Additional attributes including contrasts are lost.
To avoid this behavior, make sure use `drop_visit_levels = FALSE`.
[1] "BPSystolic (BPSystolic)"
[1] "WHERE: X, BPSystolic"
In Visit there are dropped visits: 7, 21, 35, 49, 63.
 Additional attributes including contrasts are lost.
To avoid this behavior, make sure use `drop_visit_levels = FALSE`.
[1] "WHERE: X, BPSystolic"
In Visit there are dropped visits: 7, 21, 35, 49, 63.
 Additional attributes including contrasts are lost.
To avoid this behavior, make sure use `drop_visit_levels = FALSE`.
[1] "WHERE: C, BPSystolic"
In Visit there are dropped visits: 7, 21, 35, 49, 63.
 Additional attributes including contrasts are lost.
To avoid this behavior, make sure use `drop_visit_levels = FALSE`.
[1] "WHERE: C, BPSystolic"
In Visit there are dropped visits: 7, 21, 35, 49, 63.
 Additional attributes including contrasts are lost.
To avoid this behavior, make sure use `drop_visit_levels = FALSE`.
[1] "WHERE: A, BPSystolic"
In Visit there are dropped visits: 7, 21, 35, 49, 63.
 Additional attributes including contrasts are lost.
To avoid this behavior, make sure use `drop_visit_levels = FALSE`.
[1] "WHERE: A, BPSystolic"
In Visit there are dropped visits: 7, 21, 35, 49, 63.
 Additional attributes including contrasts are lost.
To avoid this behavior, make sure use `drop_visit_levels = FALSE`.
[1] "WHERE: C49, BPSystolic"
In Visit there are dropped visits: 7, 21, 35, 49, 63.
 Additional attributes including contrasts are lost.
To avoid this behavior, make sure use `drop_visit_levels = FALSE`.
[1] "WHERE: C49, BPSystolic"
In Visit there are dropped visits: 7, 21, 35, 49, 63.
 Additional attributes including contrasts are lost.
To avoid this behavior, make sure use `drop_visit_levels = FALSE`.
[1] "WHERE: C36, BPSystolic"
In Visit there are dropped visits: 7, 21, 35, 49, 63.
 Additional attributes including contrasts are lost.
To avoid this behavior, make sure use `drop_visit_levels = FALSE`.
[1] "WHERE: C36, BPSystolic"
In Visit there are dropped visits: 7, 21, 35, 49, 63.
 Additional attributes including contrasts are lost.
To avoid this behavior, make sure use `drop_visit_levels = FALSE`.
[1] "WHERE: 9, BPSystolic"
In Visit there are dropped visits: 7, 21, 35, 49, 63.
 Additional attributes including contrasts are lost.
To avoid this behavior, make sure use `drop_visit_levels = FALSE`.
[1] "WHERE: 9, BPSystolic"
In Visit there are dropped visits: 7, 21, 35, 49, 63.
 Additional attributes including contrasts are lost.
To avoid this behavior, make sure use `drop_visit_levels = FALSE`.
[1] "BUN - Blood Urea Nitrogen (BUN)"
[1] "WHERE: X, BUN - Blood Urea Nitrogen"
In Visit there are dropped visits: 49, 63.
 Additional attributes including contrasts are lost.
To avoid this behavior, make sure use `drop_visit_levels = FALSE`.
[1] "WHERE: X, BUN - Blood Urea Nitrogen"
In Visit there are dropped visits: 49, 63.
 Additional attributes including contrasts are lost.
To avoid this behavior, make sure use `drop_visit_levels = FALSE`.
[1] "WHERE: C, BUN - Blood Urea Nitrogen"
In Visit there are dropped visits: 49, 63.
 Additional attributes including contrasts are lost.
To avoid this behavior, make sure use `drop_visit_levels = FALSE`.
[1] "WHERE: C, BUN - Blood Urea Nitrogen"
In Visit there are dropped visits: 49, 63.
 Additional attributes including contrasts are lost.
To avoid this behavior, make sure use `drop_visit_levels = FALSE`.
[1] "WHERE: A, BUN - Blood Urea Nitrogen"
In Visit there are dropped visits: 49, 63.
 Additional attributes including contrasts are lost.
To avoid this behavior, make sure use `drop_visit_levels = FALSE`.
[1] "WHERE: A, BUN - Blood Urea Nitrogen"
In Visit there are dropped visits: 49, 63.
 Additional attributes including contrasts are lost.
To avoid this behavior, make sure use `drop_visit_levels = FALSE`.
[1] "WHERE: C49, BUN - Blood Urea Nitrogen"
In Visit there are dropped visits: 49, 63.
 Additional attributes including contrasts are lost.
To avoid this behavior, make sure use `drop_visit_levels = FALSE`.
[1] "WHERE: C49, BUN - Blood Urea Nitrogen"
In Visit there are dropped visits: 49, 63.
 Additional attributes including contrasts are lost.
To avoid this behavior, make sure use `drop_visit_levels = FALSE`.
[1] "WHERE: C36, BUN - Blood Urea Nitrogen"
In Visit there are dropped visits: 49, 63.
 Additional attributes including contrasts are lost.
To avoid this behavior, make sure use `drop_visit_levels = FALSE`.
[1] "WHERE: C36, BUN - Blood Urea Nitrogen"
In Visit there are dropped visits: 49, 63.
 Additional attributes including contrasts are lost.
To avoid this behavior, make sure use `drop_visit_levels = FALSE`.
[1] "WHERE: 9, BUN - Blood Urea Nitrogen"
In Visit there are dropped visits: 7, 21, 49, 63.
 Additional attributes including contrasts are lost.
To avoid this behavior, make sure use `drop_visit_levels = FALSE`.
[1] "WHERE: 9, BUN - Blood Urea Nitrogen"
In Visit there are dropped visits: 7, 21, 49, 63.
 Additional attributes including contrasts are lost.
To avoid this behavior, make sure use `drop_visit_levels = FALSE`.
[1] "Calcium, Total (Calcium, Total)"
[1] "WHERE: X, Calcium, Total"
In Visit there are dropped visits: 49, 63.
 Additional attributes including contrasts are lost.
To avoid this behavior, make sure use `drop_visit_levels = FALSE`.
[1] "WHERE: X, Calcium, Total"
In Visit there are dropped visits: 49, 63.
 Additional attributes including contrasts are lost.
To avoid this behavior, make sure use `drop_visit_levels = FALSE`.
[1] "WHERE: C, Calcium, Total"
In Visit there are dropped visits: 49, 63.
 Additional attributes including contrasts are lost.
To avoid this behavior, make sure use `drop_visit_levels = FALSE`.
[1] "WHERE: C, Calcium, Total"
In Visit there are dropped visits: 49, 63.
 Additional attributes including contrasts are lost.
To avoid this behavior, make sure use `drop_visit_levels = FALSE`.
[1] "WHERE: A, Calcium, Total"
In Visit there are dropped visits: 49, 63.
 Additional attributes including contrasts are lost.
To avoid this behavior, make sure use `drop_visit_levels = FALSE`.
[1] "WHERE: A, Calcium, Total"
In Visit there are dropped visits: 49, 63.
 Additional attributes including contrasts are lost.
To avoid this behavior, make sure use `drop_visit_levels = FALSE`.
[1] "WHERE: C49, Calcium, Total"
In Visit there are dropped visits: 49, 63.
 Additional attributes including contrasts are lost.
To avoid this behavior, make sure use `drop_visit_levels = FALSE`.
[1] "WHERE: C49, Calcium, Total"
In Visit there are dropped visits: 49, 63.
 Additional attributes including contrasts are lost.
To avoid this behavior, make sure use `drop_visit_levels = FALSE`.
[1] "WHERE: C36, Calcium, Total"
In Visit there are dropped visits: 49, 63.
 Additional attributes including contrasts are lost.
To avoid this behavior, make sure use `drop_visit_levels = FALSE`.
[1] "WHERE: C36, Calcium, Total"
In Visit there are dropped visits: 49, 63.
 Additional attributes including contrasts are lost.
To avoid this behavior, make sure use `drop_visit_levels = FALSE`.
[1] "WHERE: 9, Calcium, Total"
In Visit there are dropped visits: 7, 21, 49, 63.
 Additional attributes including contrasts are lost.
To avoid this behavior, make sure use `drop_visit_levels = FALSE`.
[1] "WHERE: 9, Calcium, Total"
In Visit there are dropped visits: 7, 21, 49, 63.
 Additional attributes including contrasts are lost.
To avoid this behavior, make sure use `drop_visit_levels = FALSE`.
[1] "Chloride (Chloride)"
[1] "WHERE: X, Chloride"
In Visit there are dropped visits: 49, 63.
 Additional attributes including contrasts are lost.
To avoid this behavior, make sure use `drop_visit_levels = FALSE`.
[1] "WHERE: X, Chloride"
In Visit there are dropped visits: 49, 63.
 Additional attributes including contrasts are lost.
To avoid this behavior, make sure use `drop_visit_levels = FALSE`.
[1] "WHERE: C, Chloride"
In Visit there are dropped visits: 49, 63.
 Additional attributes including contrasts are lost.
To avoid this behavior, make sure use `drop_visit_levels = FALSE`.
[1] "WHERE: C, Chloride"
In Visit there are dropped visits: 49, 63.
 Additional attributes including contrasts are lost.
To avoid this behavior, make sure use `drop_visit_levels = FALSE`.
[1] "WHERE: A, Chloride"
In Visit there are dropped visits: 49, 63.
 Additional attributes including contrasts are lost.
To avoid this behavior, make sure use `drop_visit_levels = FALSE`.
[1] "WHERE: A, Chloride"
In Visit there are dropped visits: 49, 63.
 Additional attributes including contrasts are lost.
To avoid this behavior, make sure use `drop_visit_levels = FALSE`.
[1] "WHERE: C49, Chloride"
In Visit there are dropped visits: 49, 63.
 Additional attributes including contrasts are lost.
To avoid this behavior, make sure use `drop_visit_levels = FALSE`.
[1] "WHERE: C49, Chloride"
In Visit there are dropped visits: 49, 63.
 Additional attributes including contrasts are lost.
To avoid this behavior, make sure use `drop_visit_levels = FALSE`.
[1] "WHERE: C36, Chloride"
In Visit there are dropped visits: 49, 63.
 Additional attributes including contrasts are lost.
To avoid this behavior, make sure use `drop_visit_levels = FALSE`.
[1] "WHERE: C36, Chloride"
In Visit there are dropped visits: 49, 63.
 Additional attributes including contrasts are lost.
To avoid this behavior, make sure use `drop_visit_levels = FALSE`.
[1] "WHERE: 9, Chloride"
In Visit there are dropped visits: 7, 21, 49, 63.
 Additional attributes including contrasts are lost.
To avoid this behavior, make sure use `drop_visit_levels = FALSE`.
[1] "WHERE: 9, Chloride"
In Visit there are dropped visits: 7, 21, 49, 63.
 Additional attributes including contrasts are lost.
To avoid this behavior, make sure use `drop_visit_levels = FALSE`.
[1] "Creatine Kinase (Creatine Kinase)"
[1] "WHERE: X, Creatine Kinase"
In Visit there are dropped visits: 49, 63.
 Additional attributes including contrasts are lost.
To avoid this behavior, make sure use `drop_visit_levels = FALSE`.
[1] "WHERE: X, Creatine Kinase"
In Visit there are dropped visits: 49, 63.
 Additional attributes including contrasts are lost.
To avoid this behavior, make sure use `drop_visit_levels = FALSE`.
[1] "WHERE: C, Creatine Kinase"
In Visit there are dropped visits: 49, 63.
 Additional attributes including contrasts are lost.
To avoid this behavior, make sure use `drop_visit_levels = FALSE`.
[1] "WHERE: C, Creatine Kinase"
In Visit there are dropped visits: 49, 63.
 Additional attributes including contrasts are lost.
To avoid this behavior, make sure use `drop_visit_levels = FALSE`.
[1] "WHERE: A, Creatine Kinase"
In Visit there are dropped visits: 49, 63.
 Additional attributes including contrasts are lost.
To avoid this behavior, make sure use `drop_visit_levels = FALSE`.
[1] "WHERE: A, Creatine Kinase"
In Visit there are dropped visits: 49, 63.
 Additional attributes including contrasts are lost.
To avoid this behavior, make sure use `drop_visit_levels = FALSE`.
[1] "WHERE: C49, Creatine Kinase"
In Visit there are dropped visits: 49, 63.
 Additional attributes including contrasts are lost.
To avoid this behavior, make sure use `drop_visit_levels = FALSE`.
[1] "WHERE: C49, Creatine Kinase"
In Visit there are dropped visits: 49, 63.
 Additional attributes including contrasts are lost.
To avoid this behavior, make sure use `drop_visit_levels = FALSE`.
[1] "WHERE: C36, Creatine Kinase"
In Visit there are dropped visits: 49, 63.
 Additional attributes including contrasts are lost.
To avoid this behavior, make sure use `drop_visit_levels = FALSE`.
[1] "WHERE: C36, Creatine Kinase"
In Visit there are dropped visits: 49, 63.
 Additional attributes including contrasts are lost.
To avoid this behavior, make sure use `drop_visit_levels = FALSE`.
[1] "WHERE: 9, Creatine Kinase"
In Visit there are dropped visits: 7, 21, 49, 63.
 Additional attributes including contrasts are lost.
To avoid this behavior, make sure use `drop_visit_levels = FALSE`.
[1] "WHERE: 9, Creatine Kinase"
In Visit there are dropped visits: 7, 21, 49, 63.
 Additional attributes including contrasts are lost.
To avoid this behavior, make sure use `drop_visit_levels = FALSE`.
[1] "Creatinine (Creatinine)"
[1] "WHERE: X, Creatinine"
In Visit there are dropped visits: 49, 63.
 Additional attributes including contrasts are lost.
To avoid this behavior, make sure use `drop_visit_levels = FALSE`.
[1] "WHERE: X, Creatinine"
In Visit there are dropped visits: 49, 63.
 Additional attributes including contrasts are lost.
To avoid this behavior, make sure use `drop_visit_levels = FALSE`.
[1] "WHERE: C, Creatinine"
In Visit there are dropped visits: 49, 63.
 Additional attributes including contrasts are lost.
To avoid this behavior, make sure use `drop_visit_levels = FALSE`.
[1] "WHERE: C, Creatinine"
In Visit there are dropped visits: 49, 63.
 Additional attributes including contrasts are lost.
To avoid this behavior, make sure use `drop_visit_levels = FALSE`.
[1] "WHERE: A, Creatinine"
In Visit there are dropped visits: 49, 63.
 Additional attributes including contrasts are lost.
To avoid this behavior, make sure use `drop_visit_levels = FALSE`.
[1] "WHERE: A, Creatinine"
In Visit there are dropped visits: 49, 63.
 Additional attributes including contrasts are lost.
To avoid this behavior, make sure use `drop_visit_levels = FALSE`.
[1] "WHERE: C49, Creatinine"
In Visit there are dropped visits: 49, 63.
 Additional attributes including contrasts are lost.
To avoid this behavior, make sure use `drop_visit_levels = FALSE`.
[1] "WHERE: C49, Creatinine"
In Visit there are dropped visits: 49, 63.
 Additional attributes including contrasts are lost.
To avoid this behavior, make sure use `drop_visit_levels = FALSE`.
[1] "WHERE: C36, Creatinine"
In Visit there are dropped visits: 49, 63.
 Additional attributes including contrasts are lost.
To avoid this behavior, make sure use `drop_visit_levels = FALSE`.
[1] "WHERE: C36, Creatinine"
In Visit there are dropped visits: 49, 63.
 Additional attributes including contrasts are lost.
To avoid this behavior, make sure use `drop_visit_levels = FALSE`.
[1] "WHERE: 9, Creatinine"
In Visit there are dropped visits: 7, 21, 49, 63.
 Additional attributes including contrasts are lost.
To avoid this behavior, make sure use `drop_visit_levels = FALSE`.
[1] "WHERE: 9, Creatinine"
In Visit there are dropped visits: 7, 21, 49, 63.
 Additional attributes including contrasts are lost.
To avoid this behavior, make sure use `drop_visit_levels = FALSE`.
[1] "Eosinophils (absolute) (Eosinophils (abs))"
[1] "WHERE: X, Eosinophils (absolute)"
In Visit there are dropped visits: 49, 63.
 Additional attributes including contrasts are lost.
To avoid this behavior, make sure use `drop_visit_levels = FALSE`.
[1] "WHERE: X, Eosinophils (absolute)"
In Visit there are dropped visits: 49, 63.
 Additional attributes including contrasts are lost.
To avoid this behavior, make sure use `drop_visit_levels = FALSE`.
[1] "WHERE: C, Eosinophils (absolute)"
In Visit there are dropped visits: 49, 63.
 Additional attributes including contrasts are lost.
To avoid this behavior, make sure use `drop_visit_levels = FALSE`.
[1] "WHERE: C, Eosinophils (absolute)"
In Visit there are dropped visits: 49, 63.
 Additional attributes including contrasts are lost.
To avoid this behavior, make sure use `drop_visit_levels = FALSE`.
[1] "WHERE: A, Eosinophils (absolute)"
In Visit there are dropped visits: 49, 63.
 Additional attributes including contrasts are lost.
To avoid this behavior, make sure use `drop_visit_levels = FALSE`.
[1] "WHERE: A, Eosinophils (absolute)"
In Visit there are dropped visits: 49, 63.
 Additional attributes including contrasts are lost.
To avoid this behavior, make sure use `drop_visit_levels = FALSE`.
[1] "WHERE: C49, Eosinophils (absolute)"
In Visit there are dropped visits: 49, 63.
 Additional attributes including contrasts are lost.
To avoid this behavior, make sure use `drop_visit_levels = FALSE`.
[1] "WHERE: C49, Eosinophils (absolute)"
In Visit there are dropped visits: 49, 63.
 Additional attributes including contrasts are lost.
To avoid this behavior, make sure use `drop_visit_levels = FALSE`.
[1] "WHERE: C36, Eosinophils (absolute)"
In Visit there are dropped visits: 49, 63.
 Additional attributes including contrasts are lost.
To avoid this behavior, make sure use `drop_visit_levels = FALSE`.
[1] "WHERE: C36, Eosinophils (absolute)"
In Visit there are dropped visits: 49, 63.
 Additional attributes including contrasts are lost.
To avoid this behavior, make sure use `drop_visit_levels = FALSE`.
[1] "WHERE: 9, Eosinophils (absolute)"
In Visit there are dropped visits: 49, 63.
 Additional attributes including contrasts are lost.
To avoid this behavior, make sure use `drop_visit_levels = FALSE`.
[1] "WHERE: 9, Eosinophils (absolute)"
In Visit there are dropped visits: 49, 63.
 Additional attributes including contrasts are lost.
To avoid this behavior, make sure use `drop_visit_levels = FALSE`.
[1] "Eosinophils (percent) (Eosinophil (%))"
[1] "WHERE: X, Eosinophils (percent)"
In Visit there are dropped visits: 49, 63.
 Additional attributes including contrasts are lost.
To avoid this behavior, make sure use `drop_visit_levels = FALSE`.
[1] "WHERE: X, Eosinophils (percent)"
In Visit there are dropped visits: 49, 63.
 Additional attributes including contrasts are lost.
To avoid this behavior, make sure use `drop_visit_levels = FALSE`.
[1] "WHERE: C, Eosinophils (percent)"
In Visit there are dropped visits: 49, 63.
 Additional attributes including contrasts are lost.
To avoid this behavior, make sure use `drop_visit_levels = FALSE`.
[1] "WHERE: C, Eosinophils (percent)"
In Visit there are dropped visits: 49, 63.
 Additional attributes including contrasts are lost.
To avoid this behavior, make sure use `drop_visit_levels = FALSE`.
[1] "WHERE: A, Eosinophils (percent)"
In Visit there are dropped visits: 21, 49, 63.
 Additional attributes including contrasts are lost.
To avoid this behavior, make sure use `drop_visit_levels = FALSE`.
[1] "MMRM FIT FAILED FOR A, Eosinophils (percent): No optimizer led to a successful model fit. Please try to use a different covariance structure or other covariates."
[1] "WHERE: A, Eosinophils (percent)"
In Visit there are dropped visits: 49, 63.
 Additional attributes including contrasts are lost.
To avoid this behavior, make sure use `drop_visit_levels = FALSE`.
[1] "MMRM FIT FAILED FOR A, Eosinophils (percent): No optimizer led to a successful model fit. Please try to use a different covariance structure or other covariates."
[1] "NO PLOTTABLE DATA FOR A, Eosinophils (percent)"
[1] "WHERE: C49, Eosinophils (percent)"
In Visit there are dropped visits: 49, 63.
 Additional attributes including contrasts are lost.
To avoid this behavior, make sure use `drop_visit_levels = FALSE`.
[1] "MMRM FIT FAILED FOR C49, Eosinophils (percent): No optimizer led to a successful model fit. Please try to use a different covariance structure or other covariates."
[1] "WHERE: C49, Eosinophils (percent)"
In Visit there are dropped visits: 49, 63.
 Additional attributes including contrasts are lost.
To avoid this behavior, make sure use `drop_visit_levels = FALSE`.
[1] "next, since analysis_df_factor is NA for Eosinophils (percent)"
[1] "WHERE: C36, Eosinophils (percent)"
In Visit there are dropped visits: 49, 63.
 Additional attributes including contrasts are lost.
To avoid this behavior, make sure use `drop_visit_levels = FALSE`.
[1] "EMMEANS WARNING FOR C36, Eosinophils (percent): Negative variance estimate obtained!"
[1] "EMMEANS/KR FAILED FOR C36, Eosinophils (percent): Assertion on 'df' failed: Element 1 is not >= 2.22507e-308."
[1] "WHERE: C36, Eosinophils (percent)"
In Visit there are dropped visits: 49, 56, 63, 70.
 Additional attributes including contrasts are lost.
To avoid this behavior, make sure use `drop_visit_levels = FALSE`.
[1] "MMRM FIT FAILED FOR C36, Eosinophils (percent): No optimizer led to a successful model fit. Please try to use a different covariance structure or other covariates."
[1] "NO PLOTTABLE DATA FOR C36, Eosinophils (percent)"
[1] "WHERE: 9, Eosinophils (percent)"
In Visit there are dropped visits: 49, 63.
 Additional attributes including contrasts are lost.
To avoid this behavior, make sure use `drop_visit_levels = FALSE`.
[1] "MMRM FIT FAILED FOR 9, Eosinophils (percent): No optimizer led to a successful model fit. Please try to use a different covariance structure or other covariates."
[1] "WHERE: 9, Eosinophils (percent)"
In Visit there are dropped visits: 49, 63.
 Additional attributes including contrasts are lost.
To avoid this behavior, make sure use `drop_visit_levels = FALSE`.
[1] "next, since analysis_df_factor is NA for Eosinophils (percent)"
[1] "FGF-21 (FGF-21)"
[1] "WHERE: X, FGF-21"
In Visit there are dropped visits: 49, 63.
 Additional attributes including contrasts are lost.
To avoid this behavior, make sure use `drop_visit_levels = FALSE`.
[1] "WHERE: X, FGF-21"
In Visit there are dropped visits: 49, 63.
 Additional attributes including contrasts are lost.
To avoid this behavior, make sure use `drop_visit_levels = FALSE`.
[1] "WHERE: C, FGF-21"
In Visit there are dropped visits: 49, 63.
 Additional attributes including contrasts are lost.
To avoid this behavior, make sure use `drop_visit_levels = FALSE`.
[1] "WHERE: C, FGF-21"
In Visit there are dropped visits: 49, 63.
 Additional attributes including contrasts are lost.
To avoid this behavior, make sure use `drop_visit_levels = FALSE`.
[1] "WHERE: A, FGF-21"
In Visit there are dropped visits: 49, 63.
 Additional attributes including contrasts are lost.
To avoid this behavior, make sure use `drop_visit_levels = FALSE`.
[1] "WHERE: A, FGF-21"
In Visit there are dropped visits: 49, 63.
 Additional attributes including contrasts are lost.
To avoid this behavior, make sure use `drop_visit_levels = FALSE`.
[1] "WHERE: C49, FGF-21"
In Visit there are dropped visits: 49, 63, 70.
 Additional attributes including contrasts are lost.
To avoid this behavior, make sure use `drop_visit_levels = FALSE`.
[1] "WHERE: C49, FGF-21"
In Visit there are dropped visits: 49, 63, 70.
 Additional attributes including contrasts are lost.
To avoid this behavior, make sure use `drop_visit_levels = FALSE`.
[1] "WHERE: C36, FGF-21"
In Visit there are dropped visits: 49, 63.
 Additional attributes including contrasts are lost.
To avoid this behavior, make sure use `drop_visit_levels = FALSE`.
[1] "WHERE: C36, FGF-21"
In Visit there are dropped visits: 49, 63.
 Additional attributes including contrasts are lost.
To avoid this behavior, make sure use `drop_visit_levels = FALSE`.
[1] "WHERE: 9, FGF-21"
In Visit there are dropped visits: 21, 49, 63, 70.
 Additional attributes including contrasts are lost.
To avoid this behavior, make sure use `drop_visit_levels = FALSE`.
[1] "WHERE: 9, FGF-21"
In Visit there are dropped visits: 7, 21, 35, 49, 63, 70.
 Additional attributes including contrasts are lost.
To avoid this behavior, make sure use `drop_visit_levels = FALSE`.
[1] "Fructosamine (Fructosamine)"
[1] "WHERE: X, Fructosamine"
In Visit there are dropped visits: 49, 63.
 Additional attributes including contrasts are lost.
To avoid this behavior, make sure use `drop_visit_levels = FALSE`.
[1] "WHERE: X, Fructosamine"
In Visit there are dropped visits: 49, 63.
 Additional attributes including contrasts are lost.
To avoid this behavior, make sure use `drop_visit_levels = FALSE`.
[1] "WHERE: C, Fructosamine"
In Visit there are dropped visits: 49, 63.
 Additional attributes including contrasts are lost.
To avoid this behavior, make sure use `drop_visit_levels = FALSE`.
[1] "WHERE: C, Fructosamine"
In Visit there are dropped visits: 49, 63.
 Additional attributes including contrasts are lost.
To avoid this behavior, make sure use `drop_visit_levels = FALSE`.
[1] "WHERE: A, Fructosamine"
In Visit there are dropped visits: 49, 63.
 Additional attributes including contrasts are lost.
To avoid this behavior, make sure use `drop_visit_levels = FALSE`.
[1] "WHERE: A, Fructosamine"
In Visit there are dropped visits: 49, 63, 70.
 Additional attributes including contrasts are lost.
To avoid this behavior, make sure use `drop_visit_levels = FALSE`.
[1] "MMRM FIT FAILED FOR A, Fructosamine: No optimizer led to a successful model fit. Please try to use a different covariance structure or other covariates."
[1] "next, since analysis_df_factor is NA for Fructosamine"
[1] "WHERE: C49, Fructosamine"
[1] "SKIP NO REASON OR EMPTY DATA FRAME FOR C49, Fructosamine with rowcount 0"
[1] "WHERE: C49, Fructosamine"
In Visit there are dropped visits: 49, 63, 70.
 Additional attributes including contrasts are lost.
To avoid this behavior, make sure use `drop_visit_levels = FALSE`.
[1] "next, since analysis_df_factor is NA for Fructosamine"
[1] "WHERE: C36, Fructosamine"
In Visit there are dropped visits: 49, 63.
 Additional attributes including contrasts are lost.
To avoid this behavior, make sure use `drop_visit_levels = FALSE`.
[1] "WHERE: C36, Fructosamine"
In Visit there are dropped visits: 49, 63.
 Additional attributes including contrasts are lost.
To avoid this behavior, make sure use `drop_visit_levels = FALSE`.
[1] "MMRM FIT FAILED FOR C36, Fructosamine: No optimizer led to a successful model fit. Please try to use a different covariance structure or other covariates."
[1] "next, since analysis_df_factor is NA for Fructosamine"
[1] "WHERE: 9, Fructosamine"
[1] "SKIP NO REASON OR EMPTY DATA FRAME FOR 9, Fructosamine with rowcount 0"
[1] "WHERE: 9, Fructosamine"
In Visit there are dropped visits: 7, 21, 35, 49, 63, 70.
 Additional attributes including contrasts are lost.
To avoid this behavior, make sure use `drop_visit_levels = FALSE`.
[1] "MMRM FIT FAILED FOR 9, Fructosamine: No optimizer led to a successful model fit. Please try to use a different covariance structure or other covariates."
[1] "NO PLOTTABLE DATA FOR 9, Fructosamine"
[1] "GGT - Gamma Glutamyl Transferase (GGT)"
[1] "WHERE: X, GGT - Gamma Glutamyl Transferase"
In Visit there are dropped visits: 49, 63.
 Additional attributes including contrasts are lost.
To avoid this behavior, make sure use `drop_visit_levels = FALSE`.
[1] "WHERE: X, GGT - Gamma Glutamyl Transferase"
In Visit there are dropped visits: 49, 63.
 Additional attributes including contrasts are lost.
To avoid this behavior, make sure use `drop_visit_levels = FALSE`.
[1] "WHERE: C, GGT - Gamma Glutamyl Transferase"
In Visit there are dropped visits: 49, 63.
 Additional attributes including contrasts are lost.
To avoid this behavior, make sure use `drop_visit_levels = FALSE`.
[1] "WHERE: C, GGT - Gamma Glutamyl Transferase"
In Visit there are dropped visits: 49, 63.
 Additional attributes including contrasts are lost.
To avoid this behavior, make sure use `drop_visit_levels = FALSE`.
[1] "WHERE: A, GGT - Gamma Glutamyl Transferase"
In Visit there are dropped visits: 49, 63.
 Additional attributes including contrasts are lost.
To avoid this behavior, make sure use `drop_visit_levels = FALSE`.
[1] "WHERE: A, GGT - Gamma Glutamyl Transferase"
In Visit there are dropped visits: 49, 63.
 Additional attributes including contrasts are lost.
To avoid this behavior, make sure use `drop_visit_levels = FALSE`.
[1] "WHERE: C49, GGT - Gamma Glutamyl Transferase"
In Visit there are dropped visits: 49, 63.
 Additional attributes including contrasts are lost.
To avoid this behavior, make sure use `drop_visit_levels = FALSE`.
[1] "WHERE: C49, GGT - Gamma Glutamyl Transferase"
In Visit there are dropped visits: 49, 63.
 Additional attributes including contrasts are lost.
To avoid this behavior, make sure use `drop_visit_levels = FALSE`.
[1] "WHERE: C36, GGT - Gamma Glutamyl Transferase"
In Visit there are dropped visits: 49, 63.
 Additional attributes including contrasts are lost.
To avoid this behavior, make sure use `drop_visit_levels = FALSE`.
[1] "WHERE: C36, GGT - Gamma Glutamyl Transferase"
In Visit there are dropped visits: 49, 63.
 Additional attributes including contrasts are lost.
To avoid this behavior, make sure use `drop_visit_levels = FALSE`.
[1] "WHERE: 9, GGT - Gamma Glutamyl Transferase"
In Visit there are dropped visits: 7, 21, 49, 63.
 Additional attributes including contrasts are lost.
To avoid this behavior, make sure use `drop_visit_levels = FALSE`.
[1] "WHERE: 9, GGT - Gamma Glutamyl Transferase"
In Visit there are dropped visits: 7, 21, 49, 63.
 Additional attributes including contrasts are lost.
To avoid this behavior, make sure use `drop_visit_levels = FALSE`.
[1] "Glucose (Glucose)"
[1] "WHERE: X, Glucose"
In Visit there are dropped visits: 49, 63.
 Additional attributes including contrasts are lost.
To avoid this behavior, make sure use `drop_visit_levels = FALSE`.
[1] "WHERE: X, Glucose"
In Visit there are dropped visits: 49, 63.
 Additional attributes including contrasts are lost.
To avoid this behavior, make sure use `drop_visit_levels = FALSE`.
[1] "WHERE: C, Glucose"
In Visit there are dropped visits: 49, 63.
 Additional attributes including contrasts are lost.
To avoid this behavior, make sure use `drop_visit_levels = FALSE`.
[1] "WHERE: C, Glucose"
In Visit there are dropped visits: 49, 63.
 Additional attributes including contrasts are lost.
To avoid this behavior, make sure use `drop_visit_levels = FALSE`.
[1] "WHERE: A, Glucose"
In Visit there are dropped visits: 49, 63.
 Additional attributes including contrasts are lost.
To avoid this behavior, make sure use `drop_visit_levels = FALSE`.
[1] "WHERE: A, Glucose"
In Visit there are dropped visits: 49, 63.
 Additional attributes including contrasts are lost.
To avoid this behavior, make sure use `drop_visit_levels = FALSE`.
[1] "WHERE: C49, Glucose"
In Visit there are dropped visits: 49, 63.
 Additional attributes including contrasts are lost.
To avoid this behavior, make sure use `drop_visit_levels = FALSE`.
[1] "WHERE: C49, Glucose"
In Visit there are dropped visits: 49, 63.
 Additional attributes including contrasts are lost.
To avoid this behavior, make sure use `drop_visit_levels = FALSE`.
[1] "WHERE: C36, Glucose"
In Visit there are dropped visits: 49, 63.
 Additional attributes including contrasts are lost.
To avoid this behavior, make sure use `drop_visit_levels = FALSE`.
[1] "WHERE: C36, Glucose"
In Visit there are dropped visits: 49, 63.
 Additional attributes including contrasts are lost.
To avoid this behavior, make sure use `drop_visit_levels = FALSE`.
[1] "WHERE: 9, Glucose"
In Visit there are dropped visits: 7, 21, 49, 63.
 Additional attributes including contrasts are lost.
To avoid this behavior, make sure use `drop_visit_levels = FALSE`.
[1] "WHERE: 9, Glucose"
In Visit there are dropped visits: 7, 21, 49, 63.
 Additional attributes including contrasts are lost.
To avoid this behavior, make sure use `drop_visit_levels = FALSE`.
[1] "GM-CSF (GM-CSF)"
[1] "WHERE: X, GM-CSF"
In Visit there are dropped visits: 49, 63.
 Additional attributes including contrasts are lost.
To avoid this behavior, make sure use `drop_visit_levels = FALSE`.
[1] "WHERE: X, GM-CSF"
In Visit there are dropped visits: 49, 63.
 Additional attributes including contrasts are lost.
To avoid this behavior, make sure use `drop_visit_levels = FALSE`.
[1] "WHERE: C, GM-CSF"
In Visit there are dropped visits: 28, 42, 49, 56, 63, 70.
 Additional attributes including contrasts are lost.
To avoid this behavior, make sure use `drop_visit_levels = FALSE`.
[1] "EMMEANS WARNING FOR C, GM-CSF: Negative variance estimate obtained!"
[1] "EMMEANS WARNING FOR C, GM-CSF: Negative variance estimate obtained!"
[1] "EMMEANS WARNING FOR C, GM-CSF: Negative variance estimate obtained!"
[1] "EMMEANS WARNING FOR C, GM-CSF: Negative variance estimate obtained!"
[1] "EMMEANS WARNING FOR C, GM-CSF: Negative variance estimate obtained!"
[1] "EMMEANS WARNING FOR C, GM-CSF: Negative variance estimate obtained!"
[1] "EMMEANS WARNING FOR C, GM-CSF: Negative variance estimate obtained!"
[1] "EMMEANS WARNING FOR C, GM-CSF: Negative variance estimate obtained!"
[1] "EMMEANS/KR FAILED FOR C, GM-CSF: Non-finite or negative SE in LS means"
[1] "WHERE: C, GM-CSF"
In Visit there are dropped visits: 49, 63.
 Additional attributes including contrasts are lost.
To avoid this behavior, make sure use `drop_visit_levels = FALSE`.
[1] "WHERE: A, GM-CSF"
In Visit there are dropped visits: 49, 63.
 Additional attributes including contrasts are lost.
To avoid this behavior, make sure use `drop_visit_levels = FALSE`.
[1] "WHERE: A, GM-CSF"
In Visit there are dropped visits: 49, 63.
 Additional attributes including contrasts are lost.
To avoid this behavior, make sure use `drop_visit_levels = FALSE`.
[1] "WHERE: C49, GM-CSF"
[1] "SKIP NO REASON OR EMPTY DATA FRAME FOR C49, GM-CSF with rowcount 0"
[1] "WHERE: C49, GM-CSF"
[1] "SKIP NO REASON OR EMPTY DATA FRAME FOR C49, GM-CSF with rowcount 0"
[1] "NO PLOTTABLE DATA FOR C49, GM-CSF"
[1] "WHERE: C36, GM-CSF"
In Visit there are dropped visits: 28, 42, 49, 56, 63, 70.
 Additional attributes including contrasts are lost.
To avoid this behavior, make sure use `drop_visit_levels = FALSE`.
[1] "EMMEANS WARNING FOR C36, GM-CSF: Negative variance estimate obtained!"
[1] "EMMEANS WARNING FOR C36, GM-CSF: Negative variance estimate obtained!"
[1] "EMMEANS WARNING FOR C36, GM-CSF: Negative variance estimate obtained!"
[1] "EMMEANS WARNING FOR C36, GM-CSF: Negative variance estimate obtained!"
[1] "EMMEANS WARNING FOR C36, GM-CSF: Negative variance estimate obtained!"
[1] "EMMEANS WARNING FOR C36, GM-CSF: Negative variance estimate obtained!"
[1] "EMMEANS WARNING FOR C36, GM-CSF: Negative variance estimate obtained!"
[1] "EMMEANS WARNING FOR C36, GM-CSF: Negative variance estimate obtained!"
[1] "EMMEANS/KR FAILED FOR C36, GM-CSF: Non-finite or negative SE in LS means"
[1] "WHERE: C36, GM-CSF"
In Visit there are dropped visits: 49, 63.
 Additional attributes including contrasts are lost.
To avoid this behavior, make sure use `drop_visit_levels = FALSE`.
[1] "WHERE: 9, GM-CSF"
[1] "SKIP NO REASON OR EMPTY DATA FRAME FOR 9, GM-CSF with rowcount 0"
[1] "WHERE: 9, GM-CSF"
[1] "SKIP NO REASON OR EMPTY DATA FRAME FOR 9, GM-CSF with rowcount 0"
[1] "NO PLOTTABLE DATA FOR 9, GM-CSF"
[1] "HbA1c (HbA1c)"
[1] "WHERE: X, HbA1c"
In Visit there are dropped visits: 84.
 Additional attributes including contrasts are lost.
To avoid this behavior, make sure use `drop_visit_levels = FALSE`.
[1] "WHERE: X, HbA1c"
In Visit there are dropped visits: 84.
 Additional attributes including contrasts are lost.
To avoid this behavior, make sure use `drop_visit_levels = FALSE`.
[1] "WHERE: C, HbA1c"
In Visit there are dropped visits: 84.
 Additional attributes including contrasts are lost.
To avoid this behavior, make sure use `drop_visit_levels = FALSE`.
[1] "WHERE: C, HbA1c"
In Visit there are dropped visits: 84.
 Additional attributes including contrasts are lost.
To avoid this behavior, make sure use `drop_visit_levels = FALSE`.
[1] "WHERE: A, HbA1c"
In Visit there are dropped visits: 84.
 Additional attributes including contrasts are lost.
To avoid this behavior, make sure use `drop_visit_levels = FALSE`.
[1] "WHERE: A, HbA1c"
In Visit there are dropped visits: 84.
 Additional attributes including contrasts are lost.
To avoid this behavior, make sure use `drop_visit_levels = FALSE`.
[1] "WHERE: C49, HbA1c"
In Visit there are dropped visits: 84.
 Additional attributes including contrasts are lost.
To avoid this behavior, make sure use `drop_visit_levels = FALSE`.
[1] "MMRM FIT FAILED FOR C49, HbA1c: No optimizer led to a successful model fit. Please try to use a different covariance structure or other covariates."
[1] "WHERE: C49, HbA1c"
In Visit there are dropped visits: 84.
 Additional attributes including contrasts are lost.
To avoid this behavior, make sure use `drop_visit_levels = FALSE`.
[1] "EMMEANS WARNING FOR C49, HbA1c: Negative variance estimate obtained!"
[1] "EMMEANS WARNING FOR C49, HbA1c: Negative variance estimate obtained!"
[1] "EMMEANS WARNING FOR C49, HbA1c: Negative variance estimate obtained!"
[1] "EMMEANS WARNING FOR C49, HbA1c: Negative variance estimate obtained!"
[1] "EMMEANS/KR FAILED FOR C49, HbA1c: Non-finite or negative SE in LS means"
[1] "NO PLOTTABLE DATA FOR C49, HbA1c"
[1] "WHERE: C36, HbA1c"
In Visit there are dropped visits: 84.
 Additional attributes including contrasts are lost.
To avoid this behavior, make sure use `drop_visit_levels = FALSE`.
[1] "WHERE: C36, HbA1c"
In Visit there are dropped visits: 84.
 Additional attributes including contrasts are lost.
To avoid this behavior, make sure use `drop_visit_levels = FALSE`.
[1] "WHERE: 9, HbA1c"
[1] "WHERE: 9, HbA1c"
[1] "NO PLOTTABLE DATA FOR 9, HbA1c"
[1] "HDL Cholesterol (HDL Cholesterol)"
[1] "WHERE: X, HDL Cholesterol"
In Visit there are dropped visits: 7, 21, 35, 49, 63.
 Additional attributes including contrasts are lost.
To avoid this behavior, make sure use `drop_visit_levels = FALSE`.
[1] "WHERE: X, HDL Cholesterol"
In Visit there are dropped visits: 7, 21, 35, 49, 63.
 Additional attributes including contrasts are lost.
To avoid this behavior, make sure use `drop_visit_levels = FALSE`.
[1] "WHERE: C, HDL Cholesterol"
In Visit there are dropped visits: 7, 21, 35, 49, 63.
 Additional attributes including contrasts are lost.
To avoid this behavior, make sure use `drop_visit_levels = FALSE`.
[1] "WHERE: C, HDL Cholesterol"
In Visit there are dropped visits: 7, 21, 35, 49, 63.
 Additional attributes including contrasts are lost.
To avoid this behavior, make sure use `drop_visit_levels = FALSE`.
[1] "WHERE: A, HDL Cholesterol"
In Visit there are dropped visits: 7, 21, 35, 49, 63.
 Additional attributes including contrasts are lost.
To avoid this behavior, make sure use `drop_visit_levels = FALSE`.
[1] "WHERE: A, HDL Cholesterol"
In Visit there are dropped visits: 7, 21, 35, 49, 63.
 Additional attributes including contrasts are lost.
To avoid this behavior, make sure use `drop_visit_levels = FALSE`.
[1] "WHERE: C49, HDL Cholesterol"
In Visit there are dropped visits: 7, 21, 35, 49, 63.
 Additional attributes including contrasts are lost.
To avoid this behavior, make sure use `drop_visit_levels = FALSE`.
[1] "WHERE: C49, HDL Cholesterol"
In Visit there are dropped visits: 7, 21, 35, 49, 63, 70.
 Additional attributes including contrasts are lost.
To avoid this behavior, make sure use `drop_visit_levels = FALSE`.
[1] "WHERE: C36, HDL Cholesterol"
In Visit there are dropped visits: 7, 21, 35, 49, 63.
 Additional attributes including contrasts are lost.
To avoid this behavior, make sure use `drop_visit_levels = FALSE`.
[1] "WHERE: C36, HDL Cholesterol"
In Visit there are dropped visits: 7, 21, 35, 49, 63.
 Additional attributes including contrasts are lost.
To avoid this behavior, make sure use `drop_visit_levels = FALSE`.
[1] "WHERE: 9, HDL Cholesterol"
In Visit there are dropped visits: 7, 14, 21, 35, 42, 49, 63, 70.
 Additional attributes including contrasts are lost.
To avoid this behavior, make sure use `drop_visit_levels = FALSE`.
[1] "WHERE: 9, HDL Cholesterol"
In Visit there are dropped visits: 7, 14, 21, 35, 42, 49, 63, 70.
 Additional attributes including contrasts are lost.
To avoid this behavior, make sure use `drop_visit_levels = FALSE`.
[1] "Hematocrit (Hematocrit)"
[1] "WHERE: X, Hematocrit"
In Visit there are dropped visits: 49, 63.
 Additional attributes including contrasts are lost.
To avoid this behavior, make sure use `drop_visit_levels = FALSE`.
[1] "WHERE: X, Hematocrit"
In Visit there are dropped visits: 49, 63.
 Additional attributes including contrasts are lost.
To avoid this behavior, make sure use `drop_visit_levels = FALSE`.
[1] "WHERE: C, Hematocrit"
In Visit there are dropped visits: 49, 63.
 Additional attributes including contrasts are lost.
To avoid this behavior, make sure use `drop_visit_levels = FALSE`.
[1] "WHERE: C, Hematocrit"
In Visit there are dropped visits: 49, 63.
 Additional attributes including contrasts are lost.
To avoid this behavior, make sure use `drop_visit_levels = FALSE`.
[1] "WHERE: A, Hematocrit"
In Visit there are dropped visits: 49, 63.
 Additional attributes including contrasts are lost.
To avoid this behavior, make sure use `drop_visit_levels = FALSE`.
[1] "WHERE: A, Hematocrit"
In Visit there are dropped visits: 49, 63.
 Additional attributes including contrasts are lost.
To avoid this behavior, make sure use `drop_visit_levels = FALSE`.
[1] "WHERE: C49, Hematocrit"
In Visit there are dropped visits: 49, 63.
 Additional attributes including contrasts are lost.
To avoid this behavior, make sure use `drop_visit_levels = FALSE`.
[1] "WHERE: C49, Hematocrit"
In Visit there are dropped visits: 49, 63.
 Additional attributes including contrasts are lost.
To avoid this behavior, make sure use `drop_visit_levels = FALSE`.
[1] "WHERE: C36, Hematocrit"
In Visit there are dropped visits: 49, 63.
 Additional attributes including contrasts are lost.
To avoid this behavior, make sure use `drop_visit_levels = FALSE`.
[1] "WHERE: C36, Hematocrit"
In Visit there are dropped visits: 49, 63.
 Additional attributes including contrasts are lost.
To avoid this behavior, make sure use `drop_visit_levels = FALSE`.
[1] "WHERE: 9, Hematocrit"
In Visit there are dropped visits: 49, 63.
 Additional attributes including contrasts are lost.
To avoid this behavior, make sure use `drop_visit_levels = FALSE`.
[1] "WHERE: 9, Hematocrit"
In Visit there are dropped visits: 49, 63.
 Additional attributes including contrasts are lost.
To avoid this behavior, make sure use `drop_visit_levels = FALSE`.
[1] "Hemoglobin (Hemoglobin)"
[1] "WHERE: X, Hemoglobin"
In Visit there are dropped visits: 49, 63.
 Additional attributes including contrasts are lost.
To avoid this behavior, make sure use `drop_visit_levels = FALSE`.
[1] "WHERE: X, Hemoglobin"
In Visit there are dropped visits: 49, 63.
 Additional attributes including contrasts are lost.
To avoid this behavior, make sure use `drop_visit_levels = FALSE`.
[1] "WHERE: C, Hemoglobin"
In Visit there are dropped visits: 49, 63.
 Additional attributes including contrasts are lost.
To avoid this behavior, make sure use `drop_visit_levels = FALSE`.
[1] "WHERE: C, Hemoglobin"
In Visit there are dropped visits: 49, 63.
 Additional attributes including contrasts are lost.
To avoid this behavior, make sure use `drop_visit_levels = FALSE`.
[1] "WHERE: A, Hemoglobin"
In Visit there are dropped visits: 49, 63.
 Additional attributes including contrasts are lost.
To avoid this behavior, make sure use `drop_visit_levels = FALSE`.
[1] "WHERE: A, Hemoglobin"
In Visit there are dropped visits: 49, 63.
 Additional attributes including contrasts are lost.
To avoid this behavior, make sure use `drop_visit_levels = FALSE`.
[1] "WHERE: C49, Hemoglobin"
In Visit there are dropped visits: 49, 63.
 Additional attributes including contrasts are lost.
To avoid this behavior, make sure use `drop_visit_levels = FALSE`.
[1] "WHERE: C49, Hemoglobin"
In Visit there are dropped visits: 49, 63.
 Additional attributes including contrasts are lost.
To avoid this behavior, make sure use `drop_visit_levels = FALSE`.
[1] "WHERE: C36, Hemoglobin"
In Visit there are dropped visits: 49, 63.
 Additional attributes including contrasts are lost.
To avoid this behavior, make sure use `drop_visit_levels = FALSE`.
[1] "WHERE: C36, Hemoglobin"
In Visit there are dropped visits: 49, 63.
 Additional attributes including contrasts are lost.
To avoid this behavior, make sure use `drop_visit_levels = FALSE`.
[1] "WHERE: 9, Hemoglobin"
In Visit there are dropped visits: 49, 63.
 Additional attributes including contrasts are lost.
To avoid this behavior, make sure use `drop_visit_levels = FALSE`.
[1] "WHERE: 9, Hemoglobin"
In Visit there are dropped visits: 49, 63.
 Additional attributes including contrasts are lost.
To avoid this behavior, make sure use `drop_visit_levels = FALSE`.
[1] "HOMA_IR (HOMA_IR)"
[1] "WHERE: X, HOMA_IR"
In Visit there are dropped visits: 49, 63.
 Additional attributes including contrasts are lost.
To avoid this behavior, make sure use `drop_visit_levels = FALSE`.
[1] "WHERE: X, HOMA_IR"
In Visit there are dropped visits: 49, 63.
 Additional attributes including contrasts are lost.
To avoid this behavior, make sure use `drop_visit_levels = FALSE`.
[1] "WHERE: C, HOMA_IR"
In Visit there are dropped visits: 49, 63.
 Additional attributes including contrasts are lost.
To avoid this behavior, make sure use `drop_visit_levels = FALSE`.
[1] "WHERE: C, HOMA_IR"
In Visit there are dropped visits: 49, 63.
 Additional attributes including contrasts are lost.
To avoid this behavior, make sure use `drop_visit_levels = FALSE`.
[1] "WHERE: A, HOMA_IR"
In Visit there are dropped visits: 49, 63.
 Additional attributes including contrasts are lost.
To avoid this behavior, make sure use `drop_visit_levels = FALSE`.
[1] "WHERE: A, HOMA_IR"
In Visit there are dropped visits: 49, 63.
 Additional attributes including contrasts are lost.
To avoid this behavior, make sure use `drop_visit_levels = FALSE`.
[1] "WHERE: C49, HOMA_IR"
In Visit there are dropped visits: 7, 21, 35, 49, 63, 70.
 Additional attributes including contrasts are lost.
To avoid this behavior, make sure use `drop_visit_levels = FALSE`.
[1] "WHERE: C49, HOMA_IR"
In Visit there are dropped visits: 7, 21, 35, 49, 63, 70.
 Additional attributes including contrasts are lost.
To avoid this behavior, make sure use `drop_visit_levels = FALSE`.
[1] "WHERE: C36, HOMA_IR"
In Visit there are dropped visits: 49, 63.
 Additional attributes including contrasts are lost.
To avoid this behavior, make sure use `drop_visit_levels = FALSE`.
[1] "WHERE: C36, HOMA_IR"
In Visit there are dropped visits: 49, 63.
 Additional attributes including contrasts are lost.
To avoid this behavior, make sure use `drop_visit_levels = FALSE`.
[1] "WHERE: 9, HOMA_IR"
In Visit there are dropped visits: 7, 21, 35, 49, 63, 70.
 Additional attributes including contrasts are lost.
To avoid this behavior, make sure use `drop_visit_levels = FALSE`.
[1] "WHERE: 9, HOMA_IR"
In Visit there are dropped visits: 7, 21, 35, 49, 63, 70.
 Additional attributes including contrasts are lost.
To avoid this behavior, make sure use `drop_visit_levels = FALSE`.
[1] "IGF-1 (IGF-1)"
[1] "WHERE: X, IGF-1"
In Visit there are dropped visits: 49, 63.
 Additional attributes including contrasts are lost.
To avoid this behavior, make sure use `drop_visit_levels = FALSE`.
[1] "WHERE: X, IGF-1"
In Visit there are dropped visits: 49, 63.
 Additional attributes including contrasts are lost.
To avoid this behavior, make sure use `drop_visit_levels = FALSE`.
[1] "WHERE: C, IGF-1"
In Visit there are dropped visits: 49, 63.
 Additional attributes including contrasts are lost.
To avoid this behavior, make sure use `drop_visit_levels = FALSE`.
[1] "WHERE: C, IGF-1"
In Visit there are dropped visits: 49, 63.
 Additional attributes including contrasts are lost.
To avoid this behavior, make sure use `drop_visit_levels = FALSE`.
[1] "WHERE: A, IGF-1"
In Visit there are dropped visits: 49, 63.
 Additional attributes including contrasts are lost.
To avoid this behavior, make sure use `drop_visit_levels = FALSE`.
[1] "WHERE: A, IGF-1"
In Visit there are dropped visits: 49, 63.
 Additional attributes including contrasts are lost.
To avoid this behavior, make sure use `drop_visit_levels = FALSE`.
[1] "WHERE: C49, IGF-1"
In Visit there are dropped visits: 49, 63, 70.
 Additional attributes including contrasts are lost.
To avoid this behavior, make sure use `drop_visit_levels = FALSE`.
[1] "WHERE: C49, IGF-1"
In Visit there are dropped visits: 49, 63, 70.
 Additional attributes including contrasts are lost.
To avoid this behavior, make sure use `drop_visit_levels = FALSE`.
[1] "WHERE: C36, IGF-1"
In Visit there are dropped visits: 49, 63.
 Additional attributes including contrasts are lost.
To avoid this behavior, make sure use `drop_visit_levels = FALSE`.
[1] "WHERE: C36, IGF-1"
In Visit there are dropped visits: 49, 63.
 Additional attributes including contrasts are lost.
To avoid this behavior, make sure use `drop_visit_levels = FALSE`.
[1] "WHERE: 9, IGF-1"
In Visit there are dropped visits: 21, 49, 63, 70.
 Additional attributes including contrasts are lost.
To avoid this behavior, make sure use `drop_visit_levels = FALSE`.
[1] "WHERE: 9, IGF-1"
In Visit there are dropped visits: 7, 21, 35, 49, 63, 70.
 Additional attributes including contrasts are lost.
To avoid this behavior, make sure use `drop_visit_levels = FALSE`.
[1] "IL-10 (IL-10)"
[1] "WHERE: X, IL-10"
In Visit there are dropped visits: 49, 63.
 Additional attributes including contrasts are lost.
To avoid this behavior, make sure use `drop_visit_levels = FALSE`.
[1] "WHERE: X, IL-10"
In Visit there are dropped visits: 49, 63.
 Additional attributes including contrasts are lost.
To avoid this behavior, make sure use `drop_visit_levels = FALSE`.
[1] "WHERE: C, IL-10"
In Visit there are dropped visits: 28, 42, 49, 56, 63, 70.
 Additional attributes including contrasts are lost.
To avoid this behavior, make sure use `drop_visit_levels = FALSE`.
[1] "MMRM FIT FAILED FOR C, IL-10: No optimizer led to a successful model fit. Please try to use a different covariance structure or other covariates."
[1] "WHERE: C, IL-10"
In Visit there are dropped visits: 49, 63.
 Additional attributes including contrasts are lost.
To avoid this behavior, make sure use `drop_visit_levels = FALSE`.
[1] "next, since analysis_df_factor is NA for IL-10"
[1] "WHERE: A, IL-10"
In Visit there are dropped visits: 49, 63.
 Additional attributes including contrasts are lost.
To avoid this behavior, make sure use `drop_visit_levels = FALSE`.
[1] "WHERE: A, IL-10"
In Visit there are dropped visits: 49, 63.
 Additional attributes including contrasts are lost.
To avoid this behavior, make sure use `drop_visit_levels = FALSE`.
[1] "WHERE: C49, IL-10"
[1] "SKIP NO REASON OR EMPTY DATA FRAME FOR C49, IL-10 with rowcount 0"
[1] "WHERE: C49, IL-10"
[1] "SKIP NO REASON OR EMPTY DATA FRAME FOR C49, IL-10 with rowcount 0"
[1] "NO PLOTTABLE DATA FOR C49, IL-10"
[1] "WHERE: C36, IL-10"
In Visit there are dropped visits: 28, 42, 49, 56, 63, 70.
 Additional attributes including contrasts are lost.
To avoid this behavior, make sure use `drop_visit_levels = FALSE`.
[1] "MMRM FIT FAILED FOR C36, IL-10: No optimizer led to a successful model fit. Please try to use a different covariance structure or other covariates."
[1] "WHERE: C36, IL-10"
In Visit there are dropped visits: 49, 63.
 Additional attributes including contrasts are lost.
To avoid this behavior, make sure use `drop_visit_levels = FALSE`.
[1] "next, since analysis_df_factor is NA for IL-10"
[1] "WHERE: 9, IL-10"
[1] "SKIP NO REASON OR EMPTY DATA FRAME FOR 9, IL-10 with rowcount 0"
[1] "WHERE: 9, IL-10"
[1] "SKIP NO REASON OR EMPTY DATA FRAME FOR 9, IL-10 with rowcount 0"
[1] "NO PLOTTABLE DATA FOR 9, IL-10"
[1] "IL-5 (IL-5)"
[1] "WHERE: X, IL-5"
In Visit there are dropped visits: 49, 63.
 Additional attributes including contrasts are lost.
To avoid this behavior, make sure use `drop_visit_levels = FALSE`.
[1] "WHERE: X, IL-5"
In Visit there are dropped visits: 49, 63.
 Additional attributes including contrasts are lost.
To avoid this behavior, make sure use `drop_visit_levels = FALSE`.
[1] "WHERE: C, IL-5"
In Visit there are dropped visits: 28, 42, 49, 56, 63, 70.
 Additional attributes including contrasts are lost.
To avoid this behavior, make sure use `drop_visit_levels = FALSE`.
[1] "MMRM FIT FAILED FOR C, IL-5: No optimizer led to a successful model fit. Please try to use a different covariance structure or other covariates."
[1] "WHERE: C, IL-5"
In Visit there are dropped visits: 7, 49, 63.
 Additional attributes including contrasts are lost.
To avoid this behavior, make sure use `drop_visit_levels = FALSE`.
[1] "next, since analysis_df_factor is NA for IL-5"
[1] "WHERE: A, IL-5"
In Visit there are dropped visits: 49, 63.
 Additional attributes including contrasts are lost.
To avoid this behavior, make sure use `drop_visit_levels = FALSE`.
[1] "WHERE: A, IL-5"
In Visit there are dropped visits: 49, 63, 70.
 Additional attributes including contrasts are lost.
To avoid this behavior, make sure use `drop_visit_levels = FALSE`.
[1] "WHERE: C49, IL-5"
[1] "SKIP NO REASON OR EMPTY DATA FRAME FOR C49, IL-5 with rowcount 0"
[1] "WHERE: C49, IL-5"
[1] "SKIP NO REASON OR EMPTY DATA FRAME FOR C49, IL-5 with rowcount 0"
[1] "NO PLOTTABLE DATA FOR C49, IL-5"
[1] "WHERE: C36, IL-5"
In Visit there are dropped visits: 28, 42, 49, 56, 63, 70.
 Additional attributes including contrasts are lost.
To avoid this behavior, make sure use `drop_visit_levels = FALSE`.
[1] "MMRM FIT FAILED FOR C36, IL-5: No optimizer led to a successful model fit. Please try to use a different covariance structure or other covariates."
[1] "WHERE: C36, IL-5"
In Visit there are dropped visits: 7, 49, 63.
 Additional attributes including contrasts are lost.
To avoid this behavior, make sure use `drop_visit_levels = FALSE`.
[1] "next, since analysis_df_factor is NA for IL-5"
[1] "WHERE: 9, IL-5"
[1] "SKIP NO REASON OR EMPTY DATA FRAME FOR 9, IL-5 with rowcount 0"
[1] "WHERE: 9, IL-5"
[1] "SKIP NO REASON OR EMPTY DATA FRAME FOR 9, IL-5 with rowcount 0"
[1] "NO PLOTTABLE DATA FOR 9, IL-5"
[1] "INR - International Normalized Ratio (INR)"
[1] "WHERE: X, INR - International Normalized Ratio"
In Visit there are dropped visits: 7, 21, 35, 42, 49, 63, 70.
 Additional attributes including contrasts are lost.
To avoid this behavior, make sure use `drop_visit_levels = FALSE`.
[1] "WHERE: X, INR - International Normalized Ratio"
In Visit there are dropped visits: 7, 21, 35, 42, 49, 63, 70.
 Additional attributes including contrasts are lost.
To avoid this behavior, make sure use `drop_visit_levels = FALSE`.
[1] "WHERE: C, INR - International Normalized Ratio"
In Visit there are dropped visits: 7, 21, 35, 42, 49, 63, 70.
 Additional attributes including contrasts are lost.
To avoid this behavior, make sure use `drop_visit_levels = FALSE`.
[1] "WHERE: C, INR - International Normalized Ratio"
In Visit there are dropped visits: 7, 21, 35, 42, 49, 63, 70.
 Additional attributes including contrasts are lost.
To avoid this behavior, make sure use `drop_visit_levels = FALSE`.
[1] "WHERE: A, INR - International Normalized Ratio"
In Visit there are dropped visits: 7, 21, 35, 42, 49, 63, 70.
 Additional attributes including contrasts are lost.
To avoid this behavior, make sure use `drop_visit_levels = FALSE`.
[1] "WHERE: A, INR - International Normalized Ratio"
In Visit there are dropped visits: 7, 21, 35, 42, 49, 63, 70.
 Additional attributes including contrasts are lost.
To avoid this behavior, make sure use `drop_visit_levels = FALSE`.
[1] "MMRM FIT FAILED FOR A, INR - International Normalized Ratio: No optimizer led to a successful model fit. Please try to use a different covariance structure or other covariates."
[1] "next, since analysis_df_factor is NA for INR - International Normalized Ratio"
[1] "WHERE: C49, INR - International Normalized Ratio"
In Visit there are dropped visits: 7, 21, 35, 42, 49, 63, 70.
 Additional attributes including contrasts are lost.
To avoid this behavior, make sure use `drop_visit_levels = FALSE`.
[1] "WHERE: C49, INR - International Normalized Ratio"
In Visit there are dropped visits: 7, 21, 35, 42, 49, 63, 70.
 Additional attributes including contrasts are lost.
To avoid this behavior, make sure use `drop_visit_levels = FALSE`.
[1] "WHERE: C36, INR - International Normalized Ratio"
In Visit there are dropped visits: 7, 21, 35, 42, 49, 63, 70.
 Additional attributes including contrasts are lost.
To avoid this behavior, make sure use `drop_visit_levels = FALSE`.
[1] "WHERE: C36, INR - International Normalized Ratio"
In Visit there are dropped visits: 7, 21, 35, 42, 49, 63, 70.
 Additional attributes including contrasts are lost.
To avoid this behavior, make sure use `drop_visit_levels = FALSE`.
[1] "WHERE: 9, INR - International Normalized Ratio"
In Visit there are dropped visits: 7, 21, 35, 42, 49, 63, 70.
 Additional attributes including contrasts are lost.
To avoid this behavior, make sure use `drop_visit_levels = FALSE`.
[1] "WHERE: 9, INR - International Normalized Ratio"
In Visit there are dropped visits: 7, 21, 35, 42, 49, 63, 70.
 Additional attributes including contrasts are lost.
To avoid this behavior, make sure use `drop_visit_levels = FALSE`.
[1] "MMRM FIT FAILED FOR 9, INR - International Normalized Ratio: No optimizer led to a successful model fit. Please try to use a different covariance structure or other covariates."
[1] "next, since analysis_df_factor is NA for INR - International Normalized Ratio"
[1] "Insulin (Insulin)"
[1] "WHERE: X, Insulin"
In Visit there are dropped visits: 49, 63.
 Additional attributes including contrasts are lost.
To avoid this behavior, make sure use `drop_visit_levels = FALSE`.
[1] "WHERE: X, Insulin"
In Visit there are dropped visits: 49, 63.
 Additional attributes including contrasts are lost.
To avoid this behavior, make sure use `drop_visit_levels = FALSE`.
[1] "WHERE: C, Insulin"
In Visit there are dropped visits: 49, 63.
 Additional attributes including contrasts are lost.
To avoid this behavior, make sure use `drop_visit_levels = FALSE`.
[1] "WHERE: C, Insulin"
In Visit there are dropped visits: 49, 63.
 Additional attributes including contrasts are lost.
To avoid this behavior, make sure use `drop_visit_levels = FALSE`.
[1] "WHERE: A, Insulin"
In Visit there are dropped visits: 49, 63.
 Additional attributes including contrasts are lost.
To avoid this behavior, make sure use `drop_visit_levels = FALSE`.
[1] "WHERE: A, Insulin"
In Visit there are dropped visits: 49, 63.
 Additional attributes including contrasts are lost.
To avoid this behavior, make sure use `drop_visit_levels = FALSE`.
[1] "WHERE: C49, Insulin"
In Visit there are dropped visits: 49, 63, 70.
 Additional attributes including contrasts are lost.
To avoid this behavior, make sure use `drop_visit_levels = FALSE`.
[1] "WHERE: C49, Insulin"
In Visit there are dropped visits: 49, 63, 70.
 Additional attributes including contrasts are lost.
To avoid this behavior, make sure use `drop_visit_levels = FALSE`.
[1] "WHERE: C36, Insulin"
In Visit there are dropped visits: 49, 63.
 Additional attributes including contrasts are lost.
To avoid this behavior, make sure use `drop_visit_levels = FALSE`.
[1] "WHERE: C36, Insulin"
In Visit there are dropped visits: 49, 63.
 Additional attributes including contrasts are lost.
To avoid this behavior, make sure use `drop_visit_levels = FALSE`.
[1] "WHERE: 9, Insulin"
In Visit there are dropped visits: 7, 21, 35, 49, 63, 70.
 Additional attributes including contrasts are lost.
To avoid this behavior, make sure use `drop_visit_levels = FALSE`.
[1] "WHERE: 9, Insulin"
In Visit there are dropped visits: 7, 21, 35, 49, 63, 70.
 Additional attributes including contrasts are lost.
To avoid this behavior, make sure use `drop_visit_levels = FALSE`.
[1] "LAR (LAR)"
[1] "WHERE: X, LAR"
In Visit there are dropped visits: 49, 63.
 Additional attributes including contrasts are lost.
To avoid this behavior, make sure use `drop_visit_levels = FALSE`.
[1] "WHERE: X, LAR"
In Visit there are dropped visits: 49, 63.
 Additional attributes including contrasts are lost.
To avoid this behavior, make sure use `drop_visit_levels = FALSE`.
[1] "WHERE: C, LAR"
In Visit there are dropped visits: 49, 63.
 Additional attributes including contrasts are lost.
To avoid this behavior, make sure use `drop_visit_levels = FALSE`.
[1] "WHERE: C, LAR"
In Visit there are dropped visits: 49, 63.
 Additional attributes including contrasts are lost.
To avoid this behavior, make sure use `drop_visit_levels = FALSE`.
[1] "WHERE: A, LAR"
In Visit there are dropped visits: 49, 63.
 Additional attributes including contrasts are lost.
To avoid this behavior, make sure use `drop_visit_levels = FALSE`.
[1] "WHERE: A, LAR"
In Visit there are dropped visits: 49, 63.
 Additional attributes including contrasts are lost.
To avoid this behavior, make sure use `drop_visit_levels = FALSE`.
[1] "WHERE: C49, LAR"
In Visit there are dropped visits: 49, 63, 70.
 Additional attributes including contrasts are lost.
To avoid this behavior, make sure use `drop_visit_levels = FALSE`.
[1] "WHERE: C49, LAR"
In Visit there are dropped visits: 49, 63, 70.
 Additional attributes including contrasts are lost.
To avoid this behavior, make sure use `drop_visit_levels = FALSE`.
[1] "WHERE: C36, LAR"
In Visit there are dropped visits: 49, 63.
 Additional attributes including contrasts are lost.
To avoid this behavior, make sure use `drop_visit_levels = FALSE`.
[1] "WHERE: C36, LAR"
In Visit there are dropped visits: 49, 63.
 Additional attributes including contrasts are lost.
To avoid this behavior, make sure use `drop_visit_levels = FALSE`.
[1] "WHERE: 9, LAR"
In Visit there are dropped visits: 21, 49, 63, 70.
 Additional attributes including contrasts are lost.
To avoid this behavior, make sure use `drop_visit_levels = FALSE`.
[1] "WHERE: 9, LAR"
In Visit there are dropped visits: 7, 21, 35, 49, 63, 70.
 Additional attributes including contrasts are lost.
To avoid this behavior, make sure use `drop_visit_levels = FALSE`.
[1] "LDH - Lactate dehydrogenase (LDH)"
[1] "WHERE: X, LDH - Lactate dehydrogenase"
In Visit there are dropped visits: 49, 63.
 Additional attributes including contrasts are lost.
To avoid this behavior, make sure use `drop_visit_levels = FALSE`.
[1] "WHERE: X, LDH - Lactate dehydrogenase"
In Visit there are dropped visits: 49, 63.
 Additional attributes including contrasts are lost.
To avoid this behavior, make sure use `drop_visit_levels = FALSE`.
[1] "WHERE: C, LDH - Lactate dehydrogenase"
In Visit there are dropped visits: 49, 63.
 Additional attributes including contrasts are lost.
To avoid this behavior, make sure use `drop_visit_levels = FALSE`.
[1] "WHERE: C, LDH - Lactate dehydrogenase"
In Visit there are dropped visits: 49, 63.
 Additional attributes including contrasts are lost.
To avoid this behavior, make sure use `drop_visit_levels = FALSE`.
[1] "WHERE: A, LDH - Lactate dehydrogenase"
In Visit there are dropped visits: 49, 63.
 Additional attributes including contrasts are lost.
To avoid this behavior, make sure use `drop_visit_levels = FALSE`.
[1] "WHERE: A, LDH - Lactate dehydrogenase"
In Visit there are dropped visits: 49, 63.
 Additional attributes including contrasts are lost.
To avoid this behavior, make sure use `drop_visit_levels = FALSE`.
[1] "WHERE: C49, LDH - Lactate dehydrogenase"
In Visit there are dropped visits: 49, 63.
 Additional attributes including contrasts are lost.
To avoid this behavior, make sure use `drop_visit_levels = FALSE`.
[1] "WHERE: C49, LDH - Lactate dehydrogenase"
In Visit there are dropped visits: 49, 63.
 Additional attributes including contrasts are lost.
To avoid this behavior, make sure use `drop_visit_levels = FALSE`.
[1] "WHERE: C36, LDH - Lactate dehydrogenase"
In Visit there are dropped visits: 49, 63.
 Additional attributes including contrasts are lost.
To avoid this behavior, make sure use `drop_visit_levels = FALSE`.
[1] "WHERE: C36, LDH - Lactate dehydrogenase"
In Visit there are dropped visits: 49, 63.
 Additional attributes including contrasts are lost.
To avoid this behavior, make sure use `drop_visit_levels = FALSE`.
[1] "WHERE: 9, LDH - Lactate dehydrogenase"
In Visit there are dropped visits: 7, 21, 49, 63.
 Additional attributes including contrasts are lost.
To avoid this behavior, make sure use `drop_visit_levels = FALSE`.
[1] "WHERE: 9, LDH - Lactate dehydrogenase"
In Visit there are dropped visits: 7, 21, 49, 63.
 Additional attributes including contrasts are lost.
To avoid this behavior, make sure use `drop_visit_levels = FALSE`.
[1] "LDL Cholesterol (LDL Cholesterol)"
[1] "WHERE: X, LDL Cholesterol"
In Visit there are dropped visits: 7, 21, 35, 49, 63.
 Additional attributes including contrasts are lost.
To avoid this behavior, make sure use `drop_visit_levels = FALSE`.
[1] "WHERE: X, LDL Cholesterol"
In Visit there are dropped visits: 7, 21, 35, 49, 63.
 Additional attributes including contrasts are lost.
To avoid this behavior, make sure use `drop_visit_levels = FALSE`.
[1] "WHERE: C, LDL Cholesterol"
In Visit there are dropped visits: 7, 21, 35, 49, 63.
 Additional attributes including contrasts are lost.
To avoid this behavior, make sure use `drop_visit_levels = FALSE`.
[1] "WHERE: C, LDL Cholesterol"
In Visit there are dropped visits: 7, 21, 35, 49, 63.
 Additional attributes including contrasts are lost.
To avoid this behavior, make sure use `drop_visit_levels = FALSE`.
[1] "WHERE: A, LDL Cholesterol"
In Visit there are dropped visits: 7, 21, 35, 49, 63.
 Additional attributes including contrasts are lost.
To avoid this behavior, make sure use `drop_visit_levels = FALSE`.
[1] "WHERE: A, LDL Cholesterol"
In Visit there are dropped visits: 7, 21, 35, 49, 63.
 Additional attributes including contrasts are lost.
To avoid this behavior, make sure use `drop_visit_levels = FALSE`.
[1] "WHERE: C49, LDL Cholesterol"
In Visit there are dropped visits: 7, 21, 35, 49, 63.
 Additional attributes including contrasts are lost.
To avoid this behavior, make sure use `drop_visit_levels = FALSE`.
[1] "WHERE: C49, LDL Cholesterol"
In Visit there are dropped visits: 7, 21, 35, 49, 63, 70.
 Additional attributes including contrasts are lost.
To avoid this behavior, make sure use `drop_visit_levels = FALSE`.
[1] "WHERE: C36, LDL Cholesterol"
In Visit there are dropped visits: 7, 21, 35, 49, 63.
 Additional attributes including contrasts are lost.
To avoid this behavior, make sure use `drop_visit_levels = FALSE`.
[1] "WHERE: C36, LDL Cholesterol"
In Visit there are dropped visits: 7, 21, 35, 49, 63.
 Additional attributes including contrasts are lost.
To avoid this behavior, make sure use `drop_visit_levels = FALSE`.
[1] "WHERE: 9, LDL Cholesterol"
In Visit there are dropped visits: 7, 14, 21, 35, 42, 49, 63, 70.
 Additional attributes including contrasts are lost.
To avoid this behavior, make sure use `drop_visit_levels = FALSE`.
[1] "WHERE: 9, LDL Cholesterol"
In Visit there are dropped visits: 7, 14, 21, 35, 42, 49, 63, 70.
 Additional attributes including contrasts are lost.
To avoid this behavior, make sure use `drop_visit_levels = FALSE`.
[1] "Leptin (Leptin)"
[1] "WHERE: X, Leptin"
In Visit there are dropped visits: 49, 63.
 Additional attributes including contrasts are lost.
To avoid this behavior, make sure use `drop_visit_levels = FALSE`.
[1] "WHERE: X, Leptin"
In Visit there are dropped visits: 49, 63.
 Additional attributes including contrasts are lost.
To avoid this behavior, make sure use `drop_visit_levels = FALSE`.
[1] "WHERE: C, Leptin"
In Visit there are dropped visits: 49, 63.
 Additional attributes including contrasts are lost.
To avoid this behavior, make sure use `drop_visit_levels = FALSE`.
[1] "WHERE: C, Leptin"
In Visit there are dropped visits: 49, 63.
 Additional attributes including contrasts are lost.
To avoid this behavior, make sure use `drop_visit_levels = FALSE`.
[1] "WHERE: A, Leptin"
In Visit there are dropped visits: 49, 63.
 Additional attributes including contrasts are lost.
To avoid this behavior, make sure use `drop_visit_levels = FALSE`.
[1] "WHERE: A, Leptin"
In Visit there are dropped visits: 49, 63.
 Additional attributes including contrasts are lost.
To avoid this behavior, make sure use `drop_visit_levels = FALSE`.
[1] "WHERE: C49, Leptin"
In Visit there are dropped visits: 49, 63, 70.
 Additional attributes including contrasts are lost.
To avoid this behavior, make sure use `drop_visit_levels = FALSE`.
[1] "WHERE: C49, Leptin"
In Visit there are dropped visits: 49, 63, 70.
 Additional attributes including contrasts are lost.
To avoid this behavior, make sure use `drop_visit_levels = FALSE`.
[1] "WHERE: C36, Leptin"
In Visit there are dropped visits: 49, 63.
 Additional attributes including contrasts are lost.
To avoid this behavior, make sure use `drop_visit_levels = FALSE`.
[1] "WHERE: C36, Leptin"
In Visit there are dropped visits: 49, 63.
 Additional attributes including contrasts are lost.
To avoid this behavior, make sure use `drop_visit_levels = FALSE`.
[1] "WHERE: 9, Leptin"
In Visit there are dropped visits: 21, 49, 63, 70.
 Additional attributes including contrasts are lost.
To avoid this behavior, make sure use `drop_visit_levels = FALSE`.
[1] "WHERE: 9, Leptin"
In Visit there are dropped visits: 7, 21, 35, 49, 63, 70.
 Additional attributes including contrasts are lost.
To avoid this behavior, make sure use `drop_visit_levels = FALSE`.
[1] "Lipase (Lipase)"
[1] "WHERE: X, Lipase"
In Visit there are dropped visits: 49, 63.
 Additional attributes including contrasts are lost.
To avoid this behavior, make sure use `drop_visit_levels = FALSE`.
[1] "WHERE: X, Lipase"
In Visit there are dropped visits: 49, 63.
 Additional attributes including contrasts are lost.
To avoid this behavior, make sure use `drop_visit_levels = FALSE`.
[1] "WHERE: C, Lipase"
In Visit there are dropped visits: 49, 63.
 Additional attributes including contrasts are lost.
To avoid this behavior, make sure use `drop_visit_levels = FALSE`.
[1] "WHERE: C, Lipase"
In Visit there are dropped visits: 49, 63.
 Additional attributes including contrasts are lost.
To avoid this behavior, make sure use `drop_visit_levels = FALSE`.
[1] "WHERE: A, Lipase"
In Visit there are dropped visits: 49, 63.
 Additional attributes including contrasts are lost.
To avoid this behavior, make sure use `drop_visit_levels = FALSE`.
[1] "WHERE: A, Lipase"
In Visit there are dropped visits: 49, 63.
 Additional attributes including contrasts are lost.
To avoid this behavior, make sure use `drop_visit_levels = FALSE`.
[1] "WHERE: C49, Lipase"
In Visit there are dropped visits: 49, 63.
 Additional attributes including contrasts are lost.
To avoid this behavior, make sure use `drop_visit_levels = FALSE`.
[1] "WHERE: C49, Lipase"
In Visit there are dropped visits: 49, 63.
 Additional attributes including contrasts are lost.
To avoid this behavior, make sure use `drop_visit_levels = FALSE`.
[1] "WHERE: C36, Lipase"
In Visit there are dropped visits: 49, 63.
 Additional attributes including contrasts are lost.
To avoid this behavior, make sure use `drop_visit_levels = FALSE`.
[1] "WHERE: C36, Lipase"
In Visit there are dropped visits: 49, 63.
 Additional attributes including contrasts are lost.
To avoid this behavior, make sure use `drop_visit_levels = FALSE`.
[1] "WHERE: 9, Lipase"
In Visit there are dropped visits: 7, 21, 49, 63.
 Additional attributes including contrasts are lost.
To avoid this behavior, make sure use `drop_visit_levels = FALSE`.
[1] "WHERE: 9, Lipase"
In Visit there are dropped visits: 7, 21, 49, 63.
 Additional attributes including contrasts are lost.
To avoid this behavior, make sure use `drop_visit_levels = FALSE`.
[1] "Lymphocytes (absolute) (Lymphocytes (abs))"
[1] "WHERE: X, Lymphocytes (absolute)"
In Visit there are dropped visits: 49, 63.
 Additional attributes including contrasts are lost.
To avoid this behavior, make sure use `drop_visit_levels = FALSE`.
[1] "WHERE: X, Lymphocytes (absolute)"
In Visit there are dropped visits: 49, 63.
 Additional attributes including contrasts are lost.
To avoid this behavior, make sure use `drop_visit_levels = FALSE`.
[1] "WHERE: C, Lymphocytes (absolute)"
In Visit there are dropped visits: 49, 63.
 Additional attributes including contrasts are lost.
To avoid this behavior, make sure use `drop_visit_levels = FALSE`.
[1] "WHERE: C, Lymphocytes (absolute)"
In Visit there are dropped visits: 49, 63.
 Additional attributes including contrasts are lost.
To avoid this behavior, make sure use `drop_visit_levels = FALSE`.
[1] "WHERE: A, Lymphocytes (absolute)"
In Visit there are dropped visits: 49, 63.
 Additional attributes including contrasts are lost.
To avoid this behavior, make sure use `drop_visit_levels = FALSE`.
[1] "WHERE: A, Lymphocytes (absolute)"
In Visit there are dropped visits: 49, 63.
 Additional attributes including contrasts are lost.
To avoid this behavior, make sure use `drop_visit_levels = FALSE`.
[1] "WHERE: C49, Lymphocytes (absolute)"
In Visit there are dropped visits: 49, 63.
 Additional attributes including contrasts are lost.
To avoid this behavior, make sure use `drop_visit_levels = FALSE`.
[1] "WHERE: C49, Lymphocytes (absolute)"
In Visit there are dropped visits: 49, 63.
 Additional attributes including contrasts are lost.
To avoid this behavior, make sure use `drop_visit_levels = FALSE`.
[1] "WHERE: C36, Lymphocytes (absolute)"
In Visit there are dropped visits: 49, 63.
 Additional attributes including contrasts are lost.
To avoid this behavior, make sure use `drop_visit_levels = FALSE`.
[1] "WHERE: C36, Lymphocytes (absolute)"
In Visit there are dropped visits: 49, 63.
 Additional attributes including contrasts are lost.
To avoid this behavior, make sure use `drop_visit_levels = FALSE`.
[1] "WHERE: 9, Lymphocytes (absolute)"
In Visit there are dropped visits: 49, 63.
 Additional attributes including contrasts are lost.
To avoid this behavior, make sure use `drop_visit_levels = FALSE`.
[1] "WHERE: 9, Lymphocytes (absolute)"
In Visit there are dropped visits: 49, 63.
 Additional attributes including contrasts are lost.
To avoid this behavior, make sure use `drop_visit_levels = FALSE`.
[1] "Lymphocytes (percent) (Lymphocytes (%))"
[1] "WHERE: X, Lymphocytes (percent)"
In Visit there are dropped visits: 49, 63.
 Additional attributes including contrasts are lost.
To avoid this behavior, make sure use `drop_visit_levels = FALSE`.
[1] "WHERE: X, Lymphocytes (percent)"
In Visit there are dropped visits: 49, 63.
 Additional attributes including contrasts are lost.
To avoid this behavior, make sure use `drop_visit_levels = FALSE`.
[1] "WHERE: C, Lymphocytes (percent)"
In Visit there are dropped visits: 49, 63.
 Additional attributes including contrasts are lost.
To avoid this behavior, make sure use `drop_visit_levels = FALSE`.
[1] "WHERE: C, Lymphocytes (percent)"
In Visit there are dropped visits: 49, 63.
 Additional attributes including contrasts are lost.
To avoid this behavior, make sure use `drop_visit_levels = FALSE`.
[1] "WHERE: A, Lymphocytes (percent)"
In Visit there are dropped visits: 21, 49, 63.
 Additional attributes including contrasts are lost.
To avoid this behavior, make sure use `drop_visit_levels = FALSE`.
[1] "EMMEANS WARNING FOR A, Lymphocytes (percent): Negative variance estimate obtained!"
[1] "EMMEANS WARNING FOR A, Lymphocytes (percent): Negative variance estimate obtained!"
[1] "EMMEANS WARNING FOR A, Lymphocytes (percent): Negative variance estimate obtained!"
[1] "EMMEANS WARNING FOR A, Lymphocytes (percent): Negative variance estimate obtained!"
[1] "EMMEANS WARNING FOR A, Lymphocytes (percent): Negative variance estimate obtained!"
[1] "EMMEANS WARNING FOR A, Lymphocytes (percent): Negative variance estimate obtained!"
[1] "EMMEANS WARNING FOR A, Lymphocytes (percent): Negative variance estimate obtained!"
[1] "EMMEANS WARNING FOR A, Lymphocytes (percent): Negative variance estimate obtained!"
[1] "EMMEANS WARNING FOR A, Lymphocytes (percent): Negative variance estimate obtained!"
[1] "EMMEANS WARNING FOR A, Lymphocytes (percent): Negative variance estimate obtained!"
[1] "EMMEANS WARNING FOR A, Lymphocytes (percent): Negative variance estimate obtained!"
[1] "EMMEANS WARNING FOR A, Lymphocytes (percent): Negative variance estimate obtained!"
[1] "EMMEANS WARNING FOR A, Lymphocytes (percent): Negative variance estimate obtained!"
[1] "EMMEANS WARNING FOR A, Lymphocytes (percent): Negative variance estimate obtained!"
[1] "EMMEANS/KR FAILED FOR A, Lymphocytes (percent): Non-finite or negative SE in LS means"
[1] "WHERE: A, Lymphocytes (percent)"
In Visit there are dropped visits: 49, 63.
 Additional attributes including contrasts are lost.
To avoid this behavior, make sure use `drop_visit_levels = FALSE`.
[1] "WHERE: C49, Lymphocytes (percent)"
In Visit there are dropped visits: 49, 63.
 Additional attributes including contrasts are lost.
To avoid this behavior, make sure use `drop_visit_levels = FALSE`.
[1] "WHERE: C49, Lymphocytes (percent)"
In Visit there are dropped visits: 49, 63.
 Additional attributes including contrasts are lost.
To avoid this behavior, make sure use `drop_visit_levels = FALSE`.
[1] "WHERE: C36, Lymphocytes (percent)"
In Visit there are dropped visits: 49, 63.
 Additional attributes including contrasts are lost.
To avoid this behavior, make sure use `drop_visit_levels = FALSE`.
[1] "MMRM FIT FAILED FOR C36, Lymphocytes (percent): No optimizer led to a successful model fit. Please try to use a different covariance structure or other covariates."
[1] "WHERE: C36, Lymphocytes (percent)"
In Visit there are dropped visits: 49, 56, 63, 70.
 Additional attributes including contrasts are lost.
To avoid this behavior, make sure use `drop_visit_levels = FALSE`.
[1] "EMMEANS WARNING FOR C36, Lymphocytes (percent): Negative variance estimate obtained!"
[1] "EMMEANS WARNING FOR C36, Lymphocytes (percent): Negative variance estimate obtained!"
[1] "EMMEANS/KR FAILED FOR C36, Lymphocytes (percent): Non-finite or negative SE in LS means"
[1] "NO PLOTTABLE DATA FOR C36, Lymphocytes (percent)"
[1] "WHERE: 9, Lymphocytes (percent)"
In Visit there are dropped visits: 49, 63.
 Additional attributes including contrasts are lost.
To avoid this behavior, make sure use `drop_visit_levels = FALSE`.
[1] "WHERE: 9, Lymphocytes (percent)"
In Visit there are dropped visits: 49, 63.
 Additional attributes including contrasts are lost.
To avoid this behavior, make sure use `drop_visit_levels = FALSE`.
[1] "Magnesium (Magnesium)"
[1] "WHERE: X, Magnesium"
In Visit there are dropped visits: 49, 63.
 Additional attributes including contrasts are lost.
To avoid this behavior, make sure use `drop_visit_levels = FALSE`.
[1] "WHERE: X, Magnesium"
In Visit there are dropped visits: 49, 63.
 Additional attributes including contrasts are lost.
To avoid this behavior, make sure use `drop_visit_levels = FALSE`.
[1] "WHERE: C, Magnesium"
In Visit there are dropped visits: 49, 63.
 Additional attributes including contrasts are lost.
To avoid this behavior, make sure use `drop_visit_levels = FALSE`.
[1] "WHERE: C, Magnesium"
In Visit there are dropped visits: 49, 63.
 Additional attributes including contrasts are lost.
To avoid this behavior, make sure use `drop_visit_levels = FALSE`.
[1] "WHERE: A, Magnesium"
In Visit there are dropped visits: 49, 63.
 Additional attributes including contrasts are lost.
To avoid this behavior, make sure use `drop_visit_levels = FALSE`.
[1] "WHERE: A, Magnesium"
In Visit there are dropped visits: 49, 63.
 Additional attributes including contrasts are lost.
To avoid this behavior, make sure use `drop_visit_levels = FALSE`.
[1] "WHERE: C49, Magnesium"
In Visit there are dropped visits: 49, 63.
 Additional attributes including contrasts are lost.
To avoid this behavior, make sure use `drop_visit_levels = FALSE`.
[1] "WHERE: C49, Magnesium"
In Visit there are dropped visits: 49, 63.
 Additional attributes including contrasts are lost.
To avoid this behavior, make sure use `drop_visit_levels = FALSE`.
[1] "WHERE: C36, Magnesium"
In Visit there are dropped visits: 49, 63.
 Additional attributes including contrasts are lost.
To avoid this behavior, make sure use `drop_visit_levels = FALSE`.
[1] "WHERE: C36, Magnesium"
In Visit there are dropped visits: 49, 63.
 Additional attributes including contrasts are lost.
To avoid this behavior, make sure use `drop_visit_levels = FALSE`.
[1] "WHERE: 9, Magnesium"
In Visit there are dropped visits: 7, 21, 49, 63.
 Additional attributes including contrasts are lost.
To avoid this behavior, make sure use `drop_visit_levels = FALSE`.
[1] "WHERE: 9, Magnesium"
In Visit there are dropped visits: 7, 21, 49, 63.
 Additional attributes including contrasts are lost.
To avoid this behavior, make sure use `drop_visit_levels = FALSE`.
[1] "Monocytes (absolute) (Monocytes (abs))"
[1] "WHERE: X, Monocytes (absolute)"
In Visit there are dropped visits: 49, 63.
 Additional attributes including contrasts are lost.
To avoid this behavior, make sure use `drop_visit_levels = FALSE`.
[1] "WHERE: X, Monocytes (absolute)"
In Visit there are dropped visits: 49, 63.
 Additional attributes including contrasts are lost.
To avoid this behavior, make sure use `drop_visit_levels = FALSE`.
[1] "WHERE: C, Monocytes (absolute)"
In Visit there are dropped visits: 49, 63.
 Additional attributes including contrasts are lost.
To avoid this behavior, make sure use `drop_visit_levels = FALSE`.
[1] "WHERE: C, Monocytes (absolute)"
In Visit there are dropped visits: 49, 63.
 Additional attributes including contrasts are lost.
To avoid this behavior, make sure use `drop_visit_levels = FALSE`.
[1] "WHERE: A, Monocytes (absolute)"
In Visit there are dropped visits: 49, 63.
 Additional attributes including contrasts are lost.
To avoid this behavior, make sure use `drop_visit_levels = FALSE`.
[1] "WHERE: A, Monocytes (absolute)"
In Visit there are dropped visits: 49, 63.
 Additional attributes including contrasts are lost.
To avoid this behavior, make sure use `drop_visit_levels = FALSE`.
[1] "WHERE: C49, Monocytes (absolute)"
In Visit there are dropped visits: 49, 63.
 Additional attributes including contrasts are lost.
To avoid this behavior, make sure use `drop_visit_levels = FALSE`.
[1] "WHERE: C49, Monocytes (absolute)"
In Visit there are dropped visits: 49, 63.
 Additional attributes including contrasts are lost.
To avoid this behavior, make sure use `drop_visit_levels = FALSE`.
[1] "WHERE: C36, Monocytes (absolute)"
In Visit there are dropped visits: 49, 63.
 Additional attributes including contrasts are lost.
To avoid this behavior, make sure use `drop_visit_levels = FALSE`.
[1] "WHERE: C36, Monocytes (absolute)"
In Visit there are dropped visits: 49, 63.
 Additional attributes including contrasts are lost.
To avoid this behavior, make sure use `drop_visit_levels = FALSE`.
[1] "WHERE: 9, Monocytes (absolute)"
In Visit there are dropped visits: 49, 63.
 Additional attributes including contrasts are lost.
To avoid this behavior, make sure use `drop_visit_levels = FALSE`.
[1] "WHERE: 9, Monocytes (absolute)"
In Visit there are dropped visits: 49, 63.
 Additional attributes including contrasts are lost.
To avoid this behavior, make sure use `drop_visit_levels = FALSE`.
[1] "Monocytes (percent) ( Monocytes (%))"
[1] "WHERE: X, Monocytes (percent)"
In Visit there are dropped visits: 49, 63.
 Additional attributes including contrasts are lost.
To avoid this behavior, make sure use `drop_visit_levels = FALSE`.
[1] "WHERE: X, Monocytes (percent)"
In Visit there are dropped visits: 49, 63.
 Additional attributes including contrasts are lost.
To avoid this behavior, make sure use `drop_visit_levels = FALSE`.
[1] "WHERE: C, Monocytes (percent)"
In Visit there are dropped visits: 49, 63.
 Additional attributes including contrasts are lost.
To avoid this behavior, make sure use `drop_visit_levels = FALSE`.
[1] "WHERE: C, Monocytes (percent)"
In Visit there are dropped visits: 49, 63.
 Additional attributes including contrasts are lost.
To avoid this behavior, make sure use `drop_visit_levels = FALSE`.
[1] "WHERE: A, Monocytes (percent)"
In Visit there are dropped visits: 21, 49, 63.
 Additional attributes including contrasts are lost.
To avoid this behavior, make sure use `drop_visit_levels = FALSE`.
[1] "MMRM FIT FAILED FOR A, Monocytes (percent): No optimizer led to a successful model fit. Please try to use a different covariance structure or other covariates."
[1] "WHERE: A, Monocytes (percent)"
In Visit there are dropped visits: 49, 63.
 Additional attributes including contrasts are lost.
To avoid this behavior, make sure use `drop_visit_levels = FALSE`.
[1] "next, since analysis_df_factor is NA for Monocytes (percent)"
[1] "WHERE: C49, Monocytes (percent)"
In Visit there are dropped visits: 49, 63.
 Additional attributes including contrasts are lost.
To avoid this behavior, make sure use `drop_visit_levels = FALSE`.
[1] "MMRM FIT FAILED FOR C49, Monocytes (percent): No optimizer led to a successful model fit. Please try to use a different covariance structure or other covariates."
[1] "WHERE: C49, Monocytes (percent)"
In Visit there are dropped visits: 49, 63.
 Additional attributes including contrasts are lost.
To avoid this behavior, make sure use `drop_visit_levels = FALSE`.
[1] "next, since analysis_df_factor is NA for Monocytes (percent)"
[1] "WHERE: C36, Monocytes (percent)"
In Visit there are dropped visits: 49, 63.
 Additional attributes including contrasts are lost.
To avoid this behavior, make sure use `drop_visit_levels = FALSE`.
[1] "EMMEANS WARNING FOR C36, Monocytes (percent): Negative variance estimate obtained!"
[1] "EMMEANS WARNING FOR C36, Monocytes (percent): Negative variance estimate obtained!"
[1] "EMMEANS WARNING FOR C36, Monocytes (percent): Negative variance estimate obtained!"
[1] "EMMEANS WARNING FOR C36, Monocytes (percent): Negative variance estimate obtained!"
[1] "EMMEANS WARNING FOR C36, Monocytes (percent): Negative variance estimate obtained!"
[1] "EMMEANS WARNING FOR C36, Monocytes (percent): Negative variance estimate obtained!"
[1] "EMMEANS WARNING FOR C36, Monocytes (percent): Negative variance estimate obtained!"
[1] "EMMEANS WARNING FOR C36, Monocytes (percent): Negative variance estimate obtained!"
[1] "EMMEANS WARNING FOR C36, Monocytes (percent): Negative variance estimate obtained!"
[1] "EMMEANS WARNING FOR C36, Monocytes (percent): Negative variance estimate obtained!"
[1] "EMMEANS WARNING FOR C36, Monocytes (percent): Negative variance estimate obtained!"
[1] "EMMEANS WARNING FOR C36, Monocytes (percent): Negative variance estimate obtained!"
[1] "EMMEANS WARNING FOR C36, Monocytes (percent): Negative variance estimate obtained!"
[1] "EMMEANS WARNING FOR C36, Monocytes (percent): Negative variance estimate obtained!"
[1] "EMMEANS WARNING FOR C36, Monocytes (percent): Negative variance estimate obtained!"
[1] "EMMEANS WARNING FOR C36, Monocytes (percent): Negative variance estimate obtained!"
[1] "EMMEANS/KR FAILED FOR C36, Monocytes (percent): Non-finite or negative SE in LS means"
[1] "WHERE: C36, Monocytes (percent)"
In Visit there are dropped visits: 49, 56, 63, 70.
 Additional attributes including contrasts are lost.
To avoid this behavior, make sure use `drop_visit_levels = FALSE`.
[1] "MMRM FIT FAILED FOR C36, Monocytes (percent): No optimizer led to a successful model fit. Please try to use a different covariance structure or other covariates."
[1] "NO PLOTTABLE DATA FOR C36, Monocytes (percent)"
[1] "WHERE: 9, Monocytes (percent)"
In Visit there are dropped visits: 49, 63.
 Additional attributes including contrasts are lost.
To avoid this behavior, make sure use `drop_visit_levels = FALSE`.
[1] "MMRM FIT FAILED FOR 9, Monocytes (percent): No optimizer led to a successful model fit. Please try to use a different covariance structure or other covariates."
[1] "WHERE: 9, Monocytes (percent)"
In Visit there are dropped visits: 49, 63.
 Additional attributes including contrasts are lost.
To avoid this behavior, make sure use `drop_visit_levels = FALSE`.
[1] "next, since analysis_df_factor is NA for Monocytes (percent)"
[1] "Neutrophils (absolute count) (Neutrophils (abs))"
[1] "WHERE: X, Neutrophils (absolute count)"
In Visit there are dropped visits: 49, 63.
 Additional attributes including contrasts are lost.
To avoid this behavior, make sure use `drop_visit_levels = FALSE`.
[1] "WHERE: X, Neutrophils (absolute count)"
In Visit there are dropped visits: 49, 63.
 Additional attributes including contrasts are lost.
To avoid this behavior, make sure use `drop_visit_levels = FALSE`.
[1] "WHERE: C, Neutrophils (absolute count)"
In Visit there are dropped visits: 49, 63.
 Additional attributes including contrasts are lost.
To avoid this behavior, make sure use `drop_visit_levels = FALSE`.
[1] "WHERE: C, Neutrophils (absolute count)"
In Visit there are dropped visits: 49, 63.
 Additional attributes including contrasts are lost.
To avoid this behavior, make sure use `drop_visit_levels = FALSE`.
[1] "WHERE: A, Neutrophils (absolute count)"
In Visit there are dropped visits: 49, 63.
 Additional attributes including contrasts are lost.
To avoid this behavior, make sure use `drop_visit_levels = FALSE`.
[1] "WHERE: A, Neutrophils (absolute count)"
In Visit there are dropped visits: 49, 63.
 Additional attributes including contrasts are lost.
To avoid this behavior, make sure use `drop_visit_levels = FALSE`.
[1] "WHERE: C49, Neutrophils (absolute count)"
In Visit there are dropped visits: 49, 63.
 Additional attributes including contrasts are lost.
To avoid this behavior, make sure use `drop_visit_levels = FALSE`.
[1] "WHERE: C49, Neutrophils (absolute count)"
In Visit there are dropped visits: 49, 63.
 Additional attributes including contrasts are lost.
To avoid this behavior, make sure use `drop_visit_levels = FALSE`.
[1] "WHERE: C36, Neutrophils (absolute count)"
In Visit there are dropped visits: 49, 63.
 Additional attributes including contrasts are lost.
To avoid this behavior, make sure use `drop_visit_levels = FALSE`.
[1] "WHERE: C36, Neutrophils (absolute count)"
In Visit there are dropped visits: 49, 63.
 Additional attributes including contrasts are lost.
To avoid this behavior, make sure use `drop_visit_levels = FALSE`.
[1] "WHERE: 9, Neutrophils (absolute count)"
In Visit there are dropped visits: 49, 63.
 Additional attributes including contrasts are lost.
To avoid this behavior, make sure use `drop_visit_levels = FALSE`.
[1] "WHERE: 9, Neutrophils (absolute count)"
In Visit there are dropped visits: 49, 63.
 Additional attributes including contrasts are lost.
To avoid this behavior, make sure use `drop_visit_levels = FALSE`.
[1] "Neutrophils (percent) ( Neutrophils (%))"
[1] "WHERE: X, Neutrophils (percent)"
In Visit there are dropped visits: 49, 63.
 Additional attributes including contrasts are lost.
To avoid this behavior, make sure use `drop_visit_levels = FALSE`.
[1] "WHERE: X, Neutrophils (percent)"
In Visit there are dropped visits: 49, 63.
 Additional attributes including contrasts are lost.
To avoid this behavior, make sure use `drop_visit_levels = FALSE`.
[1] "WHERE: C, Neutrophils (percent)"
In Visit there are dropped visits: 49, 63.
 Additional attributes including contrasts are lost.
To avoid this behavior, make sure use `drop_visit_levels = FALSE`.
[1] "WHERE: C, Neutrophils (percent)"
In Visit there are dropped visits: 49, 63.
 Additional attributes including contrasts are lost.
To avoid this behavior, make sure use `drop_visit_levels = FALSE`.
[1] "WHERE: A, Neutrophils (percent)"
In Visit there are dropped visits: 21, 49, 63.
 Additional attributes including contrasts are lost.
To avoid this behavior, make sure use `drop_visit_levels = FALSE`.
[1] "MMRM FIT FAILED FOR A, Neutrophils (percent): No optimizer led to a successful model fit. Please try to use a different covariance structure or other covariates."
[1] "WHERE: A, Neutrophils (percent)"
In Visit there are dropped visits: 49, 63.
 Additional attributes including contrasts are lost.
To avoid this behavior, make sure use `drop_visit_levels = FALSE`.
[1] "next, since analysis_df_factor is NA for Neutrophils (percent)"
[1] "WHERE: C49, Neutrophils (percent)"
In Visit there are dropped visits: 49, 63.
 Additional attributes including contrasts are lost.
To avoid this behavior, make sure use `drop_visit_levels = FALSE`.
[1] "EMMEANS WARNING FOR C49, Neutrophils (percent): Negative variance estimate obtained!"
[1] "EMMEANS WARNING FOR C49, Neutrophils (percent): Negative variance estimate obtained!"
[1] "EMMEANS/KR FAILED FOR C49, Neutrophils (percent): Non-finite or negative SE in LS means"
[1] "WHERE: C49, Neutrophils (percent)"
In Visit there are dropped visits: 49, 63.
 Additional attributes including contrasts are lost.
To avoid this behavior, make sure use `drop_visit_levels = FALSE`.
[1] "WHERE: C36, Neutrophils (percent)"
In Visit there are dropped visits: 49, 63.
 Additional attributes including contrasts are lost.
To avoid this behavior, make sure use `drop_visit_levels = FALSE`.
[1] "MMRM FIT FAILED FOR C36, Neutrophils (percent): No optimizer led to a successful model fit. Please try to use a different covariance structure or other covariates."
[1] "WHERE: C36, Neutrophils (percent)"
In Visit there are dropped visits: 49, 56, 63, 70.
 Additional attributes including contrasts are lost.
To avoid this behavior, make sure use `drop_visit_levels = FALSE`.
[1] "EMMEANS WARNING FOR C36, Neutrophils (percent): Negative variance estimate obtained!"
[1] "EMMEANS WARNING FOR C36, Neutrophils (percent): Negative variance estimate obtained!"
[1] "EMMEANS/KR FAILED FOR C36, Neutrophils (percent): Non-finite or negative SE in LS means"
[1] "NO PLOTTABLE DATA FOR C36, Neutrophils (percent)"
[1] "WHERE: 9, Neutrophils (percent)"
In Visit there are dropped visits: 49, 63.
 Additional attributes including contrasts are lost.
To avoid this behavior, make sure use `drop_visit_levels = FALSE`.
[1] "EMMEANS WARNING FOR 9, Neutrophils (percent): Negative variance estimate obtained!"
[1] "EMMEANS WARNING FOR 9, Neutrophils (percent): Negative variance estimate obtained!"
[1] "EMMEANS/KR FAILED FOR 9, Neutrophils (percent): Non-finite or negative SE in LS means"
[1] "WHERE: 9, Neutrophils (percent)"
In Visit there are dropped visits: 49, 63.
 Additional attributes including contrasts are lost.
To avoid this behavior, make sure use `drop_visit_levels = FALSE`.
[1] "NLR (NLR)"
[1] "WHERE: X, NLR"
In Visit there are dropped visits: 49, 63.
 Additional attributes including contrasts are lost.
To avoid this behavior, make sure use `drop_visit_levels = FALSE`.
[1] "WHERE: X, NLR"
In Visit there are dropped visits: 49, 63.
 Additional attributes including contrasts are lost.
To avoid this behavior, make sure use `drop_visit_levels = FALSE`.
[1] "WHERE: C, NLR"
In Visit there are dropped visits: 49, 63.
 Additional attributes including contrasts are lost.
To avoid this behavior, make sure use `drop_visit_levels = FALSE`.
[1] "WHERE: C, NLR"
In Visit there are dropped visits: 49, 63.
 Additional attributes including contrasts are lost.
To avoid this behavior, make sure use `drop_visit_levels = FALSE`.
[1] "WHERE: A, NLR"
In Visit there are dropped visits: 49, 63.
 Additional attributes including contrasts are lost.
To avoid this behavior, make sure use `drop_visit_levels = FALSE`.
[1] "WHERE: A, NLR"
In Visit there are dropped visits: 49, 63.
 Additional attributes including contrasts are lost.
To avoid this behavior, make sure use `drop_visit_levels = FALSE`.
[1] "WHERE: C49, NLR"
In Visit there are dropped visits: 49, 63.
 Additional attributes including contrasts are lost.
To avoid this behavior, make sure use `drop_visit_levels = FALSE`.
[1] "WHERE: C49, NLR"
In Visit there are dropped visits: 49, 63.
 Additional attributes including contrasts are lost.
To avoid this behavior, make sure use `drop_visit_levels = FALSE`.
[1] "WHERE: C36, NLR"
In Visit there are dropped visits: 49, 63.
 Additional attributes including contrasts are lost.
To avoid this behavior, make sure use `drop_visit_levels = FALSE`.
[1] "WHERE: C36, NLR"
In Visit there are dropped visits: 49, 63.
 Additional attributes including contrasts are lost.
To avoid this behavior, make sure use `drop_visit_levels = FALSE`.
[1] "WHERE: 9, NLR"
In Visit there are dropped visits: 49, 63.
 Additional attributes including contrasts are lost.
To avoid this behavior, make sure use `drop_visit_levels = FALSE`.
[1] "WHERE: 9, NLR"
In Visit there are dropped visits: 49, 63.
 Additional attributes including contrasts are lost.
To avoid this behavior, make sure use `drop_visit_levels = FALSE`.
[1] "Platelet Count (Platelet Count)"
[1] "WHERE: X, Platelet Count"
In Visit there are dropped visits: 49, 63.
 Additional attributes including contrasts are lost.
To avoid this behavior, make sure use `drop_visit_levels = FALSE`.
[1] "WHERE: X, Platelet Count"
In Visit there are dropped visits: 49, 63.
 Additional attributes including contrasts are lost.
To avoid this behavior, make sure use `drop_visit_levels = FALSE`.
[1] "WHERE: C, Platelet Count"
In Visit there are dropped visits: 49, 63.
 Additional attributes including contrasts are lost.
To avoid this behavior, make sure use `drop_visit_levels = FALSE`.
[1] "WHERE: C, Platelet Count"
In Visit there are dropped visits: 49, 63.
 Additional attributes including contrasts are lost.
To avoid this behavior, make sure use `drop_visit_levels = FALSE`.
[1] "WHERE: A, Platelet Count"
In Visit there are dropped visits: 49, 63.
 Additional attributes including contrasts are lost.
To avoid this behavior, make sure use `drop_visit_levels = FALSE`.
[1] "WHERE: A, Platelet Count"
In Visit there are dropped visits: 49, 63.
 Additional attributes including contrasts are lost.
To avoid this behavior, make sure use `drop_visit_levels = FALSE`.
[1] "WHERE: C49, Platelet Count"
In Visit there are dropped visits: 49, 63.
 Additional attributes including contrasts are lost.
To avoid this behavior, make sure use `drop_visit_levels = FALSE`.
[1] "WHERE: C49, Platelet Count"
In Visit there are dropped visits: 49, 63.
 Additional attributes including contrasts are lost.
To avoid this behavior, make sure use `drop_visit_levels = FALSE`.
[1] "WHERE: C36, Platelet Count"
In Visit there are dropped visits: 49, 63.
 Additional attributes including contrasts are lost.
To avoid this behavior, make sure use `drop_visit_levels = FALSE`.
[1] "WHERE: C36, Platelet Count"
In Visit there are dropped visits: 49, 63.
 Additional attributes including contrasts are lost.
To avoid this behavior, make sure use `drop_visit_levels = FALSE`.
[1] "WHERE: 9, Platelet Count"
In Visit there are dropped visits: 49, 63.
 Additional attributes including contrasts are lost.
To avoid this behavior, make sure use `drop_visit_levels = FALSE`.
[1] "WHERE: 9, Platelet Count"
In Visit there are dropped visits: 49, 63.
 Additional attributes including contrasts are lost.
To avoid this behavior, make sure use `drop_visit_levels = FALSE`.
[1] "Potassium (Potassium)"
[1] "WHERE: X, Potassium"
In Visit there are dropped visits: 49, 63.
 Additional attributes including contrasts are lost.
To avoid this behavior, make sure use `drop_visit_levels = FALSE`.
[1] "WHERE: X, Potassium"
In Visit there are dropped visits: 49, 63.
 Additional attributes including contrasts are lost.
To avoid this behavior, make sure use `drop_visit_levels = FALSE`.
[1] "WHERE: C, Potassium"
In Visit there are dropped visits: 49, 63.
 Additional attributes including contrasts are lost.
To avoid this behavior, make sure use `drop_visit_levels = FALSE`.
[1] "WHERE: C, Potassium"
In Visit there are dropped visits: 49, 63.
 Additional attributes including contrasts are lost.
To avoid this behavior, make sure use `drop_visit_levels = FALSE`.
[1] "WHERE: A, Potassium"
In Visit there are dropped visits: 49, 63.
 Additional attributes including contrasts are lost.
To avoid this behavior, make sure use `drop_visit_levels = FALSE`.
[1] "WHERE: A, Potassium"
In Visit there are dropped visits: 49, 63.
 Additional attributes including contrasts are lost.
To avoid this behavior, make sure use `drop_visit_levels = FALSE`.
[1] "WHERE: C49, Potassium"
In Visit there are dropped visits: 49, 63.
 Additional attributes including contrasts are lost.
To avoid this behavior, make sure use `drop_visit_levels = FALSE`.
[1] "WHERE: C49, Potassium"
In Visit there are dropped visits: 49, 63.
 Additional attributes including contrasts are lost.
To avoid this behavior, make sure use `drop_visit_levels = FALSE`.
[1] "WHERE: C36, Potassium"
In Visit there are dropped visits: 49, 63.
 Additional attributes including contrasts are lost.
To avoid this behavior, make sure use `drop_visit_levels = FALSE`.
[1] "WHERE: C36, Potassium"
In Visit there are dropped visits: 49, 63.
 Additional attributes including contrasts are lost.
To avoid this behavior, make sure use `drop_visit_levels = FALSE`.
[1] "WHERE: 9, Potassium"
In Visit there are dropped visits: 7, 21, 49, 63.
 Additional attributes including contrasts are lost.
To avoid this behavior, make sure use `drop_visit_levels = FALSE`.
[1] "WHERE: 9, Potassium"
In Visit there are dropped visits: 7, 21, 49, 63.
 Additional attributes including contrasts are lost.
To avoid this behavior, make sure use `drop_visit_levels = FALSE`.
[1] "RBC (Erythrocytes) (RBC (Erythrocytes))"
[1] "WHERE: X, RBC (Erythrocytes)"
In Visit there are dropped visits: 49, 63.
 Additional attributes including contrasts are lost.
To avoid this behavior, make sure use `drop_visit_levels = FALSE`.
[1] "WHERE: X, RBC (Erythrocytes)"
In Visit there are dropped visits: 49, 63.
 Additional attributes including contrasts are lost.
To avoid this behavior, make sure use `drop_visit_levels = FALSE`.
[1] "WHERE: C, RBC (Erythrocytes)"
In Visit there are dropped visits: 49, 63.
 Additional attributes including contrasts are lost.
To avoid this behavior, make sure use `drop_visit_levels = FALSE`.
[1] "WHERE: C, RBC (Erythrocytes)"
In Visit there are dropped visits: 49, 63.
 Additional attributes including contrasts are lost.
To avoid this behavior, make sure use `drop_visit_levels = FALSE`.
[1] "WHERE: A, RBC (Erythrocytes)"
In Visit there are dropped visits: 49, 63.
 Additional attributes including contrasts are lost.
To avoid this behavior, make sure use `drop_visit_levels = FALSE`.
[1] "WHERE: A, RBC (Erythrocytes)"
In Visit there are dropped visits: 49, 63.
 Additional attributes including contrasts are lost.
To avoid this behavior, make sure use `drop_visit_levels = FALSE`.
[1] "WHERE: C49, RBC (Erythrocytes)"
In Visit there are dropped visits: 49, 63.
 Additional attributes including contrasts are lost.
To avoid this behavior, make sure use `drop_visit_levels = FALSE`.
[1] "WHERE: C49, RBC (Erythrocytes)"
In Visit there are dropped visits: 49, 63.
 Additional attributes including contrasts are lost.
To avoid this behavior, make sure use `drop_visit_levels = FALSE`.
[1] "WHERE: C36, RBC (Erythrocytes)"
In Visit there are dropped visits: 49, 63.
 Additional attributes including contrasts are lost.
To avoid this behavior, make sure use `drop_visit_levels = FALSE`.
[1] "WHERE: C36, RBC (Erythrocytes)"
In Visit there are dropped visits: 49, 63.
 Additional attributes including contrasts are lost.
To avoid this behavior, make sure use `drop_visit_levels = FALSE`.
[1] "WHERE: 9, RBC (Erythrocytes)"
In Visit there are dropped visits: 49, 63.
 Additional attributes including contrasts are lost.
To avoid this behavior, make sure use `drop_visit_levels = FALSE`.
[1] "WHERE: 9, RBC (Erythrocytes)"
In Visit there are dropped visits: 49, 63.
 Additional attributes including contrasts are lost.
To avoid this behavior, make sure use `drop_visit_levels = FALSE`.
[1] "sFRP-5 (sFRP-5)"
[1] "WHERE: X, sFRP-5"
In Visit there are dropped visits: 49, 63.
 Additional attributes including contrasts are lost.
To avoid this behavior, make sure use `drop_visit_levels = FALSE`.
[1] "WHERE: X, sFRP-5"
In Visit there are dropped visits: 49, 63.
 Additional attributes including contrasts are lost.
To avoid this behavior, make sure use `drop_visit_levels = FALSE`.
[1] "WHERE: C, sFRP-5"
In Visit there are dropped visits: 49, 63.
 Additional attributes including contrasts are lost.
To avoid this behavior, make sure use `drop_visit_levels = FALSE`.
[1] "WHERE: C, sFRP-5"
In Visit there are dropped visits: 49, 63.
 Additional attributes including contrasts are lost.
To avoid this behavior, make sure use `drop_visit_levels = FALSE`.
[1] "WHERE: A, sFRP-5"
In Visit there are dropped visits: 49, 63.
 Additional attributes including contrasts are lost.
To avoid this behavior, make sure use `drop_visit_levels = FALSE`.
[1] "WHERE: A, sFRP-5"
In Visit there are dropped visits: 49, 63, 70.
 Additional attributes including contrasts are lost.
To avoid this behavior, make sure use `drop_visit_levels = FALSE`.
[1] "WHERE: C49, sFRP-5"
In Visit there are dropped visits: 49, 63, 70.
 Additional attributes including contrasts are lost.
To avoid this behavior, make sure use `drop_visit_levels = FALSE`.
[1] "WHERE: C49, sFRP-5"
In Visit there are dropped visits: 49, 63, 70.
 Additional attributes including contrasts are lost.
To avoid this behavior, make sure use `drop_visit_levels = FALSE`.
[1] "WHERE: C36, sFRP-5"
In Visit there are dropped visits: 49, 63.
 Additional attributes including contrasts are lost.
To avoid this behavior, make sure use `drop_visit_levels = FALSE`.
[1] "WHERE: C36, sFRP-5"
In Visit there are dropped visits: 49, 63.
 Additional attributes including contrasts are lost.
To avoid this behavior, make sure use `drop_visit_levels = FALSE`.
[1] "WHERE: 9, sFRP-5"
In Visit there are dropped visits: 21, 49, 63, 70.
 Additional attributes including contrasts are lost.
To avoid this behavior, make sure use `drop_visit_levels = FALSE`.
[1] "WHERE: 9, sFRP-5"
In Visit there are dropped visits: 7, 21, 35, 49, 63, 70.
 Additional attributes including contrasts are lost.
To avoid this behavior, make sure use `drop_visit_levels = FALSE`.
[1] "Sodium (Sodium)"
[1] "WHERE: X, Sodium"
In Visit there are dropped visits: 49, 63.
 Additional attributes including contrasts are lost.
To avoid this behavior, make sure use `drop_visit_levels = FALSE`.
[1] "WHERE: X, Sodium"
In Visit there are dropped visits: 49, 63.
 Additional attributes including contrasts are lost.
To avoid this behavior, make sure use `drop_visit_levels = FALSE`.
[1] "WHERE: C, Sodium"
In Visit there are dropped visits: 49, 63.
 Additional attributes including contrasts are lost.
To avoid this behavior, make sure use `drop_visit_levels = FALSE`.
[1] "WHERE: C, Sodium"
In Visit there are dropped visits: 49, 63.
 Additional attributes including contrasts are lost.
To avoid this behavior, make sure use `drop_visit_levels = FALSE`.
[1] "WHERE: A, Sodium"
In Visit there are dropped visits: 49, 63.
 Additional attributes including contrasts are lost.
To avoid this behavior, make sure use `drop_visit_levels = FALSE`.
[1] "WHERE: A, Sodium"
In Visit there are dropped visits: 49, 63.
 Additional attributes including contrasts are lost.
To avoid this behavior, make sure use `drop_visit_levels = FALSE`.
[1] "WHERE: C49, Sodium"
In Visit there are dropped visits: 49, 63.
 Additional attributes including contrasts are lost.
To avoid this behavior, make sure use `drop_visit_levels = FALSE`.
[1] "WHERE: C49, Sodium"
In Visit there are dropped visits: 49, 63.
 Additional attributes including contrasts are lost.
To avoid this behavior, make sure use `drop_visit_levels = FALSE`.
[1] "WHERE: C36, Sodium"
In Visit there are dropped visits: 49, 63.
 Additional attributes including contrasts are lost.
To avoid this behavior, make sure use `drop_visit_levels = FALSE`.
[1] "WHERE: C36, Sodium"
In Visit there are dropped visits: 49, 63.
 Additional attributes including contrasts are lost.
To avoid this behavior, make sure use `drop_visit_levels = FALSE`.
[1] "WHERE: 9, Sodium"
In Visit there are dropped visits: 7, 21, 49, 63.
 Additional attributes including contrasts are lost.
To avoid this behavior, make sure use `drop_visit_levels = FALSE`.
[1] "WHERE: 9, Sodium"
In Visit there are dropped visits: 7, 21, 49, 63.
 Additional attributes including contrasts are lost.
To avoid this behavior, make sure use `drop_visit_levels = FALSE`.
[1] "Total Cholesterol (Total Cholesterol)"
[1] "WHERE: X, Total Cholesterol"
In Visit there are dropped visits: 7, 21, 35, 49, 63.
 Additional attributes including contrasts are lost.
To avoid this behavior, make sure use `drop_visit_levels = FALSE`.
[1] "WHERE: X, Total Cholesterol"
In Visit there are dropped visits: 7, 21, 35, 49, 63.
 Additional attributes including contrasts are lost.
To avoid this behavior, make sure use `drop_visit_levels = FALSE`.
[1] "WHERE: C, Total Cholesterol"
In Visit there are dropped visits: 7, 21, 35, 49, 63.
 Additional attributes including contrasts are lost.
To avoid this behavior, make sure use `drop_visit_levels = FALSE`.
[1] "WHERE: C, Total Cholesterol"
In Visit there are dropped visits: 7, 21, 35, 49, 63.
 Additional attributes including contrasts are lost.
To avoid this behavior, make sure use `drop_visit_levels = FALSE`.
[1] "WHERE: A, Total Cholesterol"
In Visit there are dropped visits: 7, 21, 35, 49, 63.
 Additional attributes including contrasts are lost.
To avoid this behavior, make sure use `drop_visit_levels = FALSE`.
[1] "WHERE: A, Total Cholesterol"
In Visit there are dropped visits: 7, 21, 35, 49, 63.
 Additional attributes including contrasts are lost.
To avoid this behavior, make sure use `drop_visit_levels = FALSE`.
[1] "WHERE: C49, Total Cholesterol"
In Visit there are dropped visits: 7, 21, 35, 49, 63.
 Additional attributes including contrasts are lost.
To avoid this behavior, make sure use `drop_visit_levels = FALSE`.
[1] "WHERE: C49, Total Cholesterol"
In Visit there are dropped visits: 7, 21, 35, 49, 63, 70.
 Additional attributes including contrasts are lost.
To avoid this behavior, make sure use `drop_visit_levels = FALSE`.
[1] "WHERE: C36, Total Cholesterol"
In Visit there are dropped visits: 7, 21, 35, 49, 63.
 Additional attributes including contrasts are lost.
To avoid this behavior, make sure use `drop_visit_levels = FALSE`.
[1] "WHERE: C36, Total Cholesterol"
In Visit there are dropped visits: 7, 21, 35, 49, 63.
 Additional attributes including contrasts are lost.
To avoid this behavior, make sure use `drop_visit_levels = FALSE`.
[1] "WHERE: 9, Total Cholesterol"
In Visit there are dropped visits: 7, 14, 21, 35, 42, 49, 63, 70.
 Additional attributes including contrasts are lost.
To avoid this behavior, make sure use `drop_visit_levels = FALSE`.
[1] "WHERE: 9, Total Cholesterol"
In Visit there are dropped visits: 7, 14, 21, 35, 42, 49, 63, 70.
 Additional attributes including contrasts are lost.
To avoid this behavior, make sure use `drop_visit_levels = FALSE`.
[1] "Total Protein (Total Protein)"
[1] "WHERE: X, Total Protein"
In Visit there are dropped visits: 49, 63.
 Additional attributes including contrasts are lost.
To avoid this behavior, make sure use `drop_visit_levels = FALSE`.
[1] "WHERE: X, Total Protein"
In Visit there are dropped visits: 49, 63.
 Additional attributes including contrasts are lost.
To avoid this behavior, make sure use `drop_visit_levels = FALSE`.
[1] "WHERE: C, Total Protein"
In Visit there are dropped visits: 49, 63.
 Additional attributes including contrasts are lost.
To avoid this behavior, make sure use `drop_visit_levels = FALSE`.
[1] "WHERE: C, Total Protein"
In Visit there are dropped visits: 49, 63.
 Additional attributes including contrasts are lost.
To avoid this behavior, make sure use `drop_visit_levels = FALSE`.
[1] "WHERE: A, Total Protein"
In Visit there are dropped visits: 49, 63.
 Additional attributes including contrasts are lost.
To avoid this behavior, make sure use `drop_visit_levels = FALSE`.
[1] "WHERE: A, Total Protein"
In Visit there are dropped visits: 49, 63.
 Additional attributes including contrasts are lost.
To avoid this behavior, make sure use `drop_visit_levels = FALSE`.
[1] "WHERE: C49, Total Protein"
In Visit there are dropped visits: 49, 63.
 Additional attributes including contrasts are lost.
To avoid this behavior, make sure use `drop_visit_levels = FALSE`.
[1] "WHERE: C49, Total Protein"
In Visit there are dropped visits: 49, 63.
 Additional attributes including contrasts are lost.
To avoid this behavior, make sure use `drop_visit_levels = FALSE`.
[1] "WHERE: C36, Total Protein"
In Visit there are dropped visits: 49, 63.
 Additional attributes including contrasts are lost.
To avoid this behavior, make sure use `drop_visit_levels = FALSE`.
[1] "WHERE: C36, Total Protein"
In Visit there are dropped visits: 49, 63.
 Additional attributes including contrasts are lost.
To avoid this behavior, make sure use `drop_visit_levels = FALSE`.
[1] "WHERE: 9, Total Protein"
In Visit there are dropped visits: 7, 21, 49, 63.
 Additional attributes including contrasts are lost.
To avoid this behavior, make sure use `drop_visit_levels = FALSE`.
[1] "WHERE: 9, Total Protein"
In Visit there are dropped visits: 7, 21, 49, 63.
 Additional attributes including contrasts are lost.
To avoid this behavior, make sure use `drop_visit_levels = FALSE`.
[1] "Triglycerides (Triglycerides)"
[1] "WHERE: X, Triglycerides"
In Visit there are dropped visits: 7, 21, 35, 49, 63.
 Additional attributes including contrasts are lost.
To avoid this behavior, make sure use `drop_visit_levels = FALSE`.
[1] "WHERE: X, Triglycerides"
In Visit there are dropped visits: 7, 21, 35, 49, 63.
 Additional attributes including contrasts are lost.
To avoid this behavior, make sure use `drop_visit_levels = FALSE`.
[1] "WHERE: C, Triglycerides"
In Visit there are dropped visits: 7, 21, 35, 49, 63.
 Additional attributes including contrasts are lost.
To avoid this behavior, make sure use `drop_visit_levels = FALSE`.
[1] "WHERE: C, Triglycerides"
In Visit there are dropped visits: 7, 21, 35, 49, 63.
 Additional attributes including contrasts are lost.
To avoid this behavior, make sure use `drop_visit_levels = FALSE`.
[1] "WHERE: A, Triglycerides"
In Visit there are dropped visits: 7, 21, 35, 49, 63.
 Additional attributes including contrasts are lost.
To avoid this behavior, make sure use `drop_visit_levels = FALSE`.
[1] "WHERE: A, Triglycerides"
In Visit there are dropped visits: 7, 21, 35, 49, 63.
 Additional attributes including contrasts are lost.
To avoid this behavior, make sure use `drop_visit_levels = FALSE`.
[1] "WHERE: C49, Triglycerides"
In Visit there are dropped visits: 7, 21, 35, 49, 63.
 Additional attributes including contrasts are lost.
To avoid this behavior, make sure use `drop_visit_levels = FALSE`.
[1] "WHERE: C49, Triglycerides"
In Visit there are dropped visits: 7, 21, 35, 49, 63, 70.
 Additional attributes including contrasts are lost.
To avoid this behavior, make sure use `drop_visit_levels = FALSE`.
[1] "WHERE: C36, Triglycerides"
In Visit there are dropped visits: 7, 21, 35, 49, 63.
 Additional attributes including contrasts are lost.
To avoid this behavior, make sure use `drop_visit_levels = FALSE`.
[1] "WHERE: C36, Triglycerides"
In Visit there are dropped visits: 7, 21, 35, 49, 63.
 Additional attributes including contrasts are lost.
To avoid this behavior, make sure use `drop_visit_levels = FALSE`.
[1] "WHERE: 9, Triglycerides"
In Visit there are dropped visits: 7, 14, 21, 35, 42, 49, 63, 70.
 Additional attributes including contrasts are lost.
To avoid this behavior, make sure use `drop_visit_levels = FALSE`.
[1] "WHERE: 9, Triglycerides"
In Visit there are dropped visits: 7, 14, 21, 35, 42, 49, 63, 70.
 Additional attributes including contrasts are lost.
To avoid this behavior, make sure use `drop_visit_levels = FALSE`.
[1] "Uric acid (Uric acid)"
[1] "WHERE: X, Uric acid"
In Visit there are dropped visits: 49, 63.
 Additional attributes including contrasts are lost.
To avoid this behavior, make sure use `drop_visit_levels = FALSE`.
[1] "WHERE: X, Uric acid"
In Visit there are dropped visits: 49, 63.
 Additional attributes including contrasts are lost.
To avoid this behavior, make sure use `drop_visit_levels = FALSE`.
[1] "WHERE: C, Uric acid"
In Visit there are dropped visits: 49, 63.
 Additional attributes including contrasts are lost.
To avoid this behavior, make sure use `drop_visit_levels = FALSE`.
[1] "WHERE: C, Uric acid"
In Visit there are dropped visits: 49, 63.
 Additional attributes including contrasts are lost.
To avoid this behavior, make sure use `drop_visit_levels = FALSE`.
[1] "WHERE: A, Uric acid"
In Visit there are dropped visits: 49, 63.
 Additional attributes including contrasts are lost.
To avoid this behavior, make sure use `drop_visit_levels = FALSE`.
[1] "WHERE: A, Uric acid"
In Visit there are dropped visits: 49, 63.
 Additional attributes including contrasts are lost.
To avoid this behavior, make sure use `drop_visit_levels = FALSE`.
[1] "WHERE: C49, Uric acid"
In Visit there are dropped visits: 49, 63.
 Additional attributes including contrasts are lost.
To avoid this behavior, make sure use `drop_visit_levels = FALSE`.
[1] "WHERE: C49, Uric acid"
In Visit there are dropped visits: 49, 63.
 Additional attributes including contrasts are lost.
To avoid this behavior, make sure use `drop_visit_levels = FALSE`.
[1] "WHERE: C36, Uric acid"
In Visit there are dropped visits: 49, 63.
 Additional attributes including contrasts are lost.
To avoid this behavior, make sure use `drop_visit_levels = FALSE`.
[1] "WHERE: C36, Uric acid"
In Visit there are dropped visits: 49, 63.
 Additional attributes including contrasts are lost.
To avoid this behavior, make sure use `drop_visit_levels = FALSE`.
[1] "WHERE: 9, Uric acid"
In Visit there are dropped visits: 7, 21, 49, 63.
 Additional attributes including contrasts are lost.
To avoid this behavior, make sure use `drop_visit_levels = FALSE`.
[1] "WHERE: 9, Uric acid"
In Visit there are dropped visits: 7, 21, 49, 63.
 Additional attributes including contrasts are lost.
To avoid this behavior, make sure use `drop_visit_levels = FALSE`.
[1] "VEGF (VEGF)"
[1] "WHERE: X, VEGF"
In Visit there are dropped visits: 49, 63.
 Additional attributes including contrasts are lost.
To avoid this behavior, make sure use `drop_visit_levels = FALSE`.
[1] "WHERE: X, VEGF"
In Visit there are dropped visits: 49, 63.
 Additional attributes including contrasts are lost.
To avoid this behavior, make sure use `drop_visit_levels = FALSE`.
[1] "WHERE: C, VEGF"
In Visit there are dropped visits: 49, 63.
 Additional attributes including contrasts are lost.
To avoid this behavior, make sure use `drop_visit_levels = FALSE`.
[1] "WHERE: C, VEGF"
In Visit there are dropped visits: 49, 63.
 Additional attributes including contrasts are lost.
To avoid this behavior, make sure use `drop_visit_levels = FALSE`.
[1] "WHERE: A, VEGF"
In Visit there are dropped visits: 49, 63.
 Additional attributes including contrasts are lost.
To avoid this behavior, make sure use `drop_visit_levels = FALSE`.
[1] "WHERE: A, VEGF"
In Visit there are dropped visits: 49, 63, 70.
 Additional attributes including contrasts are lost.
To avoid this behavior, make sure use `drop_visit_levels = FALSE`.
[1] "WHERE: C49, VEGF"
In Visit there are dropped visits: 49, 63, 70.
 Additional attributes including contrasts are lost.
To avoid this behavior, make sure use `drop_visit_levels = FALSE`.
[1] "WHERE: C49, VEGF"
In Visit there are dropped visits: 49, 63, 70.
 Additional attributes including contrasts are lost.
To avoid this behavior, make sure use `drop_visit_levels = FALSE`.
[1] "WHERE: C36, VEGF"
In Visit there are dropped visits: 49, 63.
 Additional attributes including contrasts are lost.
To avoid this behavior, make sure use `drop_visit_levels = FALSE`.
[1] "WHERE: C36, VEGF"
In Visit there are dropped visits: 49, 63.
 Additional attributes including contrasts are lost.
To avoid this behavior, make sure use `drop_visit_levels = FALSE`.
[1] "WHERE: 9, VEGF"
In Visit there are dropped visits: 21, 49, 63, 70.
 Additional attributes including contrasts are lost.
To avoid this behavior, make sure use `drop_visit_levels = FALSE`.
[1] "WHERE: 9, VEGF"
In Visit there are dropped visits: 7, 21, 35, 49, 63, 70.
 Additional attributes including contrasts are lost.
To avoid this behavior, make sure use `drop_visit_levels = FALSE`.
[1] "VEGF-C (VEGF-C)"
[1] "WHERE: X, VEGF-C"
In Visit there are dropped visits: 49, 63.
 Additional attributes including contrasts are lost.
To avoid this behavior, make sure use `drop_visit_levels = FALSE`.
[1] "WHERE: X, VEGF-C"
In Visit there are dropped visits: 49, 63.
 Additional attributes including contrasts are lost.
To avoid this behavior, make sure use `drop_visit_levels = FALSE`.
[1] "WHERE: C, VEGF-C"
In Visit there are dropped visits: 49, 63.
 Additional attributes including contrasts are lost.
To avoid this behavior, make sure use `drop_visit_levels = FALSE`.
[1] "WHERE: C, VEGF-C"
In Visit there are dropped visits: 49, 63.
 Additional attributes including contrasts are lost.
To avoid this behavior, make sure use `drop_visit_levels = FALSE`.
[1] "WHERE: A, VEGF-C"
In Visit there are dropped visits: 49, 63.
 Additional attributes including contrasts are lost.
To avoid this behavior, make sure use `drop_visit_levels = FALSE`.
[1] "WHERE: A, VEGF-C"
In Visit there are dropped visits: 49, 63, 70.
 Additional attributes including contrasts are lost.
To avoid this behavior, make sure use `drop_visit_levels = FALSE`.
[1] "WHERE: C49, VEGF-C"
In Visit there are dropped visits: 49, 63, 70.
 Additional attributes including contrasts are lost.
To avoid this behavior, make sure use `drop_visit_levels = FALSE`.
[1] "WHERE: C49, VEGF-C"
In Visit there are dropped visits: 49, 63, 70.
 Additional attributes including contrasts are lost.
To avoid this behavior, make sure use `drop_visit_levels = FALSE`.
[1] "WHERE: C36, VEGF-C"
In Visit there are dropped visits: 49, 63.
 Additional attributes including contrasts are lost.
To avoid this behavior, make sure use `drop_visit_levels = FALSE`.
[1] "WHERE: C36, VEGF-C"
In Visit there are dropped visits: 49, 63.
 Additional attributes including contrasts are lost.
To avoid this behavior, make sure use `drop_visit_levels = FALSE`.
[1] "WHERE: 9, VEGF-C"
In Visit there are dropped visits: 21, 49, 63, 70.
 Additional attributes including contrasts are lost.
To avoid this behavior, make sure use `drop_visit_levels = FALSE`.
[1] "WHERE: 9, VEGF-C"
In Visit there are dropped visits: 7, 21, 35, 49, 63, 70.
 Additional attributes including contrasts are lost.
To avoid this behavior, make sure use `drop_visit_levels = FALSE`.
[1] "VEGF-D (VEGF-D)"
[1] "WHERE: X, VEGF-D"
In Visit there are dropped visits: 49, 63.
 Additional attributes including contrasts are lost.
To avoid this behavior, make sure use `drop_visit_levels = FALSE`.
[1] "WHERE: X, VEGF-D"
In Visit there are dropped visits: 49, 63.
 Additional attributes including contrasts are lost.
To avoid this behavior, make sure use `drop_visit_levels = FALSE`.
[1] "WHERE: C, VEGF-D"
In Visit there are dropped visits: 49, 63.
 Additional attributes including contrasts are lost.
To avoid this behavior, make sure use `drop_visit_levels = FALSE`.
[1] "WHERE: C, VEGF-D"
In Visit there are dropped visits: 49, 63.
 Additional attributes including contrasts are lost.
To avoid this behavior, make sure use `drop_visit_levels = FALSE`.
[1] "WHERE: A, VEGF-D"
In Visit there are dropped visits: 49, 63.
 Additional attributes including contrasts are lost.
To avoid this behavior, make sure use `drop_visit_levels = FALSE`.
[1] "WHERE: A, VEGF-D"
In Visit there are dropped visits: 49, 63, 70.
 Additional attributes including contrasts are lost.
To avoid this behavior, make sure use `drop_visit_levels = FALSE`.
[1] "WHERE: C49, VEGF-D"
In Visit there are dropped visits: 49, 63, 70.
 Additional attributes including contrasts are lost.
To avoid this behavior, make sure use `drop_visit_levels = FALSE`.
[1] "WHERE: C49, VEGF-D"
In Visit there are dropped visits: 49, 63, 70.
 Additional attributes including contrasts are lost.
To avoid this behavior, make sure use `drop_visit_levels = FALSE`.
[1] "WHERE: C36, VEGF-D"
In Visit there are dropped visits: 49, 63.
 Additional attributes including contrasts are lost.
To avoid this behavior, make sure use `drop_visit_levels = FALSE`.
[1] "WHERE: C36, VEGF-D"
In Visit there are dropped visits: 49, 63.
 Additional attributes including contrasts are lost.
To avoid this behavior, make sure use `drop_visit_levels = FALSE`.
[1] "WHERE: 9, VEGF-D"
In Visit there are dropped visits: 21, 49, 63, 70.
 Additional attributes including contrasts are lost.
To avoid this behavior, make sure use `drop_visit_levels = FALSE`.
[1] "WHERE: 9, VEGF-D"
In Visit there are dropped visits: 7, 21, 35, 49, 63, 70.
 Additional attributes including contrasts are lost.
To avoid this behavior, make sure use `drop_visit_levels = FALSE`.
[1] "WBC (Leukocytes) (WBC (Leukocytes))"
[1] "WHERE: X, WBC (Leukocytes)"
In Visit there are dropped visits: 49, 63.
 Additional attributes including contrasts are lost.
To avoid this behavior, make sure use `drop_visit_levels = FALSE`.
[1] "WHERE: X, WBC (Leukocytes)"
In Visit there are dropped visits: 49, 63.
 Additional attributes including contrasts are lost.
To avoid this behavior, make sure use `drop_visit_levels = FALSE`.
[1] "WHERE: C, WBC (Leukocytes)"
In Visit there are dropped visits: 49, 63.
 Additional attributes including contrasts are lost.
To avoid this behavior, make sure use `drop_visit_levels = FALSE`.
[1] "WHERE: C, WBC (Leukocytes)"
In Visit there are dropped visits: 49, 63.
 Additional attributes including contrasts are lost.
To avoid this behavior, make sure use `drop_visit_levels = FALSE`.
[1] "WHERE: A, WBC (Leukocytes)"
In Visit there are dropped visits: 49, 63.
 Additional attributes including contrasts are lost.
To avoid this behavior, make sure use `drop_visit_levels = FALSE`.
[1] "WHERE: A, WBC (Leukocytes)"
In Visit there are dropped visits: 49, 63.
 Additional attributes including contrasts are lost.
To avoid this behavior, make sure use `drop_visit_levels = FALSE`.
[1] "WHERE: C49, WBC (Leukocytes)"
In Visit there are dropped visits: 49, 63.
 Additional attributes including contrasts are lost.
To avoid this behavior, make sure use `drop_visit_levels = FALSE`.
[1] "WHERE: C49, WBC (Leukocytes)"
In Visit there are dropped visits: 49, 63.
 Additional attributes including contrasts are lost.
To avoid this behavior, make sure use `drop_visit_levels = FALSE`.
[1] "WHERE: C36, WBC (Leukocytes)"
In Visit there are dropped visits: 49, 63.
 Additional attributes including contrasts are lost.
To avoid this behavior, make sure use `drop_visit_levels = FALSE`.
[1] "WHERE: C36, WBC (Leukocytes)"
In Visit there are dropped visits: 49, 63.
 Additional attributes including contrasts are lost.
To avoid this behavior, make sure use `drop_visit_levels = FALSE`.
[1] "WHERE: 9, WBC (Leukocytes)"
In Visit there are dropped visits: 49, 63.
 Additional attributes including contrasts are lost.
To avoid this behavior, make sure use `drop_visit_levels = FALSE`.
[1] "WHERE: 9, WBC (Leukocytes)"
In Visit there are dropped visits: 49, 63.
 Additional attributes including contrasts are lost.
To avoid this behavior, make sure use `drop_visit_levels = FALSE`.
[1] "Weight (Weight)"
[1] "WHERE: X, Weight"
In Visit there are dropped visits: 7, 21, 35, 49, 63.
 Additional attributes including contrasts are lost.
To avoid this behavior, make sure use `drop_visit_levels = FALSE`.
[1] "WHERE: X, Weight"
In Visit there are dropped visits: 7, 21, 35, 49, 63.
 Additional attributes including contrasts are lost.
To avoid this behavior, make sure use `drop_visit_levels = FALSE`.
[1] "WHERE: C, Weight"
In Visit there are dropped visits: 7, 21, 35, 49, 63.
 Additional attributes including contrasts are lost.
To avoid this behavior, make sure use `drop_visit_levels = FALSE`.
[1] "WHERE: C, Weight"
In Visit there are dropped visits: 7, 21, 35, 49, 63.
 Additional attributes including contrasts are lost.
To avoid this behavior, make sure use `drop_visit_levels = FALSE`.
[1] "WHERE: A, Weight"
In Visit there are dropped visits: 7, 21, 35, 49, 63.
 Additional attributes including contrasts are lost.
To avoid this behavior, make sure use `drop_visit_levels = FALSE`.
[1] "WHERE: A, Weight"
In Visit there are dropped visits: 7, 21, 35, 49, 63.
 Additional attributes including contrasts are lost.
To avoid this behavior, make sure use `drop_visit_levels = FALSE`.
[1] "WHERE: C49, Weight"
In Visit there are dropped visits: 7, 21, 35, 49, 63.
 Additional attributes including contrasts are lost.
To avoid this behavior, make sure use `drop_visit_levels = FALSE`.
[1] "WHERE: C49, Weight"
In Visit there are dropped visits: 7, 21, 35, 49, 63.
 Additional attributes including contrasts are lost.
To avoid this behavior, make sure use `drop_visit_levels = FALSE`.
[1] "WHERE: C36, Weight"
In Visit there are dropped visits: 7, 21, 35, 49, 63.
 Additional attributes including contrasts are lost.
To avoid this behavior, make sure use `drop_visit_levels = FALSE`.
[1] "WHERE: C36, Weight"
In Visit there are dropped visits: 7, 21, 35, 49, 63.
 Additional attributes including contrasts are lost.
To avoid this behavior, make sure use `drop_visit_levels = FALSE`.
[1] "WHERE: 9, Weight"
In Visit there are dropped visits: 7, 21, 35, 49, 63.
 Additional attributes including contrasts are lost.
To avoid this behavior, make sure use `drop_visit_levels = FALSE`.
[1] "WHERE: 9, Weight"
In Visit there are dropped visits: 7, 21, 35, 49, 63.
 Additional attributes including contrasts are lost.
To avoid this behavior, make sure use `drop_visit_levels = FALSE`.
Warning messages:
1: In mmrm(formula = CFB ~ Visit + ar1(Visit | Subject), data = analysis_df_factor,  :
  Divergence with optimizer L-BFGS-B due to problems: L-BFGS-B needs finite values of 'fn'
2: In mmrm(formula = CFB ~ Visit + ar1(Visit | Subject), data = analysis_df_factor,  :
  Divergence with optimizer L-BFGS-B due to problems: L-BFGS-B needs finite values of 'fn'
3: In mmrm(formula = CFB ~ Visit + ar1(Visit | Subject), data = analysis_df_factor,  :
  Divergence with optimizer L-BFGS-B due to problems: L-BFGS-B needs finite values of 'fn'
4: In mmrm(formula = CFB ~ Visit + ar1(Visit | Subject), data = analysis_df_factor,  :
  Divergence with optimizer L-BFGS-B due to problems: L-BFGS-B needs finite values of 'fn'
5: In mmrm(formula = CFB ~ Visit + ar1(Visit | Subject), data = analysis_df_factor,  :
  Divergence with optimizer L-BFGS-B due to problems: L-BFGS-B needs finite values of 'fn'
6: In mmrm(formula = CFB ~ Visit + ar1(Visit | Subject), data = analysis_df_factor,  :
  Divergence with optimizer L-BFGS-B due to problems: L-BFGS-B needs finite values of 'fn'
[1] "Done!"
