mmrm() registered as emmeans extension
Welcome to emmeans.
Caution: You lose important information if you filter this package's results.
See '? untidy'

Attaching package: 'dplyr'

The following object is masked from 'package:MASS':

    select

The following objects are masked from 'package:stats':

    filter, lag

The following objects are masked from 'package:base':

    intersect, setdiff, setequal, union

[1] "&&& PD CREATING QQ?"
[1] "&&& PD CREATING QQ!"
[1] "in mostrecent.R, g.most.recent == 260914"
[1] "IN LAB.APPEND.NLR.R, RIGHT BEFORE THAT CALL"
[1] "IN LAB.APPEND.NLR.R, RIGHT AFTER THAT CALL"
[1] "BIG NOTIFICATION IN 103_BIOMARKERS_APPEND_TO_GG_LAB.R SKIPPING bFGF till I figure about LLOQ"

Attaching package: 'lubridate'

The following objects are masked from 'package:base':

    date, intersect, setdiff, union

[1] "add.pct.change.to.gg.lab loc 0.1"
[1] "add.pct.change.to.gg.lab loc 0.2"
[1] "Block selector 00100 -> running blocks: 3"
[1] "Okay?"
[1] "Is there C1D1 105-006 Insulin?"
[1] "Child's Play!"
 [1] "AAPR"                                        
 [2] "Adiponectin"                                 
 [3] "AGP-2"                                       
 [4] "Albumin"                                     
 [5] "Alkaline Phosphatase"                        
 [6] "ALT - Alanine aminotransferase"              
 [7] "Amylase"                                     
 [8] "Apelin"                                      
 [9] "aPTT - Activated Partial Thromboplastin Time"
[10] "AST - Aspartate Aminotransferase"            
[11] "Basophils (absolute)"                        
[12] "Basophils (percent)"                         
[13] "bFGF"                                        
[14] "Bicarbonate"                                 
[15] "Bilirubin, Direct"                           
[16] "Bilirubin, Indirect"                         
[17] "Bilirubin, Total"                            
[18] "BMI"                                         
[19] "BPDiastolic"                                 
[20] "BPSystolic"                                  
[21] "BUN - Blood Urea Nitrogen"                   
[22] "Calcium, Total"                              
[23] "Chloride"                                    
[24] "Creatine Kinase"                             
[25] "Creatinine"                                  
[26] "Eosinophils (absolute)"                      
[27] "Eosinophils (percent)"                       
[28] "FGF-21"                                      
[29] "GGT - Gamma Glutamyl Transferase"            
[30] "Glucose"                                     
[31] "GM-CSF"                                      
[32] "HbA1c"                                       
[33] "HDL Cholesterol"                             
[34] "Hematocrit"                                  
[35] "Hemoglobin"                                  
[36] "HOMA_IR"                                     
[37] "IGF-1"                                       
[38] "IL-10"                                       
[39] "IL-5"                                        
[40] "INR - International Normalized Ratio"        
[41] "Insulin"                                     
[42] "LAR"                                         
[43] "LDH - Lactate dehydrogenase"                 
[44] "LDL Cholesterol"                             
[45] "Leptin"                                      
[46] "Lipase"                                      
[47] "Lymphocytes (absolute)"                      
[48] "Lymphocytes (percent)"                       
[49] "Magnesium"                                   
[50] "Monocytes (absolute)"                        
[51] "Monocytes (percent)"                         
[52] "Neutrophils (absolute count)"                
[53] "Neutrophils (percent)"                       
[54] "NLR"                                         
[55] "Platelet Count"                              
[56] "Potassium"                                   
[57] "RBC (Erythrocytes)"                          
[58] "sFRP-5"                                      
[59] "Sodium"                                      
[60] "Total Cholesterol"                           
[61] "Total Protein"                               
[62] "Triglycerides"                               
[63] "Uric acid"                                   
[64] "VEGF"                                        
[65] "VEGF-C"                                      
[66] "VEGF-D"                                      
[67] "WBC (Leukocytes)"                            
[68] "Weight"                                      
[1] FALSE
[1] TRUE
[1] "Should have NLR"
[1] "AAPR (AAPR)"
[1] "WHERE: X, AAPR"
In Visit there are dropped visits: 49, 63.
 Additional attributes including contrasts are lost.
To avoid this behavior, make sure use `drop_visit_levels = FALSE`.
[1] "WHERE: X, AAPR"
In Visit there are dropped visits: 49, 63.
 Additional attributes including contrasts are lost.
To avoid this behavior, make sure use `drop_visit_levels = FALSE`.
[1] "WHERE: C, AAPR"
In Visit there are dropped visits: 49, 63.
 Additional attributes including contrasts are lost.
To avoid this behavior, make sure use `drop_visit_levels = FALSE`.
[1] "WHERE: C, AAPR"
In Visit there are dropped visits: 49, 63.
 Additional attributes including contrasts are lost.
To avoid this behavior, make sure use `drop_visit_levels = FALSE`.
[1] "WHERE: A, AAPR"
In Visit there are dropped visits: 49, 63.
 Additional attributes including contrasts are lost.
To avoid this behavior, make sure use `drop_visit_levels = FALSE`.
[1] "WHERE: A, AAPR"
In Visit there are dropped visits: 35, 49, 56, 63, 70.
 Additional attributes including contrasts are lost.
To avoid this behavior, make sure use `drop_visit_levels = FALSE`.
[1] "MMRM FIT FAILED FOR A, AAPR: No optimizer led to a successful model fit. Please try to use a different covariance structure or other covariates."
[1] "next, since analysis_df_factor is NA for AAPR"
[1] "WHERE: C49, AAPR"
In Visit there are dropped visits: 49, 63.
 Additional attributes including contrasts are lost.
To avoid this behavior, make sure use `drop_visit_levels = FALSE`.
[1] "WHERE: C49, AAPR"
In Visit there are dropped visits: 49, 63.
 Additional attributes including contrasts are lost.
To avoid this behavior, make sure use `drop_visit_levels = FALSE`.
[1] "WHERE: C36, AAPR"
In Visit there are dropped visits: 49, 63.
 Additional attributes including contrasts are lost.
To avoid this behavior, make sure use `drop_visit_levels = FALSE`.
[1] "WHERE: C36, AAPR"
In Visit there are dropped visits: 49, 63.
 Additional attributes including contrasts are lost.
To avoid this behavior, make sure use `drop_visit_levels = FALSE`.
[1] "WHERE: 9, AAPR"
In Visit there are dropped visits: 7, 21, 49, 63.
 Additional attributes including contrasts are lost.
To avoid this behavior, make sure use `drop_visit_levels = FALSE`.
[1] "WHERE: 9, AAPR"
In Visit there are dropped visits: 7, 21, 49, 63.
 Additional attributes including contrasts are lost.
To avoid this behavior, make sure use `drop_visit_levels = FALSE`.
[1] "MMRM FIT FAILED FOR 9, AAPR: No optimizer led to a successful model fit. Please try to use a different covariance structure or other covariates."
[1] "next, since analysis_df_factor is NA for AAPR"
[1] "Adiponectin (Adiponectin)"
[1] "WHERE: X, Adiponectin"
In Visit there are dropped visits: 49, 63.
 Additional attributes including contrasts are lost.
To avoid this behavior, make sure use `drop_visit_levels = FALSE`.
[1] "WHERE: X, Adiponectin"
In Visit there are dropped visits: 49, 63.
 Additional attributes including contrasts are lost.
To avoid this behavior, make sure use `drop_visit_levels = FALSE`.
[1] "WHERE: C, Adiponectin"
In Visit there are dropped visits: 49, 63.
 Additional attributes including contrasts are lost.
To avoid this behavior, make sure use `drop_visit_levels = FALSE`.
[1] "WHERE: C, Adiponectin"
In Visit there are dropped visits: 49, 63.
 Additional attributes including contrasts are lost.
To avoid this behavior, make sure use `drop_visit_levels = FALSE`.
[1] "WHERE: A, Adiponectin"
In Visit there are dropped visits: 49, 63.
 Additional attributes including contrasts are lost.
To avoid this behavior, make sure use `drop_visit_levels = FALSE`.
[1] "WHERE: A, Adiponectin"
In Visit there are dropped visits: 49, 56, 63, 70.
 Additional attributes including contrasts are lost.
To avoid this behavior, make sure use `drop_visit_levels = FALSE`.
[1] "EMMEANS WARNING FOR A, Adiponectin: Negative variance estimate obtained!"
[1] "EMMEANS WARNING FOR A, Adiponectin: Negative variance estimate obtained!"
[1] "EMMEANS WARNING FOR A, Adiponectin: Negative variance estimate obtained!"
[1] "EMMEANS WARNING FOR A, Adiponectin: Negative variance estimate obtained!"
[1] "EMMEANS WARNING FOR A, Adiponectin: Negative variance estimate obtained!"
[1] "EMMEANS WARNING FOR A, Adiponectin: Negative variance estimate obtained!"
[1] "EMMEANS WARNING FOR A, Adiponectin: Negative variance estimate obtained!"
[1] "EMMEANS WARNING FOR A, Adiponectin: Negative variance estimate obtained!"
[1] "EMMEANS WARNING FOR A, Adiponectin: Negative variance estimate obtained!"
[1] "EMMEANS WARNING FOR A, Adiponectin: Negative variance estimate obtained!"
[1] "EMMEANS WARNING FOR A, Adiponectin: Negative variance estimate obtained!"
[1] "EMMEANS WARNING FOR A, Adiponectin: Negative variance estimate obtained!"
[1] "EMMEANS/KR FAILED FOR A, Adiponectin: Non-finite or negative SE in LS means"
[1] "WHERE: C49, Adiponectin"
In Visit there are dropped visits: 49, 63, 70.
 Additional attributes including contrasts are lost.
To avoid this behavior, make sure use `drop_visit_levels = FALSE`.
[1] "WHERE: C49, Adiponectin"
In Visit there are dropped visits: 7, 21, 35, 49, 63, 70.
 Additional attributes including contrasts are lost.
To avoid this behavior, make sure use `drop_visit_levels = FALSE`.
[1] "WHERE: C36, Adiponectin"
In Visit there are dropped visits: 49, 63.
 Additional attributes including contrasts are lost.
To avoid this behavior, make sure use `drop_visit_levels = FALSE`.
[1] "WHERE: C36, Adiponectin"
In Visit there are dropped visits: 49, 63.
 Additional attributes including contrasts are lost.
To avoid this behavior, make sure use `drop_visit_levels = FALSE`.
[1] "WHERE: 9, Adiponectin"
In Visit there are dropped visits: 21, 49, 63, 70.
 Additional attributes including contrasts are lost.
To avoid this behavior, make sure use `drop_visit_levels = FALSE`.
[1] "WHERE: 9, Adiponectin"
In Visit there are dropped visits: 7, 21, 35, 49, 63, 70.
 Additional attributes including contrasts are lost.
To avoid this behavior, make sure use `drop_visit_levels = FALSE`.
[1] "MMRM FIT FAILED FOR 9, Adiponectin: No optimizer led to a successful model fit. Please try to use a different covariance structure or other covariates."
[1] "next, since analysis_df_factor is NA for Adiponectin"
[1] "AGP-2 (AGP-2)"
[1] "WHERE: X, AGP-2"
In Visit there are dropped visits: 49, 63.
 Additional attributes including contrasts are lost.
To avoid this behavior, make sure use `drop_visit_levels = FALSE`.
[1] "WHERE: X, AGP-2"
In Visit there are dropped visits: 49, 63.
 Additional attributes including contrasts are lost.
To avoid this behavior, make sure use `drop_visit_levels = FALSE`.
[1] "WHERE: C, AGP-2"
In Visit there are dropped visits: 49, 63.
 Additional attributes including contrasts are lost.
To avoid this behavior, make sure use `drop_visit_levels = FALSE`.
[1] "WHERE: C, AGP-2"
In Visit there are dropped visits: 49, 63.
 Additional attributes including contrasts are lost.
To avoid this behavior, make sure use `drop_visit_levels = FALSE`.
[1] "WHERE: A, AGP-2"
In Visit there are dropped visits: 49, 63.
 Additional attributes including contrasts are lost.
To avoid this behavior, make sure use `drop_visit_levels = FALSE`.
[1] "WHERE: A, AGP-2"
In Visit there are dropped visits: 49, 56, 63, 70.
 Additional attributes including contrasts are lost.
To avoid this behavior, make sure use `drop_visit_levels = FALSE`.
[1] "MMRM FIT FAILED FOR A, AGP-2: No optimizer led to a successful model fit. Please try to use a different covariance structure or other covariates."
[1] "next, since analysis_df_factor is NA for AGP-2"
[1] "WHERE: C49, AGP-2"
In Visit there are dropped visits: 49, 63, 70.
 Additional attributes including contrasts are lost.
To avoid this behavior, make sure use `drop_visit_levels = FALSE`.
[1] "WHERE: C49, AGP-2"
In Visit there are dropped visits: 7, 21, 35, 49, 63, 70.
 Additional attributes including contrasts are lost.
To avoid this behavior, make sure use `drop_visit_levels = FALSE`.
[1] "WHERE: C36, AGP-2"
In Visit there are dropped visits: 49, 63.
 Additional attributes including contrasts are lost.
To avoid this behavior, make sure use `drop_visit_levels = FALSE`.
[1] "WHERE: C36, AGP-2"
In Visit there are dropped visits: 49, 63.
 Additional attributes including contrasts are lost.
To avoid this behavior, make sure use `drop_visit_levels = FALSE`.
[1] "MMRM FIT FAILED FOR C36, AGP-2: No optimizer led to a successful model fit. Please try to use a different covariance structure or other covariates."
[1] "next, since analysis_df_factor is NA for AGP-2"
[1] "WHERE: 9, AGP-2"
In Visit there are dropped visits: 21, 49, 63, 70.
 Additional attributes including contrasts are lost.
To avoid this behavior, make sure use `drop_visit_levels = FALSE`.
[1] "WHERE: 9, AGP-2"
In Visit there are dropped visits: 7, 21, 35, 49, 63, 70.
 Additional attributes including contrasts are lost.
To avoid this behavior, make sure use `drop_visit_levels = FALSE`.
[1] "MMRM FIT FAILED FOR 9, AGP-2: No optimizer led to a successful model fit. Please try to use a different covariance structure or other covariates."
[1] "next, since analysis_df_factor is NA for AGP-2"
[1] "Albumin (Albumin)"
[1] "WHERE: X, Albumin"
In Visit there are dropped visits: 49, 63.
 Additional attributes including contrasts are lost.
To avoid this behavior, make sure use `drop_visit_levels = FALSE`.
[1] "WHERE: X, Albumin"
In Visit there are dropped visits: 49, 63.
 Additional attributes including contrasts are lost.
To avoid this behavior, make sure use `drop_visit_levels = FALSE`.
[1] "WHERE: C, Albumin"
In Visit there are dropped visits: 49, 63.
 Additional attributes including contrasts are lost.
To avoid this behavior, make sure use `drop_visit_levels = FALSE`.
[1] "WHERE: C, Albumin"
In Visit there are dropped visits: 49, 63.
 Additional attributes including contrasts are lost.
To avoid this behavior, make sure use `drop_visit_levels = FALSE`.
[1] "WHERE: A, Albumin"
In Visit there are dropped visits: 49, 63.
 Additional attributes including contrasts are lost.
To avoid this behavior, make sure use `drop_visit_levels = FALSE`.
[1] "WHERE: A, Albumin"
In Visit there are dropped visits: 35, 49, 56, 63, 70.
 Additional attributes including contrasts are lost.
To avoid this behavior, make sure use `drop_visit_levels = FALSE`.
[1] "MMRM FIT FAILED FOR A, Albumin: No optimizer led to a successful model fit. Please try to use a different covariance structure or other covariates."
[1] "next, since analysis_df_factor is NA for Albumin"
[1] "WHERE: C49, Albumin"
In Visit there are dropped visits: 49, 63.
 Additional attributes including contrasts are lost.
To avoid this behavior, make sure use `drop_visit_levels = FALSE`.
[1] "WHERE: C49, Albumin"
In Visit there are dropped visits: 49, 63.
 Additional attributes including contrasts are lost.
To avoid this behavior, make sure use `drop_visit_levels = FALSE`.
[1] "WHERE: C36, Albumin"
In Visit there are dropped visits: 49, 63.
 Additional attributes including contrasts are lost.
To avoid this behavior, make sure use `drop_visit_levels = FALSE`.
[1] "WHERE: C36, Albumin"
In Visit there are dropped visits: 49, 63.
 Additional attributes including contrasts are lost.
To avoid this behavior, make sure use `drop_visit_levels = FALSE`.
[1] "WHERE: 9, Albumin"
In Visit there are dropped visits: 7, 21, 49, 63.
 Additional attributes including contrasts are lost.
To avoid this behavior, make sure use `drop_visit_levels = FALSE`.
[1] "WHERE: 9, Albumin"
In Visit there are dropped visits: 7, 21, 49, 63.
 Additional attributes including contrasts are lost.
To avoid this behavior, make sure use `drop_visit_levels = FALSE`.
[1] "MMRM FIT FAILED FOR 9, Albumin: No optimizer led to a successful model fit. Please try to use a different covariance structure or other covariates."
[1] "next, since analysis_df_factor is NA for Albumin"
[1] "Alkaline Phosphatase (Alkaline Phosphatase)"
[1] "WHERE: X, Alkaline Phosphatase"
In Visit there are dropped visits: 49, 63.
 Additional attributes including contrasts are lost.
To avoid this behavior, make sure use `drop_visit_levels = FALSE`.
[1] "WHERE: X, Alkaline Phosphatase"
In Visit there are dropped visits: 49, 63.
 Additional attributes including contrasts are lost.
To avoid this behavior, make sure use `drop_visit_levels = FALSE`.
[1] "WHERE: C, Alkaline Phosphatase"
In Visit there are dropped visits: 49, 63.
 Additional attributes including contrasts are lost.
To avoid this behavior, make sure use `drop_visit_levels = FALSE`.
[1] "WHERE: C, Alkaline Phosphatase"
In Visit there are dropped visits: 49, 63.
 Additional attributes including contrasts are lost.
To avoid this behavior, make sure use `drop_visit_levels = FALSE`.
[1] "WHERE: A, Alkaline Phosphatase"
In Visit there are dropped visits: 49, 63.
 Additional attributes including contrasts are lost.
To avoid this behavior, make sure use `drop_visit_levels = FALSE`.
[1] "WHERE: A, Alkaline Phosphatase"
In Visit there are dropped visits: 35, 49, 56, 63, 70.
 Additional attributes including contrasts are lost.
To avoid this behavior, make sure use `drop_visit_levels = FALSE`.
[1] "MMRM FIT FAILED FOR A, Alkaline Phosphatase: No optimizer led to a successful model fit. Please try to use a different covariance structure or other covariates."
[1] "next, since analysis_df_factor is NA for Alkaline Phosphatase"
[1] "WHERE: C49, Alkaline Phosphatase"
In Visit there are dropped visits: 49, 63.
 Additional attributes including contrasts are lost.
To avoid this behavior, make sure use `drop_visit_levels = FALSE`.
[1] "WHERE: C49, Alkaline Phosphatase"
In Visit there are dropped visits: 49, 63.
 Additional attributes including contrasts are lost.
To avoid this behavior, make sure use `drop_visit_levels = FALSE`.
[1] "WHERE: C36, Alkaline Phosphatase"
In Visit there are dropped visits: 49, 63.
 Additional attributes including contrasts are lost.
To avoid this behavior, make sure use `drop_visit_levels = FALSE`.
[1] "WHERE: C36, Alkaline Phosphatase"
In Visit there are dropped visits: 49, 63.
 Additional attributes including contrasts are lost.
To avoid this behavior, make sure use `drop_visit_levels = FALSE`.
[1] "WHERE: 9, Alkaline Phosphatase"
In Visit there are dropped visits: 7, 21, 49, 63.
 Additional attributes including contrasts are lost.
To avoid this behavior, make sure use `drop_visit_levels = FALSE`.
[1] "WHERE: 9, Alkaline Phosphatase"
In Visit there are dropped visits: 7, 21, 49, 63.
 Additional attributes including contrasts are lost.
To avoid this behavior, make sure use `drop_visit_levels = FALSE`.
[1] "MMRM FIT FAILED FOR 9, Alkaline Phosphatase: No optimizer led to a successful model fit. Please try to use a different covariance structure or other covariates."
[1] "next, since analysis_df_factor is NA for Alkaline Phosphatase"
[1] "ALT - Alanine aminotransferase (ALT)"
[1] "WHERE: X, ALT - Alanine aminotransferase"
In Visit there are dropped visits: 49, 63.
 Additional attributes including contrasts are lost.
To avoid this behavior, make sure use `drop_visit_levels = FALSE`.
[1] "WHERE: X, ALT - Alanine aminotransferase"
In Visit there are dropped visits: 49, 63.
 Additional attributes including contrasts are lost.
To avoid this behavior, make sure use `drop_visit_levels = FALSE`.
[1] "WHERE: C, ALT - Alanine aminotransferase"
In Visit there are dropped visits: 49, 63.
 Additional attributes including contrasts are lost.
To avoid this behavior, make sure use `drop_visit_levels = FALSE`.
[1] "WHERE: C, ALT - Alanine aminotransferase"
In Visit there are dropped visits: 49, 63.
 Additional attributes including contrasts are lost.
To avoid this behavior, make sure use `drop_visit_levels = FALSE`.
[1] "WHERE: A, ALT - Alanine aminotransferase"
In Visit there are dropped visits: 49, 63.
 Additional attributes including contrasts are lost.
To avoid this behavior, make sure use `drop_visit_levels = FALSE`.
[1] "WHERE: A, ALT - Alanine aminotransferase"
In Visit there are dropped visits: 35, 49, 56, 63, 70.
 Additional attributes including contrasts are lost.
To avoid this behavior, make sure use `drop_visit_levels = FALSE`.
[1] "MMRM FIT FAILED FOR A, ALT - Alanine aminotransferase: No optimizer led to a successful model fit. Please try to use a different covariance structure or other covariates."
[1] "next, since analysis_df_factor is NA for ALT - Alanine aminotransferase"
[1] "WHERE: C49, ALT - Alanine aminotransferase"
In Visit there are dropped visits: 49, 63.
 Additional attributes including contrasts are lost.
To avoid this behavior, make sure use `drop_visit_levels = FALSE`.
[1] "WHERE: C49, ALT - Alanine aminotransferase"
In Visit there are dropped visits: 49, 63.
 Additional attributes including contrasts are lost.
To avoid this behavior, make sure use `drop_visit_levels = FALSE`.
[1] "WHERE: C36, ALT - Alanine aminotransferase"
In Visit there are dropped visits: 49, 63.
 Additional attributes including contrasts are lost.
To avoid this behavior, make sure use `drop_visit_levels = FALSE`.
[1] "WHERE: C36, ALT - Alanine aminotransferase"
In Visit there are dropped visits: 49, 63.
 Additional attributes including contrasts are lost.
To avoid this behavior, make sure use `drop_visit_levels = FALSE`.
[1] "WHERE: 9, ALT - Alanine aminotransferase"
In Visit there are dropped visits: 7, 21, 49, 63.
 Additional attributes including contrasts are lost.
To avoid this behavior, make sure use `drop_visit_levels = FALSE`.
[1] "WHERE: 9, ALT - Alanine aminotransferase"
In Visit there are dropped visits: 7, 21, 49, 63.
 Additional attributes including contrasts are lost.
To avoid this behavior, make sure use `drop_visit_levels = FALSE`.
[1] "EMMEANS WARNING FOR 9, ALT - Alanine aminotransferase: Negative variance estimate obtained!"
[1] "EMMEANS WARNING FOR 9, ALT - Alanine aminotransferase: Negative variance estimate obtained!"
[1] "EMMEANS WARNING FOR 9, ALT - Alanine aminotransferase: Negative variance estimate obtained!"
[1] "EMMEANS WARNING FOR 9, ALT - Alanine aminotransferase: Negative variance estimate obtained!"
[1] "EMMEANS WARNING FOR 9, ALT - Alanine aminotransferase: Negative variance estimate obtained!"
[1] "EMMEANS WARNING FOR 9, ALT - Alanine aminotransferase: Negative variance estimate obtained!"
[1] "EMMEANS WARNING FOR 9, ALT - Alanine aminotransferase: Negative variance estimate obtained!"
[1] "EMMEANS WARNING FOR 9, ALT - Alanine aminotransferase: Negative variance estimate obtained!"
[1] "EMMEANS WARNING FOR 9, ALT - Alanine aminotransferase: Negative variance estimate obtained!"
[1] "EMMEANS WARNING FOR 9, ALT - Alanine aminotransferase: Negative variance estimate obtained!"
[1] "EMMEANS WARNING FOR 9, ALT - Alanine aminotransferase: Negative variance estimate obtained!"
[1] "EMMEANS WARNING FOR 9, ALT - Alanine aminotransferase: Negative variance estimate obtained!"
[1] "EMMEANS/KR FAILED FOR 9, ALT - Alanine aminotransferase: Non-finite or negative SE in LS means"
[1] "Amylase (Amylase)"
[1] "WHERE: X, Amylase"
In Visit there are dropped visits: 49, 63.
 Additional attributes including contrasts are lost.
To avoid this behavior, make sure use `drop_visit_levels = FALSE`.
[1] "WHERE: X, Amylase"
In Visit there are dropped visits: 49, 63.
 Additional attributes including contrasts are lost.
To avoid this behavior, make sure use `drop_visit_levels = FALSE`.
[1] "WHERE: C, Amylase"
In Visit there are dropped visits: 49, 63.
 Additional attributes including contrasts are lost.
To avoid this behavior, make sure use `drop_visit_levels = FALSE`.
[1] "WHERE: C, Amylase"
In Visit there are dropped visits: 49, 63.
 Additional attributes including contrasts are lost.
To avoid this behavior, make sure use `drop_visit_levels = FALSE`.
[1] "WHERE: A, Amylase"
In Visit there are dropped visits: 49, 63.
 Additional attributes including contrasts are lost.
To avoid this behavior, make sure use `drop_visit_levels = FALSE`.
[1] "WHERE: A, Amylase"
In Visit there are dropped visits: 35, 49, 56, 63, 70.
 Additional attributes including contrasts are lost.
To avoid this behavior, make sure use `drop_visit_levels = FALSE`.
[1] "MMRM FIT FAILED FOR A, Amylase: No optimizer led to a successful model fit. Please try to use a different covariance structure or other covariates."
[1] "next, since analysis_df_factor is NA for Amylase"
[1] "WHERE: C49, Amylase"
In Visit there are dropped visits: 49, 63.
 Additional attributes including contrasts are lost.
To avoid this behavior, make sure use `drop_visit_levels = FALSE`.
[1] "WHERE: C49, Amylase"
In Visit there are dropped visits: 7, 49, 63.
 Additional attributes including contrasts are lost.
To avoid this behavior, make sure use `drop_visit_levels = FALSE`.
[1] "WHERE: C36, Amylase"
In Visit there are dropped visits: 49, 63.
 Additional attributes including contrasts are lost.
To avoid this behavior, make sure use `drop_visit_levels = FALSE`.
[1] "WHERE: C36, Amylase"
In Visit there are dropped visits: 49, 63.
 Additional attributes including contrasts are lost.
To avoid this behavior, make sure use `drop_visit_levels = FALSE`.
[1] "WHERE: 9, Amylase"
In Visit there are dropped visits: 7, 21, 49, 63.
 Additional attributes including contrasts are lost.
To avoid this behavior, make sure use `drop_visit_levels = FALSE`.
[1] "WHERE: 9, Amylase"
In Visit there are dropped visits: 7, 21, 49, 63.
 Additional attributes including contrasts are lost.
To avoid this behavior, make sure use `drop_visit_levels = FALSE`.
[1] "EMMEANS WARNING FOR 9, Amylase: Negative variance estimate obtained!"
[1] "EMMEANS WARNING FOR 9, Amylase: Negative variance estimate obtained!"
[1] "EMMEANS WARNING FOR 9, Amylase: Negative variance estimate obtained!"
[1] "EMMEANS WARNING FOR 9, Amylase: Negative variance estimate obtained!"
[1] "EMMEANS WARNING FOR 9, Amylase: Negative variance estimate obtained!"
[1] "EMMEANS WARNING FOR 9, Amylase: Negative variance estimate obtained!"
[1] "EMMEANS WARNING FOR 9, Amylase: Negative variance estimate obtained!"
[1] "EMMEANS WARNING FOR 9, Amylase: Negative variance estimate obtained!"
[1] "EMMEANS WARNING FOR 9, Amylase: Negative variance estimate obtained!"
[1] "EMMEANS WARNING FOR 9, Amylase: Negative variance estimate obtained!"
[1] "EMMEANS WARNING FOR 9, Amylase: Negative variance estimate obtained!"
[1] "EMMEANS WARNING FOR 9, Amylase: Negative variance estimate obtained!"
[1] "EMMEANS/KR FAILED FOR 9, Amylase: Non-finite or negative SE in LS means"
[1] "Apelin (Apelin)"
[1] "WHERE: X, Apelin"
In Visit there are dropped visits: 49, 63.
 Additional attributes including contrasts are lost.
To avoid this behavior, make sure use `drop_visit_levels = FALSE`.
[1] "WHERE: X, Apelin"
In Visit there are dropped visits: 49, 56, 63, 70.
 Additional attributes including contrasts are lost.
To avoid this behavior, make sure use `drop_visit_levels = FALSE`.
[1] "EMMEANS WARNING FOR X, Apelin: Negative variance estimate obtained!"
[1] "EMMEANS WARNING FOR X, Apelin: Negative variance estimate obtained!"
[1] "EMMEANS WARNING FOR X, Apelin: Negative variance estimate obtained!"
[1] "EMMEANS WARNING FOR X, Apelin: Negative variance estimate obtained!"
[1] "EMMEANS WARNING FOR X, Apelin: Negative variance estimate obtained!"
[1] "EMMEANS WARNING FOR X, Apelin: Negative variance estimate obtained!"
[1] "EMMEANS WARNING FOR X, Apelin: Negative variance estimate obtained!"
[1] "EMMEANS WARNING FOR X, Apelin: Negative variance estimate obtained!"
[1] "EMMEANS WARNING FOR X, Apelin: Negative variance estimate obtained!"
[1] "EMMEANS WARNING FOR X, Apelin: Negative variance estimate obtained!"
[1] "EMMEANS WARNING FOR X, Apelin: Negative variance estimate obtained!"
[1] "EMMEANS WARNING FOR X, Apelin: Negative variance estimate obtained!"
[1] "EMMEANS/KR FAILED FOR X, Apelin: Non-finite or negative SE in LS means"
[1] "WHERE: C, Apelin"
In Visit there are dropped visits: 49, 63.
 Additional attributes including contrasts are lost.
To avoid this behavior, make sure use `drop_visit_levels = FALSE`.
[1] "WHERE: C, Apelin"
[1] "SKIP NO REASON OR EMPTY DATA FRAME FOR C, Apelin with rowcount 0"
[1] "next, since analysis_df_factor is NA for Apelin"
[1] "WHERE: A, Apelin"
In Visit there are dropped visits: 49, 63.
 Additional attributes including contrasts are lost.
To avoid this behavior, make sure use `drop_visit_levels = FALSE`.
[1] "WHERE: A, Apelin"
In Visit there are dropped visits: 49, 56, 63, 70.
 Additional attributes including contrasts are lost.
To avoid this behavior, make sure use `drop_visit_levels = FALSE`.
[1] "EMMEANS WARNING FOR A, Apelin: Negative variance estimate obtained!"
[1] "EMMEANS WARNING FOR A, Apelin: Negative variance estimate obtained!"
[1] "EMMEANS WARNING FOR A, Apelin: Negative variance estimate obtained!"
[1] "EMMEANS WARNING FOR A, Apelin: Negative variance estimate obtained!"
[1] "EMMEANS WARNING FOR A, Apelin: Negative variance estimate obtained!"
[1] "EMMEANS WARNING FOR A, Apelin: Negative variance estimate obtained!"
[1] "EMMEANS WARNING FOR A, Apelin: Negative variance estimate obtained!"
[1] "EMMEANS WARNING FOR A, Apelin: Negative variance estimate obtained!"
[1] "EMMEANS WARNING FOR A, Apelin: Negative variance estimate obtained!"
[1] "EMMEANS WARNING FOR A, Apelin: Negative variance estimate obtained!"
[1] "EMMEANS WARNING FOR A, Apelin: Negative variance estimate obtained!"
[1] "EMMEANS WARNING FOR A, Apelin: Negative variance estimate obtained!"
[1] "EMMEANS/KR FAILED FOR A, Apelin: Non-finite or negative SE in LS means"
[1] "WHERE: C49, Apelin"
[1] "SKIP NO REASON OR EMPTY DATA FRAME FOR C49, Apelin with rowcount 0"
[1] "WHERE: C49, Apelin"
[1] "SKIP NO REASON OR EMPTY DATA FRAME FOR C49, Apelin with rowcount 0"
[1] "NO PLOTTABLE DATA FOR C49, Apelin"
[1] "WHERE: C36, Apelin"
In Visit there are dropped visits: 49, 63.
 Additional attributes including contrasts are lost.
To avoid this behavior, make sure use `drop_visit_levels = FALSE`.
[1] "WHERE: C36, Apelin"
[1] "SKIP NO REASON OR EMPTY DATA FRAME FOR C36, Apelin with rowcount 0"
[1] "next, since analysis_df_factor is NA for Apelin"
[1] "WHERE: 9, Apelin"
[1] "SKIP NO REASON OR EMPTY DATA FRAME FOR 9, Apelin with rowcount 0"
[1] "WHERE: 9, Apelin"
[1] "SKIP NO REASON OR EMPTY DATA FRAME FOR 9, Apelin with rowcount 0"
[1] "NO PLOTTABLE DATA FOR 9, Apelin"
[1] "aPTT - Activated Partial Thromboplastin Time (aPTT)"
[1] "WHERE: X, aPTT - Activated Partial Thromboplastin Time"
In Visit there are dropped visits: 7, 21, 35, 42, 49, 63, 70.
 Additional attributes including contrasts are lost.
To avoid this behavior, make sure use `drop_visit_levels = FALSE`.
[1] "WHERE: X, aPTT - Activated Partial Thromboplastin Time"
In Visit there are dropped visits: 7, 21, 35, 42, 49, 63, 70.
 Additional attributes including contrasts are lost.
To avoid this behavior, make sure use `drop_visit_levels = FALSE`.
[1] "WHERE: C, aPTT - Activated Partial Thromboplastin Time"
In Visit there are dropped visits: 7, 21, 35, 42, 49, 63, 70.
 Additional attributes including contrasts are lost.
To avoid this behavior, make sure use `drop_visit_levels = FALSE`.
[1] "WHERE: C, aPTT - Activated Partial Thromboplastin Time"
In Visit there are dropped visits: 7, 21, 35, 42, 49, 63, 70.
 Additional attributes including contrasts are lost.
To avoid this behavior, make sure use `drop_visit_levels = FALSE`.
[1] "WHERE: A, aPTT - Activated Partial Thromboplastin Time"
In Visit there are dropped visits: 7, 21, 35, 42, 49, 63, 70.
 Additional attributes including contrasts are lost.
To avoid this behavior, make sure use `drop_visit_levels = FALSE`.
[1] "WHERE: A, aPTT - Activated Partial Thromboplastin Time"
In Visit there are dropped visits: 7, 21, 35, 42, 49, 56, 63, 70.
 Additional attributes including contrasts are lost.
To avoid this behavior, make sure use `drop_visit_levels = FALSE`.
[1] "MMRM FIT FAILED FOR A, aPTT - Activated Partial Thromboplastin Time: No optimizer led to a successful model fit. Please try to use a different covariance structure or other covariates."
[1] "next, since analysis_df_factor is NA for aPTT - Activated Partial Thromboplastin Time"
[1] "WHERE: C49, aPTT - Activated Partial Thromboplastin Time"
In Visit there are dropped visits: 7, 21, 35, 42, 49, 63, 70.
 Additional attributes including contrasts are lost.
To avoid this behavior, make sure use `drop_visit_levels = FALSE`.
[1] "WHERE: C49, aPTT - Activated Partial Thromboplastin Time"
In Visit there are dropped visits: 7, 21, 35, 42, 49, 56, 63, 70.
 Additional attributes including contrasts are lost.
To avoid this behavior, make sure use `drop_visit_levels = FALSE`.
[1] "MMRM FIT FAILED FOR C49, aPTT - Activated Partial Thromboplastin Time: No optimizer led to a successful model fit. Please try to use a different covariance structure or other covariates."
[1] "next, since analysis_df_factor is NA for aPTT - Activated Partial Thromboplastin Time"
[1] "WHERE: C36, aPTT - Activated Partial Thromboplastin Time"
In Visit there are dropped visits: 7, 21, 35, 42, 49, 63, 70.
 Additional attributes including contrasts are lost.
To avoid this behavior, make sure use `drop_visit_levels = FALSE`.
[1] "WHERE: C36, aPTT - Activated Partial Thromboplastin Time"
In Visit there are dropped visits: 7, 21, 35, 42, 49, 63, 70.
 Additional attributes including contrasts are lost.
To avoid this behavior, make sure use `drop_visit_levels = FALSE`.
[1] "WHERE: 9, aPTT - Activated Partial Thromboplastin Time"
In Visit there are dropped visits: 7, 21, 35, 42, 49, 63, 70.
 Additional attributes including contrasts are lost.
To avoid this behavior, make sure use `drop_visit_levels = FALSE`.
[1] "WHERE: 9, aPTT - Activated Partial Thromboplastin Time"
[1] "next, since analysis_df_factor is NA for aPTT - Activated Partial Thromboplastin Time"
[1] "AST - Aspartate Aminotransferase (AST)"
[1] "WHERE: X, AST - Aspartate Aminotransferase"
In Visit there are dropped visits: 49, 63.
 Additional attributes including contrasts are lost.
To avoid this behavior, make sure use `drop_visit_levels = FALSE`.
[1] "WHERE: X, AST - Aspartate Aminotransferase"
In Visit there are dropped visits: 49, 63.
 Additional attributes including contrasts are lost.
To avoid this behavior, make sure use `drop_visit_levels = FALSE`.
[1] "WHERE: C, AST - Aspartate Aminotransferase"
In Visit there are dropped visits: 49, 63.
 Additional attributes including contrasts are lost.
To avoid this behavior, make sure use `drop_visit_levels = FALSE`.
[1] "WHERE: C, AST - Aspartate Aminotransferase"
In Visit there are dropped visits: 49, 63.
 Additional attributes including contrasts are lost.
To avoid this behavior, make sure use `drop_visit_levels = FALSE`.
[1] "WHERE: A, AST - Aspartate Aminotransferase"
In Visit there are dropped visits: 49, 63.
 Additional attributes including contrasts are lost.
To avoid this behavior, make sure use `drop_visit_levels = FALSE`.
[1] "WHERE: A, AST - Aspartate Aminotransferase"
In Visit there are dropped visits: 35, 49, 56, 63, 70.
 Additional attributes including contrasts are lost.
To avoid this behavior, make sure use `drop_visit_levels = FALSE`.
[1] "MMRM FIT FAILED FOR A, AST - Aspartate Aminotransferase: No optimizer led to a successful model fit. Please try to use a different covariance structure or other covariates."
[1] "next, since analysis_df_factor is NA for AST - Aspartate Aminotransferase"
[1] "WHERE: C49, AST - Aspartate Aminotransferase"
In Visit there are dropped visits: 49, 63.
 Additional attributes including contrasts are lost.
To avoid this behavior, make sure use `drop_visit_levels = FALSE`.
[1] "WHERE: C49, AST - Aspartate Aminotransferase"
In Visit there are dropped visits: 49, 63.
 Additional attributes including contrasts are lost.
To avoid this behavior, make sure use `drop_visit_levels = FALSE`.
[1] "WHERE: C36, AST - Aspartate Aminotransferase"
In Visit there are dropped visits: 49, 63.
 Additional attributes including contrasts are lost.
To avoid this behavior, make sure use `drop_visit_levels = FALSE`.
[1] "WHERE: C36, AST - Aspartate Aminotransferase"
In Visit there are dropped visits: 49, 63.
 Additional attributes including contrasts are lost.
To avoid this behavior, make sure use `drop_visit_levels = FALSE`.
[1] "WHERE: 9, AST - Aspartate Aminotransferase"
In Visit there are dropped visits: 7, 21, 49, 63.
 Additional attributes including contrasts are lost.
To avoid this behavior, make sure use `drop_visit_levels = FALSE`.
[1] "WHERE: 9, AST - Aspartate Aminotransferase"
In Visit there are dropped visits: 7, 21, 49, 63.
 Additional attributes including contrasts are lost.
To avoid this behavior, make sure use `drop_visit_levels = FALSE`.
[1] "EMMEANS WARNING FOR 9, AST - Aspartate Aminotransferase: Negative variance estimate obtained!"
[1] "EMMEANS WARNING FOR 9, AST - Aspartate Aminotransferase: Negative variance estimate obtained!"
[1] "EMMEANS WARNING FOR 9, AST - Aspartate Aminotransferase: Negative variance estimate obtained!"
[1] "EMMEANS WARNING FOR 9, AST - Aspartate Aminotransferase: Negative variance estimate obtained!"
[1] "EMMEANS WARNING FOR 9, AST - Aspartate Aminotransferase: Negative variance estimate obtained!"
[1] "EMMEANS WARNING FOR 9, AST - Aspartate Aminotransferase: Negative variance estimate obtained!"
[1] "EMMEANS WARNING FOR 9, AST - Aspartate Aminotransferase: Negative variance estimate obtained!"
[1] "EMMEANS WARNING FOR 9, AST - Aspartate Aminotransferase: Negative variance estimate obtained!"
[1] "EMMEANS WARNING FOR 9, AST - Aspartate Aminotransferase: Negative variance estimate obtained!"
[1] "EMMEANS WARNING FOR 9, AST - Aspartate Aminotransferase: Negative variance estimate obtained!"
[1] "EMMEANS WARNING FOR 9, AST - Aspartate Aminotransferase: Negative variance estimate obtained!"
[1] "EMMEANS WARNING FOR 9, AST - Aspartate Aminotransferase: Negative variance estimate obtained!"
[1] "EMMEANS/KR FAILED FOR 9, AST - Aspartate Aminotransferase: Non-finite or negative SE in LS means"
[1] "Basophils (absolute) (Basophils (abs))"
[1] "WHERE: X, Basophils (absolute)"
In Visit there are dropped visits: 49, 63.
 Additional attributes including contrasts are lost.
To avoid this behavior, make sure use `drop_visit_levels = FALSE`.
[1] "WHERE: X, Basophils (absolute)"
In Visit there are dropped visits: 49, 63.
 Additional attributes including contrasts are lost.
To avoid this behavior, make sure use `drop_visit_levels = FALSE`.
[1] "WHERE: C, Basophils (absolute)"
In Visit there are dropped visits: 49, 63.
 Additional attributes including contrasts are lost.
To avoid this behavior, make sure use `drop_visit_levels = FALSE`.
[1] "WHERE: C, Basophils (absolute)"
In Visit there are dropped visits: 49, 63.
 Additional attributes including contrasts are lost.
To avoid this behavior, make sure use `drop_visit_levels = FALSE`.
[1] "WHERE: A, Basophils (absolute)"
In Visit there are dropped visits: 49, 63.
 Additional attributes including contrasts are lost.
To avoid this behavior, make sure use `drop_visit_levels = FALSE`.
[1] "WHERE: A, Basophils (absolute)"
In Visit there are dropped visits: 49, 56, 63, 70.
 Additional attributes including contrasts are lost.
To avoid this behavior, make sure use `drop_visit_levels = FALSE`.
[1] "MMRM FIT FAILED FOR A, Basophils (absolute): No optimizer led to a successful model fit. Please try to use a different covariance structure or other covariates."
[1] "next, since analysis_df_factor is NA for Basophils (absolute)"
[1] "WHERE: C49, Basophils (absolute)"
In Visit there are dropped visits: 49, 63.
 Additional attributes including contrasts are lost.
To avoid this behavior, make sure use `drop_visit_levels = FALSE`.
[1] "WHERE: C49, Basophils (absolute)"
In Visit there are dropped visits: 49, 63.
 Additional attributes including contrasts are lost.
To avoid this behavior, make sure use `drop_visit_levels = FALSE`.
[1] "WHERE: C36, Basophils (absolute)"
In Visit there are dropped visits: 49, 63.
 Additional attributes including contrasts are lost.
To avoid this behavior, make sure use `drop_visit_levels = FALSE`.
[1] "WHERE: C36, Basophils (absolute)"
In Visit there are dropped visits: 49, 63.
 Additional attributes including contrasts are lost.
To avoid this behavior, make sure use `drop_visit_levels = FALSE`.
[1] "WHERE: 9, Basophils (absolute)"
In Visit there are dropped visits: 49, 63.
 Additional attributes including contrasts are lost.
To avoid this behavior, make sure use `drop_visit_levels = FALSE`.
[1] "WHERE: 9, Basophils (absolute)"
In Visit there are dropped visits: 49, 63.
 Additional attributes including contrasts are lost.
To avoid this behavior, make sure use `drop_visit_levels = FALSE`.
[1] "EMMEANS WARNING FOR 9, Basophils (absolute): Negative variance estimate obtained!"
[1] "EMMEANS WARNING FOR 9, Basophils (absolute): Negative variance estimate obtained!"
[1] "EMMEANS WARNING FOR 9, Basophils (absolute): Negative variance estimate obtained!"
[1] "EMMEANS WARNING FOR 9, Basophils (absolute): Negative variance estimate obtained!"
[1] "EMMEANS WARNING FOR 9, Basophils (absolute): Negative variance estimate obtained!"
[1] "EMMEANS WARNING FOR 9, Basophils (absolute): Negative variance estimate obtained!"
[1] "EMMEANS WARNING FOR 9, Basophils (absolute): Negative variance estimate obtained!"
[1] "EMMEANS WARNING FOR 9, Basophils (absolute): Negative variance estimate obtained!"
[1] "EMMEANS WARNING FOR 9, Basophils (absolute): Negative variance estimate obtained!"
[1] "EMMEANS WARNING FOR 9, Basophils (absolute): Negative variance estimate obtained!"
[1] "EMMEANS WARNING FOR 9, Basophils (absolute): Negative variance estimate obtained!"
[1] "EMMEANS WARNING FOR 9, Basophils (absolute): Negative variance estimate obtained!"
[1] "EMMEANS WARNING FOR 9, Basophils (absolute): Negative variance estimate obtained!"
[1] "EMMEANS WARNING FOR 9, Basophils (absolute): Negative variance estimate obtained!"
[1] "EMMEANS WARNING FOR 9, Basophils (absolute): Negative variance estimate obtained!"
[1] "EMMEANS WARNING FOR 9, Basophils (absolute): Negative variance estimate obtained!"
[1] "EMMEANS/KR FAILED FOR 9, Basophils (absolute): Non-finite or negative SE in LS means"
[1] "Basophils (percent) (Basophils (%))"
[1] "WHERE: X, Basophils (percent)"
In Visit there are dropped visits: 49, 63.
 Additional attributes including contrasts are lost.
To avoid this behavior, make sure use `drop_visit_levels = FALSE`.
[1] "WHERE: X, Basophils (percent)"
[1] "next, since analysis_df_factor is NA for Basophils (percent)"
[1] "WHERE: C, Basophils (percent)"
In Visit there are dropped visits: 49, 63.
 Additional attributes including contrasts are lost.
To avoid this behavior, make sure use `drop_visit_levels = FALSE`.
[1] "WHERE: C, Basophils (percent)"
[1] "next, since analysis_df_factor is NA for Basophils (percent)"
[1] "WHERE: A, Basophils (percent)"
In Visit there are dropped visits: 49, 63.
 Additional attributes including contrasts are lost.
To avoid this behavior, make sure use `drop_visit_levels = FALSE`.
[1] "WHERE: A, Basophils (percent)"
[1] "SKIP NO REASON OR EMPTY DATA FRAME FOR A, Basophils (percent) with rowcount 0"
[1] "next, since analysis_df_factor is NA for Basophils (percent)"
[1] "WHERE: C49, Basophils (percent)"
In Visit there are dropped visits: 49, 63.
 Additional attributes including contrasts are lost.
To avoid this behavior, make sure use `drop_visit_levels = FALSE`.
[1] "WHERE: C49, Basophils (percent)"
[1] "SKIP NO REASON OR EMPTY DATA FRAME FOR C49, Basophils (percent) with rowcount 0"
[1] "next, since analysis_df_factor is NA for Basophils (percent)"
[1] "WHERE: C36, Basophils (percent)"
In Visit there are dropped visits: 49, 63.
 Additional attributes including contrasts are lost.
To avoid this behavior, make sure use `drop_visit_levels = FALSE`.
[1] "MMRM FIT FAILED FOR C36, Basophils (percent): No optimizer led to a successful model fit. Please try to use a different covariance structure or other covariates."
[1] "WHERE: C36, Basophils (percent)"
[1] "NO PLOTTABLE DATA FOR C36, Basophils (percent)"
[1] "WHERE: 9, Basophils (percent)"
In Visit there are dropped visits: 49, 63.
 Additional attributes including contrasts are lost.
To avoid this behavior, make sure use `drop_visit_levels = FALSE`.
[1] "WHERE: 9, Basophils (percent)"
[1] "SKIP NO REASON OR EMPTY DATA FRAME FOR 9, Basophils (percent) with rowcount 0"
[1] "next, since analysis_df_factor is NA for Basophils (percent)"
[1] "bFGF (bFGF)"
[1] "WHERE: X, bFGF"
In Visit there are dropped visits: 49, 63.
 Additional attributes including contrasts are lost.
To avoid this behavior, make sure use `drop_visit_levels = FALSE`.
[1] "WHERE: X, bFGF"
In Visit there are dropped visits: 49, 63.
 Additional attributes including contrasts are lost.
To avoid this behavior, make sure use `drop_visit_levels = FALSE`.
[1] "WHERE: C, bFGF"
In Visit there are dropped visits: 49, 63.
 Additional attributes including contrasts are lost.
To avoid this behavior, make sure use `drop_visit_levels = FALSE`.
[1] "WHERE: C, bFGF"
In Visit there are dropped visits: 49, 63.
 Additional attributes including contrasts are lost.
To avoid this behavior, make sure use `drop_visit_levels = FALSE`.
[1] "WHERE: A, bFGF"
In Visit there are dropped visits: 49, 63.
 Additional attributes including contrasts are lost.
To avoid this behavior, make sure use `drop_visit_levels = FALSE`.
[1] "WHERE: A, bFGF"
In Visit there are dropped visits: 7, 14, 42, 49, 56, 63, 70.
 Additional attributes including contrasts are lost.
To avoid this behavior, make sure use `drop_visit_levels = FALSE`.
[1] "EMMEANS WARNING FOR A, bFGF: Negative variance estimate obtained!"
[1] "EMMEANS/KR FAILED FOR A, bFGF: Assertion on 'df' failed: Element 1 is not >= 2.22507e-308."
[1] "WHERE: C49, bFGF"
In Visit there are dropped visits: 49, 63, 70.
 Additional attributes including contrasts are lost.
To avoid this behavior, make sure use `drop_visit_levels = FALSE`.
[1] "WHERE: C49, bFGF"
In Visit there are dropped visits: 7, 21, 35, 49, 63, 70.
 Additional attributes including contrasts are lost.
To avoid this behavior, make sure use `drop_visit_levels = FALSE`.
[1] "WHERE: C36, bFGF"
In Visit there are dropped visits: 49, 63.
 Additional attributes including contrasts are lost.
To avoid this behavior, make sure use `drop_visit_levels = FALSE`.
[1] "WHERE: C36, bFGF"
In Visit there are dropped visits: 49, 63.
 Additional attributes including contrasts are lost.
To avoid this behavior, make sure use `drop_visit_levels = FALSE`.
[1] "WHERE: 9, bFGF"
In Visit there are dropped visits: 21, 35, 49, 63, 70.
 Additional attributes including contrasts are lost.
To avoid this behavior, make sure use `drop_visit_levels = FALSE`.
[1] "WHERE: 9, bFGF"
In Visit there are dropped visits: 7, 21, 35, 49, 63, 70.
 Additional attributes including contrasts are lost.
To avoid this behavior, make sure use `drop_visit_levels = FALSE`.
[1] "EMMEANS WARNING FOR 9, bFGF: Negative variance estimate obtained!"
[1] "EMMEANS WARNING FOR 9, bFGF: Negative variance estimate obtained!"
[1] "EMMEANS WARNING FOR 9, bFGF: Negative variance estimate obtained!"
[1] "EMMEANS WARNING FOR 9, bFGF: Negative variance estimate obtained!"
[1] "EMMEANS WARNING FOR 9, bFGF: Negative variance estimate obtained!"
[1] "EMMEANS WARNING FOR 9, bFGF: Negative variance estimate obtained!"
[1] "EMMEANS WARNING FOR 9, bFGF: Negative variance estimate obtained!"
[1] "EMMEANS WARNING FOR 9, bFGF: Negative variance estimate obtained!"
[1] "EMMEANS/KR FAILED FOR 9, bFGF: Non-finite or negative SE in LS means"
[1] "Bicarbonate (Bicarbonate)"
[1] "WHERE: X, Bicarbonate"
In Visit there are dropped visits: 49, 63.
 Additional attributes including contrasts are lost.
To avoid this behavior, make sure use `drop_visit_levels = FALSE`.
[1] "WHERE: X, Bicarbonate"
In Visit there are dropped visits: 49, 63.
 Additional attributes including contrasts are lost.
To avoid this behavior, make sure use `drop_visit_levels = FALSE`.
[1] "WHERE: C, Bicarbonate"
In Visit there are dropped visits: 49, 63.
 Additional attributes including contrasts are lost.
To avoid this behavior, make sure use `drop_visit_levels = FALSE`.
[1] "WHERE: C, Bicarbonate"
In Visit there are dropped visits: 49, 63.
 Additional attributes including contrasts are lost.
To avoid this behavior, make sure use `drop_visit_levels = FALSE`.
[1] "WHERE: A, Bicarbonate"
In Visit there are dropped visits: 49, 63.
 Additional attributes including contrasts are lost.
To avoid this behavior, make sure use `drop_visit_levels = FALSE`.
[1] "WHERE: A, Bicarbonate"
In Visit there are dropped visits: 35, 49, 56, 63, 70.
 Additional attributes including contrasts are lost.
To avoid this behavior, make sure use `drop_visit_levels = FALSE`.
[1] "EMMEANS WARNING FOR A, Bicarbonate: Negative variance estimate obtained!"
[1] "EMMEANS WARNING FOR A, Bicarbonate: Negative variance estimate obtained!"
[1] "EMMEANS WARNING FOR A, Bicarbonate: Negative variance estimate obtained!"
[1] "EMMEANS WARNING FOR A, Bicarbonate: Negative variance estimate obtained!"
[1] "EMMEANS WARNING FOR A, Bicarbonate: Negative variance estimate obtained!"
[1] "EMMEANS WARNING FOR A, Bicarbonate: Negative variance estimate obtained!"
[1] "EMMEANS WARNING FOR A, Bicarbonate: Negative variance estimate obtained!"
[1] "EMMEANS WARNING FOR A, Bicarbonate: Negative variance estimate obtained!"
[1] "EMMEANS WARNING FOR A, Bicarbonate: Negative variance estimate obtained!"
[1] "EMMEANS WARNING FOR A, Bicarbonate: Negative variance estimate obtained!"
[1] "EMMEANS/KR FAILED FOR A, Bicarbonate: Non-finite or negative SE in LS means"
[1] "WHERE: C49, Bicarbonate"
In Visit there are dropped visits: 49, 63.
 Additional attributes including contrasts are lost.
To avoid this behavior, make sure use `drop_visit_levels = FALSE`.
[1] "WHERE: C49, Bicarbonate"
In Visit there are dropped visits: 49, 63.
 Additional attributes including contrasts are lost.
To avoid this behavior, make sure use `drop_visit_levels = FALSE`.
[1] "WHERE: C36, Bicarbonate"
In Visit there are dropped visits: 49, 63.
 Additional attributes including contrasts are lost.
To avoid this behavior, make sure use `drop_visit_levels = FALSE`.
[1] "WHERE: C36, Bicarbonate"
In Visit there are dropped visits: 49, 63.
 Additional attributes including contrasts are lost.
To avoid this behavior, make sure use `drop_visit_levels = FALSE`.
[1] "WHERE: 9, Bicarbonate"
In Visit there are dropped visits: 7, 21, 49, 63.
 Additional attributes including contrasts are lost.
To avoid this behavior, make sure use `drop_visit_levels = FALSE`.
[1] "WHERE: 9, Bicarbonate"
In Visit there are dropped visits: 7, 21, 49, 63.
 Additional attributes including contrasts are lost.
To avoid this behavior, make sure use `drop_visit_levels = FALSE`.
[1] "MMRM FIT FAILED FOR 9, Bicarbonate: No optimizer led to a successful model fit. Please try to use a different covariance structure or other covariates."
[1] "next, since analysis_df_factor is NA for Bicarbonate"
[1] "Bilirubin, Direct (Bilirubin, Direct)"
[1] "WHERE: X, Bilirubin, Direct"
In Visit there are dropped visits: 49, 63.
 Additional attributes including contrasts are lost.
To avoid this behavior, make sure use `drop_visit_levels = FALSE`.
[1] "WHERE: X, Bilirubin, Direct"
In Visit there are dropped visits: 49, 63, 70.
 Additional attributes including contrasts are lost.
To avoid this behavior, make sure use `drop_visit_levels = FALSE`.
[1] "WHERE: C, Bilirubin, Direct"
In Visit there are dropped visits: 49, 63.
 Additional attributes including contrasts are lost.
To avoid this behavior, make sure use `drop_visit_levels = FALSE`.
[1] "WHERE: C, Bilirubin, Direct"
In Visit there are dropped visits: 49, 63, 70.
 Additional attributes including contrasts are lost.
To avoid this behavior, make sure use `drop_visit_levels = FALSE`.
[1] "MMRM FIT FAILED FOR C, Bilirubin, Direct: some elements of gradient are NaN at starting parameter values"
[1] "next, since analysis_df_factor is NA for Bilirubin, Direct"
[1] "WHERE: A, Bilirubin, Direct"
In Visit there are dropped visits: 49, 63.
 Additional attributes including contrasts are lost.
To avoid this behavior, make sure use `drop_visit_levels = FALSE`.
[1] "WHERE: A, Bilirubin, Direct"
In Visit there are dropped visits: 35, 49, 56, 63, 70.
 Additional attributes including contrasts are lost.
To avoid this behavior, make sure use `drop_visit_levels = FALSE`.
[1] "MMRM FIT FAILED FOR A, Bilirubin, Direct: No optimizer led to a successful model fit. Please try to use a different covariance structure or other covariates."
[1] "next, since analysis_df_factor is NA for Bilirubin, Direct"
[1] "WHERE: C49, Bilirubin, Direct"
In Visit there are dropped visits: 49, 63.
 Additional attributes including contrasts are lost.
To avoid this behavior, make sure use `drop_visit_levels = FALSE`.
[1] "WHERE: C49, Bilirubin, Direct"
In Visit there are dropped visits: 49, 56, 63, 70.
 Additional attributes including contrasts are lost.
To avoid this behavior, make sure use `drop_visit_levels = FALSE`.
[1] "MMRM FIT FAILED FOR C49, Bilirubin, Direct: No optimizer led to a successful model fit. Please try to use a different covariance structure or other covariates."
[1] "next, since analysis_df_factor is NA for Bilirubin, Direct"
[1] "WHERE: C36, Bilirubin, Direct"
In Visit there are dropped visits: 49, 63.
 Additional attributes including contrasts are lost.
To avoid this behavior, make sure use `drop_visit_levels = FALSE`.
[1] "WHERE: C36, Bilirubin, Direct"
In Visit there are dropped visits: 14, 49, 63, 70.
 Additional attributes including contrasts are lost.
To avoid this behavior, make sure use `drop_visit_levels = FALSE`.
[1] "MMRM FIT FAILED FOR C36, Bilirubin, Direct: No optimizer led to a successful model fit. Please try to use a different covariance structure or other covariates."
[1] "next, since analysis_df_factor is NA for Bilirubin, Direct"
[1] "WHERE: 9, Bilirubin, Direct"
In Visit there are dropped visits: 7, 21, 49, 63.
 Additional attributes including contrasts are lost.
To avoid this behavior, make sure use `drop_visit_levels = FALSE`.
[1] "WHERE: 9, Bilirubin, Direct"
In Visit there are dropped visits: 7, 14, 21, 28, 35, 42, 49, 56, 63, 70.
 Additional attributes including contrasts are lost.
To avoid this behavior, make sure use `drop_visit_levels = FALSE`.
[1] "MMRM FIT FAILED FOR 9, Bilirubin, Direct: contrasts can be applied only to factors with 2 or more levels"
[1] "next, since analysis_df_factor is NA for Bilirubin, Direct"
[1] "Bilirubin, Indirect (Bilirubin, Indirect)"
[1] "WHERE: X, Bilirubin, Indirect"
In Visit there are dropped visits: 49, 63.
 Additional attributes including contrasts are lost.
To avoid this behavior, make sure use `drop_visit_levels = FALSE`.
[1] "WHERE: X, Bilirubin, Indirect"
In Visit there are dropped visits: 49, 63, 70.
 Additional attributes including contrasts are lost.
To avoid this behavior, make sure use `drop_visit_levels = FALSE`.
[1] "WHERE: C, Bilirubin, Indirect"
In Visit there are dropped visits: 49, 63.
 Additional attributes including contrasts are lost.
To avoid this behavior, make sure use `drop_visit_levels = FALSE`.
[1] "WHERE: C, Bilirubin, Indirect"
In Visit there are dropped visits: 14, 49, 63, 70.
 Additional attributes including contrasts are lost.
To avoid this behavior, make sure use `drop_visit_levels = FALSE`.
[1] "MMRM FIT FAILED FOR C, Bilirubin, Indirect: No optimizer led to a successful model fit. Please try to use a different covariance structure or other covariates."
[1] "next, since analysis_df_factor is NA for Bilirubin, Indirect"
[1] "WHERE: A, Bilirubin, Indirect"
In Visit there are dropped visits: 49, 63.
 Additional attributes including contrasts are lost.
To avoid this behavior, make sure use `drop_visit_levels = FALSE`.
[1] "WHERE: A, Bilirubin, Indirect"
In Visit there are dropped visits: 35, 49, 56, 63, 70.
 Additional attributes including contrasts are lost.
To avoid this behavior, make sure use `drop_visit_levels = FALSE`.
[1] "MMRM FIT FAILED FOR A, Bilirubin, Indirect: No optimizer led to a successful model fit. Please try to use a different covariance structure or other covariates."
[1] "next, since analysis_df_factor is NA for Bilirubin, Indirect"
[1] "WHERE: C49, Bilirubin, Indirect"
In Visit there are dropped visits: 49, 63.
 Additional attributes including contrasts are lost.
To avoid this behavior, make sure use `drop_visit_levels = FALSE`.
[1] "WHERE: C49, Bilirubin, Indirect"
In Visit there are dropped visits: 7, 14, 21, 28, 35, 42, 49, 56, 63, 70.
 Additional attributes including contrasts are lost.
To avoid this behavior, make sure use `drop_visit_levels = FALSE`.
[1] "MMRM FIT FAILED FOR C49, Bilirubin, Indirect: contrasts can be applied only to factors with 2 or more levels"
[1] "next, since analysis_df_factor is NA for Bilirubin, Indirect"
[1] "WHERE: C36, Bilirubin, Indirect"
In Visit there are dropped visits: 49, 63.
 Additional attributes including contrasts are lost.
To avoid this behavior, make sure use `drop_visit_levels = FALSE`.
[1] "WHERE: C36, Bilirubin, Indirect"
In Visit there are dropped visits: 14, 49, 63, 70.
 Additional attributes including contrasts are lost.
To avoid this behavior, make sure use `drop_visit_levels = FALSE`.
[1] "MMRM FIT FAILED FOR C36, Bilirubin, Indirect: No optimizer led to a successful model fit. Please try to use a different covariance structure or other covariates."
[1] "next, since analysis_df_factor is NA for Bilirubin, Indirect"
[1] "WHERE: 9, Bilirubin, Indirect"
[1] "SKIP NO REASON OR EMPTY DATA FRAME FOR 9, Bilirubin, Indirect with rowcount 35"
[1] "WHERE: 9, Bilirubin, Indirect"
[1] "SKIP NO REASON OR EMPTY DATA FRAME FOR 9, Bilirubin, Indirect with rowcount 6"
[1] "NO PLOTTABLE DATA FOR 9, Bilirubin, Indirect"
[1] "Bilirubin, Total (Bilirubin, Total)"
[1] "WHERE: X, Bilirubin, Total"
In Visit there are dropped visits: 49, 63.
 Additional attributes including contrasts are lost.
To avoid this behavior, make sure use `drop_visit_levels = FALSE`.
[1] "WHERE: X, Bilirubin, Total"
In Visit there are dropped visits: 49, 63.
 Additional attributes including contrasts are lost.
To avoid this behavior, make sure use `drop_visit_levels = FALSE`.
[1] "WHERE: C, Bilirubin, Total"
In Visit there are dropped visits: 49, 63.
 Additional attributes including contrasts are lost.
To avoid this behavior, make sure use `drop_visit_levels = FALSE`.
[1] "WHERE: C, Bilirubin, Total"
In Visit there are dropped visits: 49, 63.
 Additional attributes including contrasts are lost.
To avoid this behavior, make sure use `drop_visit_levels = FALSE`.
[1] "WHERE: A, Bilirubin, Total"
In Visit there are dropped visits: 49, 63.
 Additional attributes including contrasts are lost.
To avoid this behavior, make sure use `drop_visit_levels = FALSE`.
[1] "WHERE: A, Bilirubin, Total"
In Visit there are dropped visits: 35, 49, 56, 63, 70.
 Additional attributes including contrasts are lost.
To avoid this behavior, make sure use `drop_visit_levels = FALSE`.
[1] "MMRM FIT FAILED FOR A, Bilirubin, Total: No optimizer led to a successful model fit. Please try to use a different covariance structure or other covariates."
[1] "next, since analysis_df_factor is NA for Bilirubin, Total"
[1] "WHERE: C49, Bilirubin, Total"
In Visit there are dropped visits: 49, 63.
 Additional attributes including contrasts are lost.
To avoid this behavior, make sure use `drop_visit_levels = FALSE`.
[1] "WHERE: C49, Bilirubin, Total"
In Visit there are dropped visits: 49, 63.
 Additional attributes including contrasts are lost.
To avoid this behavior, make sure use `drop_visit_levels = FALSE`.
[1] "WHERE: C36, Bilirubin, Total"
In Visit there are dropped visits: 49, 63.
 Additional attributes including contrasts are lost.
To avoid this behavior, make sure use `drop_visit_levels = FALSE`.
[1] "WHERE: C36, Bilirubin, Total"
In Visit there are dropped visits: 49, 63.
 Additional attributes including contrasts are lost.
To avoid this behavior, make sure use `drop_visit_levels = FALSE`.
[1] "WHERE: 9, Bilirubin, Total"
In Visit there are dropped visits: 7, 21, 49, 63.
 Additional attributes including contrasts are lost.
To avoid this behavior, make sure use `drop_visit_levels = FALSE`.
[1] "WHERE: 9, Bilirubin, Total"
In Visit there are dropped visits: 7, 21, 49, 63.
 Additional attributes including contrasts are lost.
To avoid this behavior, make sure use `drop_visit_levels = FALSE`.
[1] "MMRM FIT FAILED FOR 9, Bilirubin, Total: No optimizer led to a successful model fit. Please try to use a different covariance structure or other covariates."
[1] "next, since analysis_df_factor is NA for Bilirubin, Total"
[1] "BMI (BMI)"
[1] "WHERE: X, BMI"
In Visit there are dropped visits: 7, 21, 35, 49, 63.
 Additional attributes including contrasts are lost.
To avoid this behavior, make sure use `drop_visit_levels = FALSE`.
[1] "WHERE: X, BMI"
In Visit there are dropped visits: 7, 21, 35, 49, 63.
 Additional attributes including contrasts are lost.
To avoid this behavior, make sure use `drop_visit_levels = FALSE`.
[1] "WHERE: C, BMI"
In Visit there are dropped visits: 7, 21, 35, 49, 63.
 Additional attributes including contrasts are lost.
To avoid this behavior, make sure use `drop_visit_levels = FALSE`.
[1] "WHERE: C, BMI"
In Visit there are dropped visits: 7, 21, 35, 49, 63.
 Additional attributes including contrasts are lost.
To avoid this behavior, make sure use `drop_visit_levels = FALSE`.
[1] "WHERE: A, BMI"
In Visit there are dropped visits: 7, 21, 35, 49, 63.
 Additional attributes including contrasts are lost.
To avoid this behavior, make sure use `drop_visit_levels = FALSE`.
[1] "WHERE: A, BMI"
In Visit there are dropped visits: 7, 21, 35, 49, 56, 63, 70.
 Additional attributes including contrasts are lost.
To avoid this behavior, make sure use `drop_visit_levels = FALSE`.
[1] "EMMEANS WARNING FOR A, BMI: Negative variance estimate obtained!"
[1] "EMMEANS/KR FAILED FOR A, BMI: Assertion on 'df' failed: Element 1 is not >= 2.22507e-308."
[1] "WHERE: C49, BMI"
In Visit there are dropped visits: 7, 21, 35, 49, 63.
 Additional attributes including contrasts are lost.
To avoid this behavior, make sure use `drop_visit_levels = FALSE`.
[1] "WHERE: C49, BMI"
In Visit there are dropped visits: 7, 21, 35, 49, 63.
 Additional attributes including contrasts are lost.
To avoid this behavior, make sure use `drop_visit_levels = FALSE`.
[1] "WHERE: C36, BMI"
In Visit there are dropped visits: 7, 21, 35, 49, 63.
 Additional attributes including contrasts are lost.
To avoid this behavior, make sure use `drop_visit_levels = FALSE`.
[1] "WHERE: C36, BMI"
In Visit there are dropped visits: 7, 21, 35, 49, 63.
 Additional attributes including contrasts are lost.
To avoid this behavior, make sure use `drop_visit_levels = FALSE`.
[1] "WHERE: 9, BMI"
In Visit there are dropped visits: 7, 21, 35, 49, 63.
 Additional attributes including contrasts are lost.
To avoid this behavior, make sure use `drop_visit_levels = FALSE`.
[1] "WHERE: 9, BMI"
In Visit there are dropped visits: 7, 21, 35, 49, 63.
 Additional attributes including contrasts are lost.
To avoid this behavior, make sure use `drop_visit_levels = FALSE`.
[1] "MMRM FIT FAILED FOR 9, BMI: No optimizer led to a successful model fit. Please try to use a different covariance structure or other covariates."
[1] "next, since analysis_df_factor is NA for BMI"
[1] "BPDiastolic (BPDiastolic)"
[1] "WHERE: X, BPDiastolic"
In Visit there are dropped visits: 7, 21, 35, 49, 63.
 Additional attributes including contrasts are lost.
To avoid this behavior, make sure use `drop_visit_levels = FALSE`.
[1] "WHERE: X, BPDiastolic"
In Visit there are dropped visits: 7, 21, 35, 49, 63.
 Additional attributes including contrasts are lost.
To avoid this behavior, make sure use `drop_visit_levels = FALSE`.
[1] "WHERE: C, BPDiastolic"
In Visit there are dropped visits: 7, 21, 35, 49, 63.
 Additional attributes including contrasts are lost.
To avoid this behavior, make sure use `drop_visit_levels = FALSE`.
[1] "WHERE: C, BPDiastolic"
In Visit there are dropped visits: 7, 21, 35, 49, 63.
 Additional attributes including contrasts are lost.
To avoid this behavior, make sure use `drop_visit_levels = FALSE`.
[1] "WHERE: A, BPDiastolic"
In Visit there are dropped visits: 7, 21, 35, 49, 63.
 Additional attributes including contrasts are lost.
To avoid this behavior, make sure use `drop_visit_levels = FALSE`.
[1] "WHERE: A, BPDiastolic"
In Visit there are dropped visits: 7, 21, 35, 49, 56, 63, 70.
 Additional attributes including contrasts are lost.
To avoid this behavior, make sure use `drop_visit_levels = FALSE`.
[1] "MMRM FIT FAILED FOR A, BPDiastolic: No optimizer led to a successful model fit. Please try to use a different covariance structure or other covariates."
[1] "next, since analysis_df_factor is NA for BPDiastolic"
[1] "WHERE: C49, BPDiastolic"
In Visit there are dropped visits: 7, 21, 35, 49, 63.
 Additional attributes including contrasts are lost.
To avoid this behavior, make sure use `drop_visit_levels = FALSE`.
[1] "WHERE: C49, BPDiastolic"
In Visit there are dropped visits: 7, 21, 35, 49, 63.
 Additional attributes including contrasts are lost.
To avoid this behavior, make sure use `drop_visit_levels = FALSE`.
[1] "WHERE: C36, BPDiastolic"
In Visit there are dropped visits: 7, 21, 35, 49, 63.
 Additional attributes including contrasts are lost.
To avoid this behavior, make sure use `drop_visit_levels = FALSE`.
[1] "WHERE: C36, BPDiastolic"
In Visit there are dropped visits: 7, 21, 35, 49, 63.
 Additional attributes including contrasts are lost.
To avoid this behavior, make sure use `drop_visit_levels = FALSE`.
[1] "WHERE: 9, BPDiastolic"
In Visit there are dropped visits: 7, 21, 35, 49, 63.
 Additional attributes including contrasts are lost.
To avoid this behavior, make sure use `drop_visit_levels = FALSE`.
[1] "WHERE: 9, BPDiastolic"
In Visit there are dropped visits: 7, 21, 35, 49, 63.
 Additional attributes including contrasts are lost.
To avoid this behavior, make sure use `drop_visit_levels = FALSE`.
[1] "MMRM FIT FAILED FOR 9, BPDiastolic: No optimizer led to a successful model fit. Please try to use a different covariance structure or other covariates."
[1] "next, since analysis_df_factor is NA for BPDiastolic"
[1] "BPSystolic (BPSystolic)"
[1] "WHERE: X, BPSystolic"
In Visit there are dropped visits: 7, 21, 35, 49, 63.
 Additional attributes including contrasts are lost.
To avoid this behavior, make sure use `drop_visit_levels = FALSE`.
[1] "WHERE: X, BPSystolic"
In Visit there are dropped visits: 7, 21, 35, 49, 63.
 Additional attributes including contrasts are lost.
To avoid this behavior, make sure use `drop_visit_levels = FALSE`.
[1] "WHERE: C, BPSystolic"
In Visit there are dropped visits: 7, 21, 35, 49, 63.
 Additional attributes including contrasts are lost.
To avoid this behavior, make sure use `drop_visit_levels = FALSE`.
[1] "WHERE: C, BPSystolic"
In Visit there are dropped visits: 7, 21, 35, 49, 63.
 Additional attributes including contrasts are lost.
To avoid this behavior, make sure use `drop_visit_levels = FALSE`.
[1] "WHERE: A, BPSystolic"
In Visit there are dropped visits: 7, 21, 35, 49, 63.
 Additional attributes including contrasts are lost.
To avoid this behavior, make sure use `drop_visit_levels = FALSE`.
[1] "WHERE: A, BPSystolic"
In Visit there are dropped visits: 7, 21, 35, 49, 56, 63, 70.
 Additional attributes including contrasts are lost.
To avoid this behavior, make sure use `drop_visit_levels = FALSE`.
[1] "EMMEANS WARNING FOR A, BPSystolic: Negative variance estimate obtained!"
[1] "EMMEANS WARNING FOR A, BPSystolic: Negative variance estimate obtained!"
[1] "EMMEANS WARNING FOR A, BPSystolic: Negative variance estimate obtained!"
[1] "EMMEANS WARNING FOR A, BPSystolic: Negative variance estimate obtained!"
[1] "EMMEANS WARNING FOR A, BPSystolic: Negative variance estimate obtained!"
[1] "EMMEANS WARNING FOR A, BPSystolic: Negative variance estimate obtained!"
[1] "EMMEANS/KR FAILED FOR A, BPSystolic: Non-finite or negative SE in LS means"
[1] "WHERE: C49, BPSystolic"
In Visit there are dropped visits: 7, 21, 35, 49, 63.
 Additional attributes including contrasts are lost.
To avoid this behavior, make sure use `drop_visit_levels = FALSE`.
[1] "WHERE: C49, BPSystolic"
In Visit there are dropped visits: 7, 21, 35, 49, 63.
 Additional attributes including contrasts are lost.
To avoid this behavior, make sure use `drop_visit_levels = FALSE`.
[1] "WHERE: C36, BPSystolic"
In Visit there are dropped visits: 7, 21, 35, 49, 63.
 Additional attributes including contrasts are lost.
To avoid this behavior, make sure use `drop_visit_levels = FALSE`.
[1] "WHERE: C36, BPSystolic"
In Visit there are dropped visits: 7, 21, 35, 49, 63.
 Additional attributes including contrasts are lost.
To avoid this behavior, make sure use `drop_visit_levels = FALSE`.
[1] "WHERE: 9, BPSystolic"
In Visit there are dropped visits: 7, 21, 35, 49, 63.
 Additional attributes including contrasts are lost.
To avoid this behavior, make sure use `drop_visit_levels = FALSE`.
[1] "WHERE: 9, BPSystolic"
In Visit there are dropped visits: 7, 21, 35, 49, 63.
 Additional attributes including contrasts are lost.
To avoid this behavior, make sure use `drop_visit_levels = FALSE`.
[1] "EMMEANS WARNING FOR 9, BPSystolic: Negative variance estimate obtained!"
[1] "EMMEANS WARNING FOR 9, BPSystolic: Negative variance estimate obtained!"
[1] "EMMEANS WARNING FOR 9, BPSystolic: Negative variance estimate obtained!"
[1] "EMMEANS WARNING FOR 9, BPSystolic: Negative variance estimate obtained!"
[1] "EMMEANS WARNING FOR 9, BPSystolic: Negative variance estimate obtained!"
[1] "EMMEANS WARNING FOR 9, BPSystolic: Negative variance estimate obtained!"
[1] "EMMEANS WARNING FOR 9, BPSystolic: Negative variance estimate obtained!"
[1] "EMMEANS WARNING FOR 9, BPSystolic: Negative variance estimate obtained!"
[1] "EMMEANS WARNING FOR 9, BPSystolic: Negative variance estimate obtained!"
[1] "EMMEANS WARNING FOR 9, BPSystolic: Negative variance estimate obtained!"
[1] "EMMEANS/KR FAILED FOR 9, BPSystolic: Non-finite or negative SE in LS means"
[1] "BUN - Blood Urea Nitrogen (BUN)"
[1] "WHERE: X, BUN - Blood Urea Nitrogen"
In Visit there are dropped visits: 49, 63.
 Additional attributes including contrasts are lost.
To avoid this behavior, make sure use `drop_visit_levels = FALSE`.
[1] "WHERE: X, BUN - Blood Urea Nitrogen"
In Visit there are dropped visits: 49, 63.
 Additional attributes including contrasts are lost.
To avoid this behavior, make sure use `drop_visit_levels = FALSE`.
[1] "WHERE: C, BUN - Blood Urea Nitrogen"
In Visit there are dropped visits: 49, 63.
 Additional attributes including contrasts are lost.
To avoid this behavior, make sure use `drop_visit_levels = FALSE`.
[1] "WHERE: C, BUN - Blood Urea Nitrogen"
In Visit there are dropped visits: 49, 63.
 Additional attributes including contrasts are lost.
To avoid this behavior, make sure use `drop_visit_levels = FALSE`.
[1] "WHERE: A, BUN - Blood Urea Nitrogen"
In Visit there are dropped visits: 49, 63.
 Additional attributes including contrasts are lost.
To avoid this behavior, make sure use `drop_visit_levels = FALSE`.
[1] "WHERE: A, BUN - Blood Urea Nitrogen"
In Visit there are dropped visits: 35, 49, 56, 63, 70.
 Additional attributes including contrasts are lost.
To avoid this behavior, make sure use `drop_visit_levels = FALSE`.
[1] "EMMEANS WARNING FOR A, BUN - Blood Urea Nitrogen: Negative variance estimate obtained!"
[1] "EMMEANS WARNING FOR A, BUN - Blood Urea Nitrogen: Negative variance estimate obtained!"
[1] "EMMEANS WARNING FOR A, BUN - Blood Urea Nitrogen: Negative variance estimate obtained!"
[1] "EMMEANS WARNING FOR A, BUN - Blood Urea Nitrogen: Negative variance estimate obtained!"
[1] "EMMEANS WARNING FOR A, BUN - Blood Urea Nitrogen: Negative variance estimate obtained!"
[1] "EMMEANS WARNING FOR A, BUN - Blood Urea Nitrogen: Negative variance estimate obtained!"
[1] "EMMEANS WARNING FOR A, BUN - Blood Urea Nitrogen: Negative variance estimate obtained!"
[1] "EMMEANS WARNING FOR A, BUN - Blood Urea Nitrogen: Negative variance estimate obtained!"
[1] "EMMEANS WARNING FOR A, BUN - Blood Urea Nitrogen: Negative variance estimate obtained!"
[1] "EMMEANS WARNING FOR A, BUN - Blood Urea Nitrogen: Negative variance estimate obtained!"
[1] "EMMEANS/KR FAILED FOR A, BUN - Blood Urea Nitrogen: Non-finite or negative SE in LS means"
[1] "WHERE: C49, BUN - Blood Urea Nitrogen"
In Visit there are dropped visits: 49, 63.
 Additional attributes including contrasts are lost.
To avoid this behavior, make sure use `drop_visit_levels = FALSE`.
[1] "WHERE: C49, BUN - Blood Urea Nitrogen"
In Visit there are dropped visits: 49, 63.
 Additional attributes including contrasts are lost.
To avoid this behavior, make sure use `drop_visit_levels = FALSE`.
[1] "WHERE: C36, BUN - Blood Urea Nitrogen"
In Visit there are dropped visits: 49, 63.
 Additional attributes including contrasts are lost.
To avoid this behavior, make sure use `drop_visit_levels = FALSE`.
[1] "WHERE: C36, BUN - Blood Urea Nitrogen"
In Visit there are dropped visits: 49, 63.
 Additional attributes including contrasts are lost.
To avoid this behavior, make sure use `drop_visit_levels = FALSE`.
[1] "WHERE: 9, BUN - Blood Urea Nitrogen"
In Visit there are dropped visits: 7, 21, 49, 63.
 Additional attributes including contrasts are lost.
To avoid this behavior, make sure use `drop_visit_levels = FALSE`.
[1] "WHERE: 9, BUN - Blood Urea Nitrogen"
In Visit there are dropped visits: 7, 21, 49, 63.
 Additional attributes including contrasts are lost.
To avoid this behavior, make sure use `drop_visit_levels = FALSE`.
[1] "MMRM FIT FAILED FOR 9, BUN - Blood Urea Nitrogen: No optimizer led to a successful model fit. Please try to use a different covariance structure or other covariates."
[1] "next, since analysis_df_factor is NA for BUN - Blood Urea Nitrogen"
[1] "Calcium, Total (Calcium, Total)"
[1] "WHERE: X, Calcium, Total"
In Visit there are dropped visits: 49, 63.
 Additional attributes including contrasts are lost.
To avoid this behavior, make sure use `drop_visit_levels = FALSE`.
[1] "WHERE: X, Calcium, Total"
In Visit there are dropped visits: 49, 63.
 Additional attributes including contrasts are lost.
To avoid this behavior, make sure use `drop_visit_levels = FALSE`.
[1] "WHERE: C, Calcium, Total"
In Visit there are dropped visits: 49, 63.
 Additional attributes including contrasts are lost.
To avoid this behavior, make sure use `drop_visit_levels = FALSE`.
[1] "WHERE: C, Calcium, Total"
In Visit there are dropped visits: 49, 63.
 Additional attributes including contrasts are lost.
To avoid this behavior, make sure use `drop_visit_levels = FALSE`.
[1] "WHERE: A, Calcium, Total"
In Visit there are dropped visits: 49, 63.
 Additional attributes including contrasts are lost.
To avoid this behavior, make sure use `drop_visit_levels = FALSE`.
[1] "WHERE: A, Calcium, Total"
In Visit there are dropped visits: 35, 49, 56, 63, 70.
 Additional attributes including contrasts are lost.
To avoid this behavior, make sure use `drop_visit_levels = FALSE`.
[1] "MMRM FIT FAILED FOR A, Calcium, Total: No optimizer led to a successful model fit. Please try to use a different covariance structure or other covariates."
[1] "next, since analysis_df_factor is NA for Calcium, Total"
[1] "WHERE: C49, Calcium, Total"
In Visit there are dropped visits: 49, 63.
 Additional attributes including contrasts are lost.
To avoid this behavior, make sure use `drop_visit_levels = FALSE`.
[1] "WHERE: C49, Calcium, Total"
In Visit there are dropped visits: 49, 63.
 Additional attributes including contrasts are lost.
To avoid this behavior, make sure use `drop_visit_levels = FALSE`.
[1] "WHERE: C36, Calcium, Total"
In Visit there are dropped visits: 49, 63.
 Additional attributes including contrasts are lost.
To avoid this behavior, make sure use `drop_visit_levels = FALSE`.
[1] "WHERE: C36, Calcium, Total"
In Visit there are dropped visits: 49, 63.
 Additional attributes including contrasts are lost.
To avoid this behavior, make sure use `drop_visit_levels = FALSE`.
[1] "WHERE: 9, Calcium, Total"
In Visit there are dropped visits: 7, 21, 49, 63.
 Additional attributes including contrasts are lost.
To avoid this behavior, make sure use `drop_visit_levels = FALSE`.
[1] "WHERE: 9, Calcium, Total"
In Visit there are dropped visits: 7, 21, 49, 63.
 Additional attributes including contrasts are lost.
To avoid this behavior, make sure use `drop_visit_levels = FALSE`.
[1] "MMRM FIT FAILED FOR 9, Calcium, Total: No optimizer led to a successful model fit. Please try to use a different covariance structure or other covariates."
[1] "next, since analysis_df_factor is NA for Calcium, Total"
[1] "Chloride (Chloride)"
[1] "WHERE: X, Chloride"
In Visit there are dropped visits: 49, 63.
 Additional attributes including contrasts are lost.
To avoid this behavior, make sure use `drop_visit_levels = FALSE`.
[1] "WHERE: X, Chloride"
In Visit there are dropped visits: 49, 63.
 Additional attributes including contrasts are lost.
To avoid this behavior, make sure use `drop_visit_levels = FALSE`.
[1] "WHERE: C, Chloride"
In Visit there are dropped visits: 49, 63.
 Additional attributes including contrasts are lost.
To avoid this behavior, make sure use `drop_visit_levels = FALSE`.
[1] "WHERE: C, Chloride"
In Visit there are dropped visits: 49, 63.
 Additional attributes including contrasts are lost.
To avoid this behavior, make sure use `drop_visit_levels = FALSE`.
[1] "WHERE: A, Chloride"
In Visit there are dropped visits: 49, 63.
 Additional attributes including contrasts are lost.
To avoid this behavior, make sure use `drop_visit_levels = FALSE`.
[1] "WHERE: A, Chloride"
In Visit there are dropped visits: 35, 49, 56, 63, 70.
 Additional attributes including contrasts are lost.
To avoid this behavior, make sure use `drop_visit_levels = FALSE`.
[1] "MMRM FIT FAILED FOR A, Chloride: No optimizer led to a successful model fit. Please try to use a different covariance structure or other covariates."
[1] "next, since analysis_df_factor is NA for Chloride"
[1] "WHERE: C49, Chloride"
In Visit there are dropped visits: 49, 63.
 Additional attributes including contrasts are lost.
To avoid this behavior, make sure use `drop_visit_levels = FALSE`.
[1] "WHERE: C49, Chloride"
In Visit there are dropped visits: 49, 63.
 Additional attributes including contrasts are lost.
To avoid this behavior, make sure use `drop_visit_levels = FALSE`.
[1] "WHERE: C36, Chloride"
In Visit there are dropped visits: 49, 63.
 Additional attributes including contrasts are lost.
To avoid this behavior, make sure use `drop_visit_levels = FALSE`.
[1] "WHERE: C36, Chloride"
In Visit there are dropped visits: 49, 63.
 Additional attributes including contrasts are lost.
To avoid this behavior, make sure use `drop_visit_levels = FALSE`.
[1] "WHERE: 9, Chloride"
In Visit there are dropped visits: 7, 21, 49, 63.
 Additional attributes including contrasts are lost.
To avoid this behavior, make sure use `drop_visit_levels = FALSE`.
[1] "WHERE: 9, Chloride"
In Visit there are dropped visits: 7, 21, 49, 63.
 Additional attributes including contrasts are lost.
To avoid this behavior, make sure use `drop_visit_levels = FALSE`.
[1] "EMMEANS WARNING FOR 9, Chloride: Negative variance estimate obtained!"
[1] "EMMEANS/KR FAILED FOR 9, Chloride: Assertion on 'df' failed: Element 1 is not >= 2.22507e-308."
[1] "Creatine Kinase (Creatine Kinase)"
[1] "WHERE: X, Creatine Kinase"
In Visit there are dropped visits: 49, 63.
 Additional attributes including contrasts are lost.
To avoid this behavior, make sure use `drop_visit_levels = FALSE`.
[1] "WHERE: X, Creatine Kinase"
In Visit there are dropped visits: 49, 63, 70.
 Additional attributes including contrasts are lost.
To avoid this behavior, make sure use `drop_visit_levels = FALSE`.
[1] "WHERE: C, Creatine Kinase"
In Visit there are dropped visits: 49, 63.
 Additional attributes including contrasts are lost.
To avoid this behavior, make sure use `drop_visit_levels = FALSE`.
[1] "WHERE: C, Creatine Kinase"
In Visit there are dropped visits: 49, 63, 70.
 Additional attributes including contrasts are lost.
To avoid this behavior, make sure use `drop_visit_levels = FALSE`.
[1] "WHERE: A, Creatine Kinase"
In Visit there are dropped visits: 49, 63.
 Additional attributes including contrasts are lost.
To avoid this behavior, make sure use `drop_visit_levels = FALSE`.
[1] "WHERE: A, Creatine Kinase"
In Visit there are dropped visits: 35, 49, 56, 63, 70.
 Additional attributes including contrasts are lost.
To avoid this behavior, make sure use `drop_visit_levels = FALSE`.
[1] "EMMEANS WARNING FOR A, Creatine Kinase: Negative variance estimate obtained!"
[1] "EMMEANS WARNING FOR A, Creatine Kinase: Negative variance estimate obtained!"
[1] "EMMEANS WARNING FOR A, Creatine Kinase: Negative variance estimate obtained!"
[1] "EMMEANS WARNING FOR A, Creatine Kinase: Negative variance estimate obtained!"
[1] "EMMEANS WARNING FOR A, Creatine Kinase: Negative variance estimate obtained!"
[1] "EMMEANS WARNING FOR A, Creatine Kinase: Negative variance estimate obtained!"
[1] "EMMEANS WARNING FOR A, Creatine Kinase: Negative variance estimate obtained!"
[1] "EMMEANS WARNING FOR A, Creatine Kinase: Negative variance estimate obtained!"
[1] "EMMEANS WARNING FOR A, Creatine Kinase: Negative variance estimate obtained!"
[1] "EMMEANS WARNING FOR A, Creatine Kinase: Negative variance estimate obtained!"
[1] "EMMEANS/KR FAILED FOR A, Creatine Kinase: Non-finite or negative SE in LS means"
[1] "WHERE: C49, Creatine Kinase"
In Visit there are dropped visits: 49, 63.
 Additional attributes including contrasts are lost.
To avoid this behavior, make sure use `drop_visit_levels = FALSE`.
[1] "WHERE: C49, Creatine Kinase"
In Visit there are dropped visits: 7, 49, 56, 63, 70.
 Additional attributes including contrasts are lost.
To avoid this behavior, make sure use `drop_visit_levels = FALSE`.
[1] "MMRM FIT FAILED FOR C49, Creatine Kinase: No optimizer led to a successful model fit. Please try to use a different covariance structure or other covariates."
[1] "next, since analysis_df_factor is NA for Creatine Kinase"
[1] "WHERE: C36, Creatine Kinase"
In Visit there are dropped visits: 49, 63.
 Additional attributes including contrasts are lost.
To avoid this behavior, make sure use `drop_visit_levels = FALSE`.
[1] "WHERE: C36, Creatine Kinase"
In Visit there are dropped visits: 49, 63, 70.
 Additional attributes including contrasts are lost.
To avoid this behavior, make sure use `drop_visit_levels = FALSE`.
[1] "MMRM FIT FAILED FOR C36, Creatine Kinase: No optimizer led to a successful model fit. Please try to use a different covariance structure or other covariates."
[1] "next, since analysis_df_factor is NA for Creatine Kinase"
[1] "WHERE: 9, Creatine Kinase"
In Visit there are dropped visits: 7, 21, 49, 63.
 Additional attributes including contrasts are lost.
To avoid this behavior, make sure use `drop_visit_levels = FALSE`.
[1] "WHERE: 9, Creatine Kinase"
In Visit there are dropped visits: 7, 14, 21, 28, 35, 42, 49, 56, 63, 70.
 Additional attributes including contrasts are lost.
To avoid this behavior, make sure use `drop_visit_levels = FALSE`.
[1] "MMRM FIT FAILED FOR 9, Creatine Kinase: contrasts can be applied only to factors with 2 or more levels"
[1] "next, since analysis_df_factor is NA for Creatine Kinase"
[1] "Creatinine (Creatinine)"
[1] "WHERE: X, Creatinine"
In Visit there are dropped visits: 49, 63.
 Additional attributes including contrasts are lost.
To avoid this behavior, make sure use `drop_visit_levels = FALSE`.
[1] "WHERE: X, Creatinine"
In Visit there are dropped visits: 49, 63.
 Additional attributes including contrasts are lost.
To avoid this behavior, make sure use `drop_visit_levels = FALSE`.
[1] "WHERE: C, Creatinine"
In Visit there are dropped visits: 49, 63.
 Additional attributes including contrasts are lost.
To avoid this behavior, make sure use `drop_visit_levels = FALSE`.
[1] "WHERE: C, Creatinine"
In Visit there are dropped visits: 49, 63.
 Additional attributes including contrasts are lost.
To avoid this behavior, make sure use `drop_visit_levels = FALSE`.
[1] "WHERE: A, Creatinine"
In Visit there are dropped visits: 49, 63.
 Additional attributes including contrasts are lost.
To avoid this behavior, make sure use `drop_visit_levels = FALSE`.
[1] "WHERE: A, Creatinine"
In Visit there are dropped visits: 35, 49, 56, 63, 70.
 Additional attributes including contrasts are lost.
To avoid this behavior, make sure use `drop_visit_levels = FALSE`.
[1] "EMMEANS WARNING FOR A, Creatinine: Negative variance estimate obtained!"
[1] "EMMEANS/KR FAILED FOR A, Creatinine: Assertion on 'df' failed: Element 1 is not >= 2.22507e-308."
[1] "WHERE: C49, Creatinine"
In Visit there are dropped visits: 49, 63.
 Additional attributes including contrasts are lost.
To avoid this behavior, make sure use `drop_visit_levels = FALSE`.
[1] "WHERE: C49, Creatinine"
In Visit there are dropped visits: 49, 63.
 Additional attributes including contrasts are lost.
To avoid this behavior, make sure use `drop_visit_levels = FALSE`.
[1] "WHERE: C36, Creatinine"
In Visit there are dropped visits: 49, 63.
 Additional attributes including contrasts are lost.
To avoid this behavior, make sure use `drop_visit_levels = FALSE`.
[1] "WHERE: C36, Creatinine"
In Visit there are dropped visits: 49, 63.
 Additional attributes including contrasts are lost.
To avoid this behavior, make sure use `drop_visit_levels = FALSE`.
[1] "WHERE: 9, Creatinine"
In Visit there are dropped visits: 7, 21, 49, 63.
 Additional attributes including contrasts are lost.
To avoid this behavior, make sure use `drop_visit_levels = FALSE`.
[1] "WHERE: 9, Creatinine"
In Visit there are dropped visits: 7, 21, 49, 63.
 Additional attributes including contrasts are lost.
To avoid this behavior, make sure use `drop_visit_levels = FALSE`.
[1] "MMRM FIT FAILED FOR 9, Creatinine: No optimizer led to a successful model fit. Please try to use a different covariance structure or other covariates."
[1] "next, since analysis_df_factor is NA for Creatinine"
[1] "Eosinophils (absolute) (Eosinophils (abs))"
[1] "WHERE: X, Eosinophils (absolute)"
In Visit there are dropped visits: 49, 63.
 Additional attributes including contrasts are lost.
To avoid this behavior, make sure use `drop_visit_levels = FALSE`.
[1] "WHERE: X, Eosinophils (absolute)"
In Visit there are dropped visits: 49, 63.
 Additional attributes including contrasts are lost.
To avoid this behavior, make sure use `drop_visit_levels = FALSE`.
[1] "WHERE: C, Eosinophils (absolute)"
In Visit there are dropped visits: 49, 63.
 Additional attributes including contrasts are lost.
To avoid this behavior, make sure use `drop_visit_levels = FALSE`.
[1] "WHERE: C, Eosinophils (absolute)"
In Visit there are dropped visits: 49, 63.
 Additional attributes including contrasts are lost.
To avoid this behavior, make sure use `drop_visit_levels = FALSE`.
[1] "WHERE: A, Eosinophils (absolute)"
In Visit there are dropped visits: 49, 63.
 Additional attributes including contrasts are lost.
To avoid this behavior, make sure use `drop_visit_levels = FALSE`.
[1] "WHERE: A, Eosinophils (absolute)"
In Visit there are dropped visits: 49, 56, 63, 70.
 Additional attributes including contrasts are lost.
To avoid this behavior, make sure use `drop_visit_levels = FALSE`.
[1] "EMMEANS WARNING FOR A, Eosinophils (absolute): Negative variance estimate obtained!"
[1] "EMMEANS WARNING FOR A, Eosinophils (absolute): Negative variance estimate obtained!"
[1] "EMMEANS WARNING FOR A, Eosinophils (absolute): Negative variance estimate obtained!"
[1] "EMMEANS WARNING FOR A, Eosinophils (absolute): Negative variance estimate obtained!"
[1] "EMMEANS WARNING FOR A, Eosinophils (absolute): Negative variance estimate obtained!"
[1] "EMMEANS WARNING FOR A, Eosinophils (absolute): Negative variance estimate obtained!"
[1] "EMMEANS WARNING FOR A, Eosinophils (absolute): Negative variance estimate obtained!"
[1] "EMMEANS WARNING FOR A, Eosinophils (absolute): Negative variance estimate obtained!"
[1] "EMMEANS WARNING FOR A, Eosinophils (absolute): Negative variance estimate obtained!"
[1] "EMMEANS WARNING FOR A, Eosinophils (absolute): Negative variance estimate obtained!"
[1] "EMMEANS WARNING FOR A, Eosinophils (absolute): Negative variance estimate obtained!"
[1] "EMMEANS WARNING FOR A, Eosinophils (absolute): Negative variance estimate obtained!"
[1] "EMMEANS/KR FAILED FOR A, Eosinophils (absolute): Non-finite or negative SE in LS means"
[1] "WHERE: C49, Eosinophils (absolute)"
In Visit there are dropped visits: 49, 63.
 Additional attributes including contrasts are lost.
To avoid this behavior, make sure use `drop_visit_levels = FALSE`.
[1] "WHERE: C49, Eosinophils (absolute)"
In Visit there are dropped visits: 49, 63.
 Additional attributes including contrasts are lost.
To avoid this behavior, make sure use `drop_visit_levels = FALSE`.
[1] "WHERE: C36, Eosinophils (absolute)"
In Visit there are dropped visits: 49, 63.
 Additional attributes including contrasts are lost.
To avoid this behavior, make sure use `drop_visit_levels = FALSE`.
[1] "WHERE: C36, Eosinophils (absolute)"
In Visit there are dropped visits: 49, 63.
 Additional attributes including contrasts are lost.
To avoid this behavior, make sure use `drop_visit_levels = FALSE`.
[1] "WHERE: 9, Eosinophils (absolute)"
In Visit there are dropped visits: 49, 63.
 Additional attributes including contrasts are lost.
To avoid this behavior, make sure use `drop_visit_levels = FALSE`.
[1] "WHERE: 9, Eosinophils (absolute)"
In Visit there are dropped visits: 49, 63.
 Additional attributes including contrasts are lost.
To avoid this behavior, make sure use `drop_visit_levels = FALSE`.
[1] "MMRM FIT FAILED FOR 9, Eosinophils (absolute): No optimizer led to a successful model fit. Please try to use a different covariance structure or other covariates."
[1] "next, since analysis_df_factor is NA for Eosinophils (absolute)"
[1] "Eosinophils (percent) (Eosinophil (%))"
[1] "WHERE: X, Eosinophils (percent)"
In Visit there are dropped visits: 49, 63.
 Additional attributes including contrasts are lost.
To avoid this behavior, make sure use `drop_visit_levels = FALSE`.
[1] "WHERE: X, Eosinophils (percent)"
[1] "next, since analysis_df_factor is NA for Eosinophils (percent)"
[1] "WHERE: C, Eosinophils (percent)"
In Visit there are dropped visits: 49, 63.
 Additional attributes including contrasts are lost.
To avoid this behavior, make sure use `drop_visit_levels = FALSE`.
[1] "WHERE: C, Eosinophils (percent)"
[1] "next, since analysis_df_factor is NA for Eosinophils (percent)"
[1] "WHERE: A, Eosinophils (percent)"
In Visit there are dropped visits: 49, 63.
 Additional attributes including contrasts are lost.
To avoid this behavior, make sure use `drop_visit_levels = FALSE`.
[1] "WHERE: A, Eosinophils (percent)"
[1] "SKIP NO REASON OR EMPTY DATA FRAME FOR A, Eosinophils (percent) with rowcount 0"
[1] "next, since analysis_df_factor is NA for Eosinophils (percent)"
[1] "WHERE: C49, Eosinophils (percent)"
In Visit there are dropped visits: 49, 63.
 Additional attributes including contrasts are lost.
To avoid this behavior, make sure use `drop_visit_levels = FALSE`.
[1] "WHERE: C49, Eosinophils (percent)"
[1] "SKIP NO REASON OR EMPTY DATA FRAME FOR C49, Eosinophils (percent) with rowcount 0"
[1] "next, since analysis_df_factor is NA for Eosinophils (percent)"
[1] "WHERE: C36, Eosinophils (percent)"
In Visit there are dropped visits: 49, 63.
 Additional attributes including contrasts are lost.
To avoid this behavior, make sure use `drop_visit_levels = FALSE`.
[1] "EMMEANS WARNING FOR C36, Eosinophils (percent): Negative variance estimate obtained!"
[1] "EMMEANS/KR FAILED FOR C36, Eosinophils (percent): Assertion on 'df' failed: Element 1 is not >= 2.22507e-308."
[1] "WHERE: C36, Eosinophils (percent)"
[1] "NO PLOTTABLE DATA FOR C36, Eosinophils (percent)"
[1] "WHERE: 9, Eosinophils (percent)"
In Visit there are dropped visits: 49, 63.
 Additional attributes including contrasts are lost.
To avoid this behavior, make sure use `drop_visit_levels = FALSE`.
[1] "WHERE: 9, Eosinophils (percent)"
[1] "SKIP NO REASON OR EMPTY DATA FRAME FOR 9, Eosinophils (percent) with rowcount 0"
[1] "next, since analysis_df_factor is NA for Eosinophils (percent)"
[1] "FGF-21 (FGF-21)"
[1] "WHERE: X, FGF-21"
In Visit there are dropped visits: 49, 63.
 Additional attributes including contrasts are lost.
To avoid this behavior, make sure use `drop_visit_levels = FALSE`.
[1] "WHERE: X, FGF-21"
In Visit there are dropped visits: 49, 63.
 Additional attributes including contrasts are lost.
To avoid this behavior, make sure use `drop_visit_levels = FALSE`.
[1] "WHERE: C, FGF-21"
In Visit there are dropped visits: 49, 63.
 Additional attributes including contrasts are lost.
To avoid this behavior, make sure use `drop_visit_levels = FALSE`.
[1] "WHERE: C, FGF-21"
In Visit there are dropped visits: 49, 63.
 Additional attributes including contrasts are lost.
To avoid this behavior, make sure use `drop_visit_levels = FALSE`.
[1] "WHERE: A, FGF-21"
In Visit there are dropped visits: 49, 63.
 Additional attributes including contrasts are lost.
To avoid this behavior, make sure use `drop_visit_levels = FALSE`.
[1] "WHERE: A, FGF-21"
In Visit there are dropped visits: 49, 56, 63, 70.
 Additional attributes including contrasts are lost.
To avoid this behavior, make sure use `drop_visit_levels = FALSE`.
[1] "MMRM FIT FAILED FOR A, FGF-21: No optimizer led to a successful model fit. Please try to use a different covariance structure or other covariates."
[1] "next, since analysis_df_factor is NA for FGF-21"
[1] "WHERE: C49, FGF-21"
In Visit there are dropped visits: 49, 63, 70.
 Additional attributes including contrasts are lost.
To avoid this behavior, make sure use `drop_visit_levels = FALSE`.
[1] "WHERE: C49, FGF-21"
In Visit there are dropped visits: 7, 21, 35, 49, 63, 70.
 Additional attributes including contrasts are lost.
To avoid this behavior, make sure use `drop_visit_levels = FALSE`.
[1] "WHERE: C36, FGF-21"
In Visit there are dropped visits: 49, 63.
 Additional attributes including contrasts are lost.
To avoid this behavior, make sure use `drop_visit_levels = FALSE`.
[1] "WHERE: C36, FGF-21"
In Visit there are dropped visits: 49, 63.
 Additional attributes including contrasts are lost.
To avoid this behavior, make sure use `drop_visit_levels = FALSE`.
[1] "WHERE: 9, FGF-21"
In Visit there are dropped visits: 21, 49, 63, 70.
 Additional attributes including contrasts are lost.
To avoid this behavior, make sure use `drop_visit_levels = FALSE`.
[1] "WHERE: 9, FGF-21"
In Visit there are dropped visits: 7, 21, 35, 49, 63, 70.
 Additional attributes including contrasts are lost.
To avoid this behavior, make sure use `drop_visit_levels = FALSE`.
[1] "EMMEANS WARNING FOR 9, FGF-21: Negative variance estimate obtained!"
[1] "EMMEANS WARNING FOR 9, FGF-21: Negative variance estimate obtained!"
[1] "EMMEANS WARNING FOR 9, FGF-21: Negative variance estimate obtained!"
[1] "EMMEANS WARNING FOR 9, FGF-21: Negative variance estimate obtained!"
[1] "EMMEANS WARNING FOR 9, FGF-21: Negative variance estimate obtained!"
[1] "EMMEANS WARNING FOR 9, FGF-21: Negative variance estimate obtained!"
[1] "EMMEANS WARNING FOR 9, FGF-21: Negative variance estimate obtained!"
[1] "EMMEANS WARNING FOR 9, FGF-21: Negative variance estimate obtained!"
[1] "EMMEANS/KR FAILED FOR 9, FGF-21: Non-finite or negative SE in LS means"
[1] "GGT - Gamma Glutamyl Transferase (GGT)"
[1] "WHERE: X, GGT - Gamma Glutamyl Transferase"
In Visit there are dropped visits: 49, 63.
 Additional attributes including contrasts are lost.
To avoid this behavior, make sure use `drop_visit_levels = FALSE`.
[1] "WHERE: X, GGT - Gamma Glutamyl Transferase"
In Visit there are dropped visits: 49, 63, 70.
 Additional attributes including contrasts are lost.
To avoid this behavior, make sure use `drop_visit_levels = FALSE`.
[1] "WHERE: C, GGT - Gamma Glutamyl Transferase"
In Visit there are dropped visits: 49, 63.
 Additional attributes including contrasts are lost.
To avoid this behavior, make sure use `drop_visit_levels = FALSE`.
[1] "WHERE: C, GGT - Gamma Glutamyl Transferase"
In Visit there are dropped visits: 49, 63, 70.
 Additional attributes including contrasts are lost.
To avoid this behavior, make sure use `drop_visit_levels = FALSE`.
[1] "WHERE: A, GGT - Gamma Glutamyl Transferase"
In Visit there are dropped visits: 49, 63.
 Additional attributes including contrasts are lost.
To avoid this behavior, make sure use `drop_visit_levels = FALSE`.
[1] "WHERE: A, GGT - Gamma Glutamyl Transferase"
In Visit there are dropped visits: 35, 49, 56, 63, 70.
 Additional attributes including contrasts are lost.
To avoid this behavior, make sure use `drop_visit_levels = FALSE`.
[1] "MMRM FIT FAILED FOR A, GGT - Gamma Glutamyl Transferase: No optimizer led to a successful model fit. Please try to use a different covariance structure or other covariates."
[1] "next, since analysis_df_factor is NA for GGT - Gamma Glutamyl Transferase"
[1] "WHERE: C49, GGT - Gamma Glutamyl Transferase"
In Visit there are dropped visits: 49, 63.
 Additional attributes including contrasts are lost.
To avoid this behavior, make sure use `drop_visit_levels = FALSE`.
[1] "WHERE: C49, GGT - Gamma Glutamyl Transferase"
In Visit there are dropped visits: 7, 49, 56, 63, 70.
 Additional attributes including contrasts are lost.
To avoid this behavior, make sure use `drop_visit_levels = FALSE`.
[1] "EMMEANS WARNING FOR C49, GGT - Gamma Glutamyl Transferase: Negative variance estimate obtained!"
[1] "EMMEANS WARNING FOR C49, GGT - Gamma Glutamyl Transferase: Negative variance estimate obtained!"
[1] "EMMEANS WARNING FOR C49, GGT - Gamma Glutamyl Transferase: Negative variance estimate obtained!"
[1] "EMMEANS WARNING FOR C49, GGT - Gamma Glutamyl Transferase: Negative variance estimate obtained!"
[1] "EMMEANS WARNING FOR C49, GGT - Gamma Glutamyl Transferase: Negative variance estimate obtained!"
[1] "EMMEANS WARNING FOR C49, GGT - Gamma Glutamyl Transferase: Negative variance estimate obtained!"
[1] "EMMEANS WARNING FOR C49, GGT - Gamma Glutamyl Transferase: Negative variance estimate obtained!"
[1] "EMMEANS WARNING FOR C49, GGT - Gamma Glutamyl Transferase: Negative variance estimate obtained!"
[1] "EMMEANS WARNING FOR C49, GGT - Gamma Glutamyl Transferase: Negative variance estimate obtained!"
[1] "EMMEANS WARNING FOR C49, GGT - Gamma Glutamyl Transferase: Negative variance estimate obtained!"
[1] "EMMEANS/KR FAILED FOR C49, GGT - Gamma Glutamyl Transferase: Non-finite or negative SE in LS means"
[1] "WHERE: C36, GGT - Gamma Glutamyl Transferase"
In Visit there are dropped visits: 49, 63.
 Additional attributes including contrasts are lost.
To avoid this behavior, make sure use `drop_visit_levels = FALSE`.
[1] "WHERE: C36, GGT - Gamma Glutamyl Transferase"
In Visit there are dropped visits: 49, 63, 70.
 Additional attributes including contrasts are lost.
To avoid this behavior, make sure use `drop_visit_levels = FALSE`.
[1] "MMRM FIT FAILED FOR C36, GGT - Gamma Glutamyl Transferase: No optimizer led to a successful model fit. Please try to use a different covariance structure or other covariates."
[1] "next, since analysis_df_factor is NA for GGT - Gamma Glutamyl Transferase"
[1] "WHERE: 9, GGT - Gamma Glutamyl Transferase"
In Visit there are dropped visits: 7, 21, 49, 63.
 Additional attributes including contrasts are lost.
To avoid this behavior, make sure use `drop_visit_levels = FALSE`.
[1] "WHERE: 9, GGT - Gamma Glutamyl Transferase"
In Visit there are dropped visits: 7, 14, 21, 28, 35, 42, 49, 56, 63, 70.
 Additional attributes including contrasts are lost.
To avoid this behavior, make sure use `drop_visit_levels = FALSE`.
[1] "MMRM FIT FAILED FOR 9, GGT - Gamma Glutamyl Transferase: contrasts can be applied only to factors with 2 or more levels"
[1] "next, since analysis_df_factor is NA for GGT - Gamma Glutamyl Transferase"
[1] "Glucose (Glucose)"
[1] "WHERE: X, Glucose"
In Visit there are dropped visits: 49, 63.
 Additional attributes including contrasts are lost.
To avoid this behavior, make sure use `drop_visit_levels = FALSE`.
[1] "WHERE: X, Glucose"
In Visit there are dropped visits: 49, 63.
 Additional attributes including contrasts are lost.
To avoid this behavior, make sure use `drop_visit_levels = FALSE`.
[1] "WHERE: C, Glucose"
In Visit there are dropped visits: 49, 63.
 Additional attributes including contrasts are lost.
To avoid this behavior, make sure use `drop_visit_levels = FALSE`.
[1] "WHERE: C, Glucose"
In Visit there are dropped visits: 49, 63.
 Additional attributes including contrasts are lost.
To avoid this behavior, make sure use `drop_visit_levels = FALSE`.
[1] "WHERE: A, Glucose"
In Visit there are dropped visits: 49, 63.
 Additional attributes including contrasts are lost.
To avoid this behavior, make sure use `drop_visit_levels = FALSE`.
[1] "WHERE: A, Glucose"
In Visit there are dropped visits: 35, 49, 56, 63, 70.
 Additional attributes including contrasts are lost.
To avoid this behavior, make sure use `drop_visit_levels = FALSE`.
[1] "MMRM FIT FAILED FOR A, Glucose: No optimizer led to a successful model fit. Please try to use a different covariance structure or other covariates."
[1] "next, since analysis_df_factor is NA for Glucose"
[1] "WHERE: C49, Glucose"
In Visit there are dropped visits: 49, 63.
 Additional attributes including contrasts are lost.
To avoid this behavior, make sure use `drop_visit_levels = FALSE`.
[1] "WHERE: C49, Glucose"
In Visit there are dropped visits: 49, 63.
 Additional attributes including contrasts are lost.
To avoid this behavior, make sure use `drop_visit_levels = FALSE`.
[1] "WHERE: C36, Glucose"
In Visit there are dropped visits: 49, 63.
 Additional attributes including contrasts are lost.
To avoid this behavior, make sure use `drop_visit_levels = FALSE`.
[1] "WHERE: C36, Glucose"
In Visit there are dropped visits: 49, 63.
 Additional attributes including contrasts are lost.
To avoid this behavior, make sure use `drop_visit_levels = FALSE`.
[1] "WHERE: 9, Glucose"
In Visit there are dropped visits: 7, 21, 49, 63.
 Additional attributes including contrasts are lost.
To avoid this behavior, make sure use `drop_visit_levels = FALSE`.
[1] "WHERE: 9, Glucose"
In Visit there are dropped visits: 7, 21, 49, 63.
 Additional attributes including contrasts are lost.
To avoid this behavior, make sure use `drop_visit_levels = FALSE`.
[1] "EMMEANS WARNING FOR 9, Glucose: Negative variance estimate obtained!"
[1] "EMMEANS WARNING FOR 9, Glucose: Negative variance estimate obtained!"
[1] "EMMEANS WARNING FOR 9, Glucose: Negative variance estimate obtained!"
[1] "EMMEANS WARNING FOR 9, Glucose: Negative variance estimate obtained!"
[1] "EMMEANS WARNING FOR 9, Glucose: Negative variance estimate obtained!"
[1] "EMMEANS WARNING FOR 9, Glucose: Negative variance estimate obtained!"
[1] "EMMEANS WARNING FOR 9, Glucose: Negative variance estimate obtained!"
[1] "EMMEANS WARNING FOR 9, Glucose: Negative variance estimate obtained!"
[1] "EMMEANS WARNING FOR 9, Glucose: Negative variance estimate obtained!"
[1] "EMMEANS WARNING FOR 9, Glucose: Negative variance estimate obtained!"
[1] "EMMEANS WARNING FOR 9, Glucose: Negative variance estimate obtained!"
[1] "EMMEANS WARNING FOR 9, Glucose: Negative variance estimate obtained!"
[1] "EMMEANS/KR FAILED FOR 9, Glucose: Non-finite or negative SE in LS means"
[1] "GM-CSF (GM-CSF)"
[1] "WHERE: X, GM-CSF"
In Visit there are dropped visits: 49, 63.
 Additional attributes including contrasts are lost.
To avoid this behavior, make sure use `drop_visit_levels = FALSE`.
[1] "WHERE: X, GM-CSF"
In Visit there are dropped visits: 49, 56, 63, 70.
 Additional attributes including contrasts are lost.
To avoid this behavior, make sure use `drop_visit_levels = FALSE`.
[1] "EMMEANS WARNING FOR X, GM-CSF: Negative variance estimate obtained!"
[1] "EMMEANS WARNING FOR X, GM-CSF: Negative variance estimate obtained!"
[1] "EMMEANS WARNING FOR X, GM-CSF: Negative variance estimate obtained!"
[1] "EMMEANS/KR FAILED FOR X, GM-CSF: Assertion on 'df' failed: Element 1 is not >= 2.22507e-308."
[1] "WHERE: C, GM-CSF"
In Visit there are dropped visits: 49, 63.
 Additional attributes including contrasts are lost.
To avoid this behavior, make sure use `drop_visit_levels = FALSE`.
[1] "WHERE: C, GM-CSF"
[1] "SKIP NO REASON OR EMPTY DATA FRAME FOR C, GM-CSF with rowcount 0"
[1] "next, since analysis_df_factor is NA for GM-CSF"
[1] "WHERE: A, GM-CSF"
In Visit there are dropped visits: 49, 63.
 Additional attributes including contrasts are lost.
To avoid this behavior, make sure use `drop_visit_levels = FALSE`.
[1] "WHERE: A, GM-CSF"
In Visit there are dropped visits: 49, 56, 63, 70.
 Additional attributes including contrasts are lost.
To avoid this behavior, make sure use `drop_visit_levels = FALSE`.
[1] "EMMEANS WARNING FOR A, GM-CSF: Negative variance estimate obtained!"
[1] "EMMEANS WARNING FOR A, GM-CSF: Negative variance estimate obtained!"
[1] "EMMEANS WARNING FOR A, GM-CSF: Negative variance estimate obtained!"
[1] "EMMEANS/KR FAILED FOR A, GM-CSF: Assertion on 'df' failed: Element 1 is not >= 2.22507e-308."
[1] "WHERE: C49, GM-CSF"
[1] "SKIP NO REASON OR EMPTY DATA FRAME FOR C49, GM-CSF with rowcount 0"
[1] "WHERE: C49, GM-CSF"
[1] "SKIP NO REASON OR EMPTY DATA FRAME FOR C49, GM-CSF with rowcount 0"
[1] "NO PLOTTABLE DATA FOR C49, GM-CSF"
[1] "WHERE: C36, GM-CSF"
In Visit there are dropped visits: 49, 63.
 Additional attributes including contrasts are lost.
To avoid this behavior, make sure use `drop_visit_levels = FALSE`.
[1] "WHERE: C36, GM-CSF"
[1] "SKIP NO REASON OR EMPTY DATA FRAME FOR C36, GM-CSF with rowcount 0"
[1] "next, since analysis_df_factor is NA for GM-CSF"
[1] "WHERE: 9, GM-CSF"
[1] "SKIP NO REASON OR EMPTY DATA FRAME FOR 9, GM-CSF with rowcount 0"
[1] "WHERE: 9, GM-CSF"
[1] "SKIP NO REASON OR EMPTY DATA FRAME FOR 9, GM-CSF with rowcount 0"
[1] "NO PLOTTABLE DATA FOR 9, GM-CSF"
[1] "HbA1c (HbA1c)"
[1] "WHERE: X, HbA1c"
In Visit there are dropped visits: 84.
 Additional attributes including contrasts are lost.
To avoid this behavior, make sure use `drop_visit_levels = FALSE`.
[1] "WHERE: X, HbA1c"
In Visit there are dropped visits: 84.
 Additional attributes including contrasts are lost.
To avoid this behavior, make sure use `drop_visit_levels = FALSE`.
[1] "WHERE: C, HbA1c"
In Visit there are dropped visits: 84.
 Additional attributes including contrasts are lost.
To avoid this behavior, make sure use `drop_visit_levels = FALSE`.
[1] "WHERE: C, HbA1c"
In Visit there are dropped visits: 84.
 Additional attributes including contrasts are lost.
To avoid this behavior, make sure use `drop_visit_levels = FALSE`.
[1] "WHERE: A, HbA1c"
In Visit there are dropped visits: 84.
 Additional attributes including contrasts are lost.
To avoid this behavior, make sure use `drop_visit_levels = FALSE`.
[1] "WHERE: A, HbA1c"
[1] "next, since analysis_df_factor is NA for HbA1c"
[1] "WHERE: C49, HbA1c"
In Visit there are dropped visits: 84.
 Additional attributes including contrasts are lost.
To avoid this behavior, make sure use `drop_visit_levels = FALSE`.
[1] "WHERE: C49, HbA1c"
In Visit there are dropped visits: 84.
 Additional attributes including contrasts are lost.
To avoid this behavior, make sure use `drop_visit_levels = FALSE`.
[1] "MMRM FIT FAILED FOR C49, HbA1c: No optimizer led to a successful model fit. Please try to use a different covariance structure or other covariates."
[1] "next, since analysis_df_factor is NA for HbA1c"
[1] "WHERE: C36, HbA1c"
In Visit there are dropped visits: 84.
 Additional attributes including contrasts are lost.
To avoid this behavior, make sure use `drop_visit_levels = FALSE`.
[1] "WHERE: C36, HbA1c"
In Visit there are dropped visits: 84.
 Additional attributes including contrasts are lost.
To avoid this behavior, make sure use `drop_visit_levels = FALSE`.
[1] "WHERE: 9, HbA1c"
[1] "WHERE: 9, HbA1c"
[1] "NO PLOTTABLE DATA FOR 9, HbA1c"
[1] "HDL Cholesterol (HDL Cholesterol)"
[1] "WHERE: X, HDL Cholesterol"
In Visit there are dropped visits: 7, 21, 35, 49, 63.
 Additional attributes including contrasts are lost.
To avoid this behavior, make sure use `drop_visit_levels = FALSE`.
[1] "WHERE: X, HDL Cholesterol"
In Visit there are dropped visits: 7, 21, 35, 49, 63.
 Additional attributes including contrasts are lost.
To avoid this behavior, make sure use `drop_visit_levels = FALSE`.
[1] "WHERE: C, HDL Cholesterol"
In Visit there are dropped visits: 7, 21, 35, 49, 63.
 Additional attributes including contrasts are lost.
To avoid this behavior, make sure use `drop_visit_levels = FALSE`.
[1] "WHERE: C, HDL Cholesterol"
In Visit there are dropped visits: 7, 21, 35, 49, 63.
 Additional attributes including contrasts are lost.
To avoid this behavior, make sure use `drop_visit_levels = FALSE`.
[1] "WHERE: A, HDL Cholesterol"
In Visit there are dropped visits: 7, 21, 35, 49, 63.
 Additional attributes including contrasts are lost.
To avoid this behavior, make sure use `drop_visit_levels = FALSE`.
[1] "WHERE: A, HDL Cholesterol"
In Visit there are dropped visits: 7, 21, 35, 49, 56, 63, 70.
 Additional attributes including contrasts are lost.
To avoid this behavior, make sure use `drop_visit_levels = FALSE`.
[1] "MMRM FIT FAILED FOR A, HDL Cholesterol: No optimizer led to a successful model fit. Please try to use a different covariance structure or other covariates."
[1] "next, since analysis_df_factor is NA for HDL Cholesterol"
[1] "WHERE: C49, HDL Cholesterol"
In Visit there are dropped visits: 7, 21, 35, 49, 63.
 Additional attributes including contrasts are lost.
To avoid this behavior, make sure use `drop_visit_levels = FALSE`.
[1] "WHERE: C49, HDL Cholesterol"
In Visit there are dropped visits: 7, 14, 21, 35, 49, 63, 70.
 Additional attributes including contrasts are lost.
To avoid this behavior, make sure use `drop_visit_levels = FALSE`.
[1] "EMMEANS WARNING FOR C49, HDL Cholesterol: Negative variance estimate obtained!"
[1] "EMMEANS WARNING FOR C49, HDL Cholesterol: Negative variance estimate obtained!"
[1] "EMMEANS/KR FAILED FOR C49, HDL Cholesterol: Non-finite or negative SE in LS means"
[1] "WHERE: C36, HDL Cholesterol"
In Visit there are dropped visits: 7, 21, 35, 49, 63.
 Additional attributes including contrasts are lost.
To avoid this behavior, make sure use `drop_visit_levels = FALSE`.
[1] "WHERE: C36, HDL Cholesterol"
In Visit there are dropped visits: 7, 21, 35, 49, 63.
 Additional attributes including contrasts are lost.
To avoid this behavior, make sure use `drop_visit_levels = FALSE`.
[1] "WHERE: 9, HDL Cholesterol"
In Visit there are dropped visits: 7, 14, 21, 35, 42, 49, 63, 70.
 Additional attributes including contrasts are lost.
To avoid this behavior, make sure use `drop_visit_levels = FALSE`.
[1] "WHERE: 9, HDL Cholesterol"
In Visit there are dropped visits: 7, 14, 21, 35, 42, 49, 63, 70.
 Additional attributes including contrasts are lost.
To avoid this behavior, make sure use `drop_visit_levels = FALSE`.
[1] "MMRM FIT FAILED FOR 9, HDL Cholesterol: No optimizer led to a successful model fit. Please try to use a different covariance structure or other covariates."
[1] "next, since analysis_df_factor is NA for HDL Cholesterol"
[1] "Hematocrit (Hematocrit)"
[1] "WHERE: X, Hematocrit"
In Visit there are dropped visits: 49, 63.
 Additional attributes including contrasts are lost.
To avoid this behavior, make sure use `drop_visit_levels = FALSE`.
[1] "WHERE: X, Hematocrit"
In Visit there are dropped visits: 49, 63.
 Additional attributes including contrasts are lost.
To avoid this behavior, make sure use `drop_visit_levels = FALSE`.
[1] "WHERE: C, Hematocrit"
In Visit there are dropped visits: 49, 63.
 Additional attributes including contrasts are lost.
To avoid this behavior, make sure use `drop_visit_levels = FALSE`.
[1] "WHERE: C, Hematocrit"
In Visit there are dropped visits: 49, 63.
 Additional attributes including contrasts are lost.
To avoid this behavior, make sure use `drop_visit_levels = FALSE`.
[1] "WHERE: A, Hematocrit"
In Visit there are dropped visits: 49, 63.
 Additional attributes including contrasts are lost.
To avoid this behavior, make sure use `drop_visit_levels = FALSE`.
[1] "WHERE: A, Hematocrit"
In Visit there are dropped visits: 49, 56, 63, 70.
 Additional attributes including contrasts are lost.
To avoid this behavior, make sure use `drop_visit_levels = FALSE`.
[1] "MMRM FIT FAILED FOR A, Hematocrit: No optimizer led to a successful model fit. Please try to use a different covariance structure or other covariates."
[1] "next, since analysis_df_factor is NA for Hematocrit"
[1] "WHERE: C49, Hematocrit"
In Visit there are dropped visits: 49, 63.
 Additional attributes including contrasts are lost.
To avoid this behavior, make sure use `drop_visit_levels = FALSE`.
[1] "WHERE: C49, Hematocrit"
In Visit there are dropped visits: 49, 63.
 Additional attributes including contrasts are lost.
To avoid this behavior, make sure use `drop_visit_levels = FALSE`.
[1] "WHERE: C36, Hematocrit"
In Visit there are dropped visits: 49, 63.
 Additional attributes including contrasts are lost.
To avoid this behavior, make sure use `drop_visit_levels = FALSE`.
[1] "WHERE: C36, Hematocrit"
In Visit there are dropped visits: 49, 63.
 Additional attributes including contrasts are lost.
To avoid this behavior, make sure use `drop_visit_levels = FALSE`.
[1] "WHERE: 9, Hematocrit"
In Visit there are dropped visits: 49, 63.
 Additional attributes including contrasts are lost.
To avoid this behavior, make sure use `drop_visit_levels = FALSE`.
[1] "WHERE: 9, Hematocrit"
In Visit there are dropped visits: 49, 63.
 Additional attributes including contrasts are lost.
To avoid this behavior, make sure use `drop_visit_levels = FALSE`.
[1] "EMMEANS WARNING FOR 9, Hematocrit: Negative variance estimate obtained!"
[1] "EMMEANS WARNING FOR 9, Hematocrit: Negative variance estimate obtained!"
[1] "EMMEANS WARNING FOR 9, Hematocrit: Negative variance estimate obtained!"
[1] "EMMEANS WARNING FOR 9, Hematocrit: Negative variance estimate obtained!"
[1] "EMMEANS WARNING FOR 9, Hematocrit: Negative variance estimate obtained!"
[1] "EMMEANS WARNING FOR 9, Hematocrit: Negative variance estimate obtained!"
[1] "EMMEANS WARNING FOR 9, Hematocrit: Negative variance estimate obtained!"
[1] "EMMEANS WARNING FOR 9, Hematocrit: Negative variance estimate obtained!"
[1] "EMMEANS WARNING FOR 9, Hematocrit: Negative variance estimate obtained!"
[1] "EMMEANS WARNING FOR 9, Hematocrit: Negative variance estimate obtained!"
[1] "EMMEANS WARNING FOR 9, Hematocrit: Negative variance estimate obtained!"
[1] "EMMEANS WARNING FOR 9, Hematocrit: Negative variance estimate obtained!"
[1] "EMMEANS WARNING FOR 9, Hematocrit: Negative variance estimate obtained!"
[1] "EMMEANS WARNING FOR 9, Hematocrit: Negative variance estimate obtained!"
[1] "EMMEANS WARNING FOR 9, Hematocrit: Negative variance estimate obtained!"
[1] "EMMEANS WARNING FOR 9, Hematocrit: Negative variance estimate obtained!"
[1] "EMMEANS/KR FAILED FOR 9, Hematocrit: Non-finite or negative SE in LS means"
[1] "Hemoglobin (Hemoglobin)"
[1] "WHERE: X, Hemoglobin"
In Visit there are dropped visits: 49, 63.
 Additional attributes including contrasts are lost.
To avoid this behavior, make sure use `drop_visit_levels = FALSE`.
[1] "WHERE: X, Hemoglobin"
In Visit there are dropped visits: 49, 63.
 Additional attributes including contrasts are lost.
To avoid this behavior, make sure use `drop_visit_levels = FALSE`.
[1] "WHERE: C, Hemoglobin"
In Visit there are dropped visits: 49, 63.
 Additional attributes including contrasts are lost.
To avoid this behavior, make sure use `drop_visit_levels = FALSE`.
[1] "WHERE: C, Hemoglobin"
In Visit there are dropped visits: 49, 63.
 Additional attributes including contrasts are lost.
To avoid this behavior, make sure use `drop_visit_levels = FALSE`.
[1] "WHERE: A, Hemoglobin"
In Visit there are dropped visits: 49, 63.
 Additional attributes including contrasts are lost.
To avoid this behavior, make sure use `drop_visit_levels = FALSE`.
[1] "WHERE: A, Hemoglobin"
In Visit there are dropped visits: 49, 56, 63, 70.
 Additional attributes including contrasts are lost.
To avoid this behavior, make sure use `drop_visit_levels = FALSE`.
[1] "EMMEANS WARNING FOR A, Hemoglobin: Negative variance estimate obtained!"
[1] "EMMEANS WARNING FOR A, Hemoglobin: Negative variance estimate obtained!"
[1] "EMMEANS WARNING FOR A, Hemoglobin: Negative variance estimate obtained!"
[1] "EMMEANS WARNING FOR A, Hemoglobin: Negative variance estimate obtained!"
[1] "EMMEANS WARNING FOR A, Hemoglobin: Negative variance estimate obtained!"
[1] "EMMEANS/KR FAILED FOR A, Hemoglobin: Assertion on 'df' failed: Element 1 is not >= 2.22507e-308."
[1] "WHERE: C49, Hemoglobin"
In Visit there are dropped visits: 49, 63.
 Additional attributes including contrasts are lost.
To avoid this behavior, make sure use `drop_visit_levels = FALSE`.
[1] "WHERE: C49, Hemoglobin"
In Visit there are dropped visits: 49, 63.
 Additional attributes including contrasts are lost.
To avoid this behavior, make sure use `drop_visit_levels = FALSE`.
[1] "WHERE: C36, Hemoglobin"
In Visit there are dropped visits: 49, 63.
 Additional attributes including contrasts are lost.
To avoid this behavior, make sure use `drop_visit_levels = FALSE`.
[1] "WHERE: C36, Hemoglobin"
In Visit there are dropped visits: 49, 63.
 Additional attributes including contrasts are lost.
To avoid this behavior, make sure use `drop_visit_levels = FALSE`.
[1] "WHERE: 9, Hemoglobin"
In Visit there are dropped visits: 49, 63.
 Additional attributes including contrasts are lost.
To avoid this behavior, make sure use `drop_visit_levels = FALSE`.
[1] "WHERE: 9, Hemoglobin"
In Visit there are dropped visits: 49, 63.
 Additional attributes including contrasts are lost.
To avoid this behavior, make sure use `drop_visit_levels = FALSE`.
[1] "MMRM FIT FAILED FOR 9, Hemoglobin: No optimizer led to a successful model fit. Please try to use a different covariance structure or other covariates."
[1] "next, since analysis_df_factor is NA for Hemoglobin"
[1] "HOMA_IR (HOMA_IR)"
[1] "WHERE: X, HOMA_IR"
In Visit there are dropped visits: 49, 63.
 Additional attributes including contrasts are lost.
To avoid this behavior, make sure use `drop_visit_levels = FALSE`.
[1] "WHERE: X, HOMA_IR"
In Visit there are dropped visits: 49, 63, 70.
 Additional attributes including contrasts are lost.
To avoid this behavior, make sure use `drop_visit_levels = FALSE`.
[1] "WHERE: C, HOMA_IR"
In Visit there are dropped visits: 49, 63.
 Additional attributes including contrasts are lost.
To avoid this behavior, make sure use `drop_visit_levels = FALSE`.
[1] "WHERE: C, HOMA_IR"
In Visit there are dropped visits: 49, 63, 70.
 Additional attributes including contrasts are lost.
To avoid this behavior, make sure use `drop_visit_levels = FALSE`.
[1] "WHERE: A, HOMA_IR"
In Visit there are dropped visits: 49, 63.
 Additional attributes including contrasts are lost.
To avoid this behavior, make sure use `drop_visit_levels = FALSE`.
[1] "WHERE: A, HOMA_IR"
In Visit there are dropped visits: 35, 49, 56, 63, 70.
 Additional attributes including contrasts are lost.
To avoid this behavior, make sure use `drop_visit_levels = FALSE`.
[1] "MMRM FIT FAILED FOR A, HOMA_IR: No optimizer led to a successful model fit. Please try to use a different covariance structure or other covariates."
[1] "next, since analysis_df_factor is NA for HOMA_IR"
[1] "WHERE: C49, HOMA_IR"
In Visit there are dropped visits: 7, 21, 35, 49, 63, 70.
 Additional attributes including contrasts are lost.
To avoid this behavior, make sure use `drop_visit_levels = FALSE`.
[1] "WHERE: C49, HOMA_IR"
In Visit there are dropped visits: 7, 21, 35, 49, 63, 70.
 Additional attributes including contrasts are lost.
To avoid this behavior, make sure use `drop_visit_levels = FALSE`.
[1] "WHERE: C36, HOMA_IR"
In Visit there are dropped visits: 49, 63.
 Additional attributes including contrasts are lost.
To avoid this behavior, make sure use `drop_visit_levels = FALSE`.
[1] "WHERE: C36, HOMA_IR"
In Visit there are dropped visits: 49, 63, 70.
 Additional attributes including contrasts are lost.
To avoid this behavior, make sure use `drop_visit_levels = FALSE`.
[1] "MMRM FIT FAILED FOR C36, HOMA_IR: No optimizer led to a successful model fit. Please try to use a different covariance structure or other covariates."
[1] "next, since analysis_df_factor is NA for HOMA_IR"
[1] "WHERE: 9, HOMA_IR"
In Visit there are dropped visits: 7, 21, 35, 49, 63, 70.
 Additional attributes including contrasts are lost.
To avoid this behavior, make sure use `drop_visit_levels = FALSE`.
[1] "WHERE: 9, HOMA_IR"
In Visit there are dropped visits: 7, 21, 35, 49, 63, 70.
 Additional attributes including contrasts are lost.
To avoid this behavior, make sure use `drop_visit_levels = FALSE`.
[1] "EMMEANS WARNING FOR 9, HOMA_IR: Negative variance estimate obtained!"
[1] "EMMEANS/KR FAILED FOR 9, HOMA_IR: Assertion on 'df' failed: Element 1 is not >= 2.22507e-308."
[1] "IGF-1 (IGF-1)"
[1] "WHERE: X, IGF-1"
In Visit there are dropped visits: 49, 63.
 Additional attributes including contrasts are lost.
To avoid this behavior, make sure use `drop_visit_levels = FALSE`.
[1] "WHERE: X, IGF-1"
In Visit there are dropped visits: 49, 63.
 Additional attributes including contrasts are lost.
To avoid this behavior, make sure use `drop_visit_levels = FALSE`.
[1] "WHERE: C, IGF-1"
In Visit there are dropped visits: 49, 63.
 Additional attributes including contrasts are lost.
To avoid this behavior, make sure use `drop_visit_levels = FALSE`.
[1] "WHERE: C, IGF-1"
In Visit there are dropped visits: 49, 63.
 Additional attributes including contrasts are lost.
To avoid this behavior, make sure use `drop_visit_levels = FALSE`.
[1] "WHERE: A, IGF-1"
In Visit there are dropped visits: 49, 63.
 Additional attributes including contrasts are lost.
To avoid this behavior, make sure use `drop_visit_levels = FALSE`.
[1] "WHERE: A, IGF-1"
In Visit there are dropped visits: 49, 56, 63, 70.
 Additional attributes including contrasts are lost.
To avoid this behavior, make sure use `drop_visit_levels = FALSE`.
[1] "EMMEANS WARNING FOR A, IGF-1: Negative variance estimate obtained!"
[1] "EMMEANS WARNING FOR A, IGF-1: Negative variance estimate obtained!"
[1] "EMMEANS WARNING FOR A, IGF-1: Negative variance estimate obtained!"
[1] "EMMEANS WARNING FOR A, IGF-1: Negative variance estimate obtained!"
[1] "EMMEANS WARNING FOR A, IGF-1: Negative variance estimate obtained!"
[1] "EMMEANS WARNING FOR A, IGF-1: Negative variance estimate obtained!"
[1] "EMMEANS WARNING FOR A, IGF-1: Negative variance estimate obtained!"
[1] "EMMEANS WARNING FOR A, IGF-1: Negative variance estimate obtained!"
[1] "EMMEANS WARNING FOR A, IGF-1: Negative variance estimate obtained!"
[1] "EMMEANS WARNING FOR A, IGF-1: Negative variance estimate obtained!"
[1] "EMMEANS WARNING FOR A, IGF-1: Negative variance estimate obtained!"
[1] "EMMEANS WARNING FOR A, IGF-1: Negative variance estimate obtained!"
[1] "EMMEANS/KR FAILED FOR A, IGF-1: Non-finite or negative SE in LS means"
[1] "WHERE: C49, IGF-1"
In Visit there are dropped visits: 49, 63, 70.
 Additional attributes including contrasts are lost.
To avoid this behavior, make sure use `drop_visit_levels = FALSE`.
[1] "WHERE: C49, IGF-1"
In Visit there are dropped visits: 7, 21, 35, 49, 63, 70.
 Additional attributes including contrasts are lost.
To avoid this behavior, make sure use `drop_visit_levels = FALSE`.
[1] "WHERE: C36, IGF-1"
In Visit there are dropped visits: 49, 63.
 Additional attributes including contrasts are lost.
To avoid this behavior, make sure use `drop_visit_levels = FALSE`.
[1] "WHERE: C36, IGF-1"
In Visit there are dropped visits: 49, 63.
 Additional attributes including contrasts are lost.
To avoid this behavior, make sure use `drop_visit_levels = FALSE`.
[1] "WHERE: 9, IGF-1"
In Visit there are dropped visits: 21, 49, 63, 70.
 Additional attributes including contrasts are lost.
To avoid this behavior, make sure use `drop_visit_levels = FALSE`.
[1] "WHERE: 9, IGF-1"
In Visit there are dropped visits: 7, 21, 35, 49, 63, 70.
 Additional attributes including contrasts are lost.
To avoid this behavior, make sure use `drop_visit_levels = FALSE`.
[1] "EMMEANS WARNING FOR 9, IGF-1: Negative variance estimate obtained!"
[1] "EMMEANS WARNING FOR 9, IGF-1: Negative variance estimate obtained!"
[1] "EMMEANS WARNING FOR 9, IGF-1: Negative variance estimate obtained!"
[1] "EMMEANS WARNING FOR 9, IGF-1: Negative variance estimate obtained!"
[1] "EMMEANS WARNING FOR 9, IGF-1: Negative variance estimate obtained!"
[1] "EMMEANS WARNING FOR 9, IGF-1: Negative variance estimate obtained!"
[1] "EMMEANS WARNING FOR 9, IGF-1: Negative variance estimate obtained!"
[1] "EMMEANS WARNING FOR 9, IGF-1: Negative variance estimate obtained!"
[1] "EMMEANS/KR FAILED FOR 9, IGF-1: Non-finite or negative SE in LS means"
[1] "IL-10 (IL-10)"
[1] "WHERE: X, IL-10"
In Visit there are dropped visits: 49, 63.
 Additional attributes including contrasts are lost.
To avoid this behavior, make sure use `drop_visit_levels = FALSE`.
[1] "WHERE: X, IL-10"
In Visit there are dropped visits: 49, 56, 63, 70.
 Additional attributes including contrasts are lost.
To avoid this behavior, make sure use `drop_visit_levels = FALSE`.
[1] "EMMEANS WARNING FOR X, IL-10: Negative variance estimate obtained!"
[1] "EMMEANS WARNING FOR X, IL-10: Negative variance estimate obtained!"
[1] "EMMEANS WARNING FOR X, IL-10: Negative variance estimate obtained!"
[1] "EMMEANS WARNING FOR X, IL-10: Negative variance estimate obtained!"
[1] "EMMEANS WARNING FOR X, IL-10: Negative variance estimate obtained!"
[1] "EMMEANS WARNING FOR X, IL-10: Negative variance estimate obtained!"
[1] "EMMEANS WARNING FOR X, IL-10: Negative variance estimate obtained!"
[1] "EMMEANS WARNING FOR X, IL-10: Negative variance estimate obtained!"
[1] "EMMEANS WARNING FOR X, IL-10: Negative variance estimate obtained!"
[1] "EMMEANS WARNING FOR X, IL-10: Negative variance estimate obtained!"
[1] "EMMEANS WARNING FOR X, IL-10: Negative variance estimate obtained!"
[1] "EMMEANS WARNING FOR X, IL-10: Negative variance estimate obtained!"
[1] "EMMEANS/KR FAILED FOR X, IL-10: Non-finite or negative SE in LS means"
[1] "WHERE: C, IL-10"
In Visit there are dropped visits: 49, 63.
 Additional attributes including contrasts are lost.
To avoid this behavior, make sure use `drop_visit_levels = FALSE`.
[1] "WHERE: C, IL-10"
[1] "SKIP NO REASON OR EMPTY DATA FRAME FOR C, IL-10 with rowcount 0"
[1] "next, since analysis_df_factor is NA for IL-10"
[1] "WHERE: A, IL-10"
In Visit there are dropped visits: 49, 63.
 Additional attributes including contrasts are lost.
To avoid this behavior, make sure use `drop_visit_levels = FALSE`.
[1] "WHERE: A, IL-10"
In Visit there are dropped visits: 49, 56, 63, 70.
 Additional attributes including contrasts are lost.
To avoid this behavior, make sure use `drop_visit_levels = FALSE`.
[1] "EMMEANS WARNING FOR A, IL-10: Negative variance estimate obtained!"
[1] "EMMEANS WARNING FOR A, IL-10: Negative variance estimate obtained!"
[1] "EMMEANS WARNING FOR A, IL-10: Negative variance estimate obtained!"
[1] "EMMEANS WARNING FOR A, IL-10: Negative variance estimate obtained!"
[1] "EMMEANS WARNING FOR A, IL-10: Negative variance estimate obtained!"
[1] "EMMEANS WARNING FOR A, IL-10: Negative variance estimate obtained!"
[1] "EMMEANS WARNING FOR A, IL-10: Negative variance estimate obtained!"
[1] "EMMEANS WARNING FOR A, IL-10: Negative variance estimate obtained!"
[1] "EMMEANS WARNING FOR A, IL-10: Negative variance estimate obtained!"
[1] "EMMEANS WARNING FOR A, IL-10: Negative variance estimate obtained!"
[1] "EMMEANS WARNING FOR A, IL-10: Negative variance estimate obtained!"
[1] "EMMEANS WARNING FOR A, IL-10: Negative variance estimate obtained!"
[1] "EMMEANS/KR FAILED FOR A, IL-10: Non-finite or negative SE in LS means"
[1] "WHERE: C49, IL-10"
[1] "SKIP NO REASON OR EMPTY DATA FRAME FOR C49, IL-10 with rowcount 0"
[1] "WHERE: C49, IL-10"
[1] "SKIP NO REASON OR EMPTY DATA FRAME FOR C49, IL-10 with rowcount 0"
[1] "NO PLOTTABLE DATA FOR C49, IL-10"
[1] "WHERE: C36, IL-10"
In Visit there are dropped visits: 49, 63.
 Additional attributes including contrasts are lost.
To avoid this behavior, make sure use `drop_visit_levels = FALSE`.
[1] "WHERE: C36, IL-10"
[1] "SKIP NO REASON OR EMPTY DATA FRAME FOR C36, IL-10 with rowcount 0"
[1] "next, since analysis_df_factor is NA for IL-10"
[1] "WHERE: 9, IL-10"
[1] "SKIP NO REASON OR EMPTY DATA FRAME FOR 9, IL-10 with rowcount 0"
[1] "WHERE: 9, IL-10"
[1] "SKIP NO REASON OR EMPTY DATA FRAME FOR 9, IL-10 with rowcount 0"
[1] "NO PLOTTABLE DATA FOR 9, IL-10"
[1] "IL-5 (IL-5)"
[1] "WHERE: X, IL-5"
In Visit there are dropped visits: 49, 63.
 Additional attributes including contrasts are lost.
To avoid this behavior, make sure use `drop_visit_levels = FALSE`.
[1] "WHERE: X, IL-5"
In Visit there are dropped visits: 7, 14, 42, 49, 56, 63, 70.
 Additional attributes including contrasts are lost.
To avoid this behavior, make sure use `drop_visit_levels = FALSE`.
[1] "EMMEANS WARNING FOR X, IL-5: Negative variance estimate obtained!"
[1] "EMMEANS/KR FAILED FOR X, IL-5: Assertion on 'df' failed: Element 1 is not >= 2.22507e-308."
[1] "WHERE: C, IL-5"
In Visit there are dropped visits: 49, 63.
 Additional attributes including contrasts are lost.
To avoid this behavior, make sure use `drop_visit_levels = FALSE`.
[1] "WHERE: C, IL-5"
[1] "SKIP NO REASON OR EMPTY DATA FRAME FOR C, IL-5 with rowcount 0"
[1] "next, since analysis_df_factor is NA for IL-5"
[1] "WHERE: A, IL-5"
In Visit there are dropped visits: 49, 63.
 Additional attributes including contrasts are lost.
To avoid this behavior, make sure use `drop_visit_levels = FALSE`.
[1] "WHERE: A, IL-5"
In Visit there are dropped visits: 7, 14, 42, 49, 56, 63, 70.
 Additional attributes including contrasts are lost.
To avoid this behavior, make sure use `drop_visit_levels = FALSE`.
[1] "EMMEANS WARNING FOR A, IL-5: Negative variance estimate obtained!"
[1] "EMMEANS/KR FAILED FOR A, IL-5: Assertion on 'df' failed: Element 1 is not >= 2.22507e-308."
[1] "WHERE: C49, IL-5"
[1] "SKIP NO REASON OR EMPTY DATA FRAME FOR C49, IL-5 with rowcount 0"
[1] "WHERE: C49, IL-5"
[1] "SKIP NO REASON OR EMPTY DATA FRAME FOR C49, IL-5 with rowcount 0"
[1] "NO PLOTTABLE DATA FOR C49, IL-5"
[1] "WHERE: C36, IL-5"
In Visit there are dropped visits: 49, 63.
 Additional attributes including contrasts are lost.
To avoid this behavior, make sure use `drop_visit_levels = FALSE`.
[1] "WHERE: C36, IL-5"
[1] "SKIP NO REASON OR EMPTY DATA FRAME FOR C36, IL-5 with rowcount 0"
[1] "next, since analysis_df_factor is NA for IL-5"
[1] "WHERE: 9, IL-5"
[1] "SKIP NO REASON OR EMPTY DATA FRAME FOR 9, IL-5 with rowcount 0"
[1] "WHERE: 9, IL-5"
[1] "SKIP NO REASON OR EMPTY DATA FRAME FOR 9, IL-5 with rowcount 0"
[1] "NO PLOTTABLE DATA FOR 9, IL-5"
[1] "INR - International Normalized Ratio (INR)"
[1] "WHERE: X, INR - International Normalized Ratio"
In Visit there are dropped visits: 7, 21, 35, 42, 49, 63, 70.
 Additional attributes including contrasts are lost.
To avoid this behavior, make sure use `drop_visit_levels = FALSE`.
[1] "WHERE: X, INR - International Normalized Ratio"
In Visit there are dropped visits: 7, 21, 35, 42, 49, 63, 70.
 Additional attributes including contrasts are lost.
To avoid this behavior, make sure use `drop_visit_levels = FALSE`.
[1] "WHERE: C, INR - International Normalized Ratio"
In Visit there are dropped visits: 7, 21, 35, 42, 49, 63, 70.
 Additional attributes including contrasts are lost.
To avoid this behavior, make sure use `drop_visit_levels = FALSE`.
[1] "WHERE: C, INR - International Normalized Ratio"
In Visit there are dropped visits: 7, 21, 35, 42, 49, 63, 70.
 Additional attributes including contrasts are lost.
To avoid this behavior, make sure use `drop_visit_levels = FALSE`.
[1] "WHERE: A, INR - International Normalized Ratio"
In Visit there are dropped visits: 7, 21, 35, 42, 49, 63, 70.
 Additional attributes including contrasts are lost.
To avoid this behavior, make sure use `drop_visit_levels = FALSE`.
[1] "WHERE: A, INR - International Normalized Ratio"
In Visit there are dropped visits: 7, 21, 35, 42, 49, 56, 63, 70.
 Additional attributes including contrasts are lost.
To avoid this behavior, make sure use `drop_visit_levels = FALSE`.
[1] "MMRM FIT FAILED FOR A, INR - International Normalized Ratio: No optimizer led to a successful model fit. Please try to use a different covariance structure or other covariates."
[1] "next, since analysis_df_factor is NA for INR - International Normalized Ratio"
[1] "WHERE: C49, INR - International Normalized Ratio"
In Visit there are dropped visits: 7, 21, 35, 42, 49, 63, 70.
 Additional attributes including contrasts are lost.
To avoid this behavior, make sure use `drop_visit_levels = FALSE`.
[1] "WHERE: C49, INR - International Normalized Ratio"
In Visit there are dropped visits: 7, 21, 35, 42, 49, 56, 63, 70.
 Additional attributes including contrasts are lost.
To avoid this behavior, make sure use `drop_visit_levels = FALSE`.
[1] "MMRM FIT FAILED FOR C49, INR - International Normalized Ratio: No optimizer led to a successful model fit. Please try to use a different covariance structure or other covariates."
[1] "next, since analysis_df_factor is NA for INR - International Normalized Ratio"
[1] "WHERE: C36, INR - International Normalized Ratio"
In Visit there are dropped visits: 7, 21, 35, 42, 49, 63, 70.
 Additional attributes including contrasts are lost.
To avoid this behavior, make sure use `drop_visit_levels = FALSE`.
[1] "WHERE: C36, INR - International Normalized Ratio"
In Visit there are dropped visits: 7, 21, 35, 42, 49, 63, 70.
 Additional attributes including contrasts are lost.
To avoid this behavior, make sure use `drop_visit_levels = FALSE`.
[1] "WHERE: 9, INR - International Normalized Ratio"
In Visit there are dropped visits: 7, 21, 35, 42, 49, 63, 70.
 Additional attributes including contrasts are lost.
To avoid this behavior, make sure use `drop_visit_levels = FALSE`.
[1] "WHERE: 9, INR - International Normalized Ratio"
[1] "next, since analysis_df_factor is NA for INR - International Normalized Ratio"
[1] "Insulin (Insulin)"
[1] "WHERE: X, Insulin"
In Visit there are dropped visits: 49, 63.
 Additional attributes including contrasts are lost.
To avoid this behavior, make sure use `drop_visit_levels = FALSE`.
[1] "WHERE: X, Insulin"
In Visit there are dropped visits: 49, 63.
 Additional attributes including contrasts are lost.
To avoid this behavior, make sure use `drop_visit_levels = FALSE`.
[1] "WHERE: C, Insulin"
In Visit there are dropped visits: 49, 63.
 Additional attributes including contrasts are lost.
To avoid this behavior, make sure use `drop_visit_levels = FALSE`.
[1] "WHERE: C, Insulin"
In Visit there are dropped visits: 49, 63.
 Additional attributes including contrasts are lost.
To avoid this behavior, make sure use `drop_visit_levels = FALSE`.
[1] "WHERE: A, Insulin"
In Visit there are dropped visits: 49, 63.
 Additional attributes including contrasts are lost.
To avoid this behavior, make sure use `drop_visit_levels = FALSE`.
[1] "WHERE: A, Insulin"
In Visit there are dropped visits: 49, 56, 63, 70.
 Additional attributes including contrasts are lost.
To avoid this behavior, make sure use `drop_visit_levels = FALSE`.
[1] "MMRM FIT FAILED FOR A, Insulin: No optimizer led to a successful model fit. Please try to use a different covariance structure or other covariates."
[1] "next, since analysis_df_factor is NA for Insulin"
[1] "WHERE: C49, Insulin"
In Visit there are dropped visits: 49, 63, 70.
 Additional attributes including contrasts are lost.
To avoid this behavior, make sure use `drop_visit_levels = FALSE`.
[1] "WHERE: C49, Insulin"
In Visit there are dropped visits: 7, 21, 35, 49, 63, 70.
 Additional attributes including contrasts are lost.
To avoid this behavior, make sure use `drop_visit_levels = FALSE`.
[1] "WHERE: C36, Insulin"
In Visit there are dropped visits: 49, 63.
 Additional attributes including contrasts are lost.
To avoid this behavior, make sure use `drop_visit_levels = FALSE`.
[1] "WHERE: C36, Insulin"
In Visit there are dropped visits: 49, 63.
 Additional attributes including contrasts are lost.
To avoid this behavior, make sure use `drop_visit_levels = FALSE`.
[1] "WHERE: 9, Insulin"
In Visit there are dropped visits: 7, 21, 35, 49, 63, 70.
 Additional attributes including contrasts are lost.
To avoid this behavior, make sure use `drop_visit_levels = FALSE`.
[1] "WHERE: 9, Insulin"
In Visit there are dropped visits: 7, 21, 35, 49, 63, 70.
 Additional attributes including contrasts are lost.
To avoid this behavior, make sure use `drop_visit_levels = FALSE`.
[1] "MMRM FIT FAILED FOR 9, Insulin: No optimizer led to a successful model fit. Please try to use a different covariance structure or other covariates."
[1] "next, since analysis_df_factor is NA for Insulin"
[1] "LAR (LAR)"
[1] "WHERE: X, LAR"
In Visit there are dropped visits: 49, 63.
 Additional attributes including contrasts are lost.
To avoid this behavior, make sure use `drop_visit_levels = FALSE`.
[1] "WHERE: X, LAR"
In Visit there are dropped visits: 49, 63.
 Additional attributes including contrasts are lost.
To avoid this behavior, make sure use `drop_visit_levels = FALSE`.
[1] "WHERE: C, LAR"
In Visit there are dropped visits: 49, 63.
 Additional attributes including contrasts are lost.
To avoid this behavior, make sure use `drop_visit_levels = FALSE`.
[1] "WHERE: C, LAR"
In Visit there are dropped visits: 49, 63.
 Additional attributes including contrasts are lost.
To avoid this behavior, make sure use `drop_visit_levels = FALSE`.
[1] "WHERE: A, LAR"
In Visit there are dropped visits: 49, 63.
 Additional attributes including contrasts are lost.
To avoid this behavior, make sure use `drop_visit_levels = FALSE`.
[1] "WHERE: A, LAR"
In Visit there are dropped visits: 49, 56, 63, 70.
 Additional attributes including contrasts are lost.
To avoid this behavior, make sure use `drop_visit_levels = FALSE`.
[1] "MMRM FIT FAILED FOR A, LAR: No optimizer led to a successful model fit. Please try to use a different covariance structure or other covariates."
[1] "next, since analysis_df_factor is NA for LAR"
[1] "WHERE: C49, LAR"
In Visit there are dropped visits: 49, 63, 70.
 Additional attributes including contrasts are lost.
To avoid this behavior, make sure use `drop_visit_levels = FALSE`.
[1] "WHERE: C49, LAR"
In Visit there are dropped visits: 7, 21, 35, 49, 63, 70.
 Additional attributes including contrasts are lost.
To avoid this behavior, make sure use `drop_visit_levels = FALSE`.
[1] "WHERE: C36, LAR"
In Visit there are dropped visits: 49, 63.
 Additional attributes including contrasts are lost.
To avoid this behavior, make sure use `drop_visit_levels = FALSE`.
[1] "WHERE: C36, LAR"
In Visit there are dropped visits: 49, 63.
 Additional attributes including contrasts are lost.
To avoid this behavior, make sure use `drop_visit_levels = FALSE`.
[1] "WHERE: 9, LAR"
In Visit there are dropped visits: 21, 49, 63, 70.
 Additional attributes including contrasts are lost.
To avoid this behavior, make sure use `drop_visit_levels = FALSE`.
[1] "WHERE: 9, LAR"
In Visit there are dropped visits: 7, 21, 35, 49, 63, 70.
 Additional attributes including contrasts are lost.
To avoid this behavior, make sure use `drop_visit_levels = FALSE`.
[1] "MMRM FIT FAILED FOR 9, LAR: No optimizer led to a successful model fit. Please try to use a different covariance structure or other covariates."
[1] "next, since analysis_df_factor is NA for LAR"
[1] "LDH - Lactate dehydrogenase (LDH)"
[1] "WHERE: X, LDH - Lactate dehydrogenase"
In Visit there are dropped visits: 49, 63.
 Additional attributes including contrasts are lost.
To avoid this behavior, make sure use `drop_visit_levels = FALSE`.
[1] "WHERE: X, LDH - Lactate dehydrogenase"
In Visit there are dropped visits: 49, 63.
 Additional attributes including contrasts are lost.
To avoid this behavior, make sure use `drop_visit_levels = FALSE`.
[1] "WHERE: C, LDH - Lactate dehydrogenase"
In Visit there are dropped visits: 49, 63.
 Additional attributes including contrasts are lost.
To avoid this behavior, make sure use `drop_visit_levels = FALSE`.
[1] "WHERE: C, LDH - Lactate dehydrogenase"
In Visit there are dropped visits: 49, 63.
 Additional attributes including contrasts are lost.
To avoid this behavior, make sure use `drop_visit_levels = FALSE`.
[1] "WHERE: A, LDH - Lactate dehydrogenase"
In Visit there are dropped visits: 49, 63.
 Additional attributes including contrasts are lost.
To avoid this behavior, make sure use `drop_visit_levels = FALSE`.
[1] "WHERE: A, LDH - Lactate dehydrogenase"
In Visit there are dropped visits: 35, 49, 56, 63, 70.
 Additional attributes including contrasts are lost.
To avoid this behavior, make sure use `drop_visit_levels = FALSE`.
[1] "MMRM FIT FAILED FOR A, LDH - Lactate dehydrogenase: No optimizer led to a successful model fit. Please try to use a different covariance structure or other covariates."
[1] "next, since analysis_df_factor is NA for LDH - Lactate dehydrogenase"
[1] "WHERE: C49, LDH - Lactate dehydrogenase"
In Visit there are dropped visits: 49, 63.
 Additional attributes including contrasts are lost.
To avoid this behavior, make sure use `drop_visit_levels = FALSE`.
[1] "WHERE: C49, LDH - Lactate dehydrogenase"
In Visit there are dropped visits: 7, 49, 56, 63, 70.
 Additional attributes including contrasts are lost.
To avoid this behavior, make sure use `drop_visit_levels = FALSE`.
[1] "EMMEANS WARNING FOR C49, LDH - Lactate dehydrogenase: Negative variance estimate obtained!"
[1] "EMMEANS WARNING FOR C49, LDH - Lactate dehydrogenase: Negative variance estimate obtained!"
[1] "EMMEANS WARNING FOR C49, LDH - Lactate dehydrogenase: Negative variance estimate obtained!"
[1] "EMMEANS WARNING FOR C49, LDH - Lactate dehydrogenase: Negative variance estimate obtained!"
[1] "EMMEANS WARNING FOR C49, LDH - Lactate dehydrogenase: Negative variance estimate obtained!"
[1] "EMMEANS WARNING FOR C49, LDH - Lactate dehydrogenase: Negative variance estimate obtained!"
[1] "EMMEANS WARNING FOR C49, LDH - Lactate dehydrogenase: Negative variance estimate obtained!"
[1] "EMMEANS WARNING FOR C49, LDH - Lactate dehydrogenase: Negative variance estimate obtained!"
[1] "EMMEANS WARNING FOR C49, LDH - Lactate dehydrogenase: Negative variance estimate obtained!"
[1] "EMMEANS WARNING FOR C49, LDH - Lactate dehydrogenase: Negative variance estimate obtained!"
[1] "EMMEANS/KR FAILED FOR C49, LDH - Lactate dehydrogenase: Non-finite or negative SE in LS means"
[1] "WHERE: C36, LDH - Lactate dehydrogenase"
In Visit there are dropped visits: 49, 63.
 Additional attributes including contrasts are lost.
To avoid this behavior, make sure use `drop_visit_levels = FALSE`.
[1] "WHERE: C36, LDH - Lactate dehydrogenase"
In Visit there are dropped visits: 49, 63.
 Additional attributes including contrasts are lost.
To avoid this behavior, make sure use `drop_visit_levels = FALSE`.
[1] "WHERE: 9, LDH - Lactate dehydrogenase"
In Visit there are dropped visits: 7, 21, 49, 63.
 Additional attributes including contrasts are lost.
To avoid this behavior, make sure use `drop_visit_levels = FALSE`.
[1] "WHERE: 9, LDH - Lactate dehydrogenase"
In Visit there are dropped visits: 7, 14, 21, 28, 35, 42, 49, 56, 63, 70.
 Additional attributes including contrasts are lost.
To avoid this behavior, make sure use `drop_visit_levels = FALSE`.
[1] "MMRM FIT FAILED FOR 9, LDH - Lactate dehydrogenase: contrasts can be applied only to factors with 2 or more levels"
[1] "next, since analysis_df_factor is NA for LDH - Lactate dehydrogenase"
[1] "LDL Cholesterol (LDL Cholesterol)"
[1] "WHERE: X, LDL Cholesterol"
In Visit there are dropped visits: 7, 21, 35, 49, 63.
 Additional attributes including contrasts are lost.
To avoid this behavior, make sure use `drop_visit_levels = FALSE`.
[1] "WHERE: X, LDL Cholesterol"
In Visit there are dropped visits: 7, 21, 35, 49, 63.
 Additional attributes including contrasts are lost.
To avoid this behavior, make sure use `drop_visit_levels = FALSE`.
[1] "WHERE: C, LDL Cholesterol"
In Visit there are dropped visits: 7, 21, 35, 49, 63.
 Additional attributes including contrasts are lost.
To avoid this behavior, make sure use `drop_visit_levels = FALSE`.
[1] "WHERE: C, LDL Cholesterol"
In Visit there are dropped visits: 7, 21, 35, 49, 63.
 Additional attributes including contrasts are lost.
To avoid this behavior, make sure use `drop_visit_levels = FALSE`.
[1] "WHERE: A, LDL Cholesterol"
In Visit there are dropped visits: 7, 21, 35, 49, 63.
 Additional attributes including contrasts are lost.
To avoid this behavior, make sure use `drop_visit_levels = FALSE`.
[1] "WHERE: A, LDL Cholesterol"
In Visit there are dropped visits: 7, 21, 35, 49, 56, 63, 70.
 Additional attributes including contrasts are lost.
To avoid this behavior, make sure use `drop_visit_levels = FALSE`.
[1] "MMRM FIT FAILED FOR A, LDL Cholesterol: No optimizer led to a successful model fit. Please try to use a different covariance structure or other covariates."
[1] "next, since analysis_df_factor is NA for LDL Cholesterol"
[1] "WHERE: C49, LDL Cholesterol"
In Visit there are dropped visits: 7, 21, 35, 49, 63.
 Additional attributes including contrasts are lost.
To avoid this behavior, make sure use `drop_visit_levels = FALSE`.
[1] "WHERE: C49, LDL Cholesterol"
In Visit there are dropped visits: 7, 14, 21, 35, 49, 63, 70.
 Additional attributes including contrasts are lost.
To avoid this behavior, make sure use `drop_visit_levels = FALSE`.
[1] "MMRM FIT FAILED FOR C49, LDL Cholesterol: No optimizer led to a successful model fit. Please try to use a different covariance structure or other covariates."
[1] "next, since analysis_df_factor is NA for LDL Cholesterol"
[1] "WHERE: C36, LDL Cholesterol"
In Visit there are dropped visits: 7, 21, 35, 49, 63.
 Additional attributes including contrasts are lost.
To avoid this behavior, make sure use `drop_visit_levels = FALSE`.
[1] "WHERE: C36, LDL Cholesterol"
In Visit there are dropped visits: 7, 21, 35, 49, 63.
 Additional attributes including contrasts are lost.
To avoid this behavior, make sure use `drop_visit_levels = FALSE`.
[1] "WHERE: 9, LDL Cholesterol"
In Visit there are dropped visits: 7, 14, 21, 35, 42, 49, 63, 70.
 Additional attributes including contrasts are lost.
To avoid this behavior, make sure use `drop_visit_levels = FALSE`.
[1] "WHERE: 9, LDL Cholesterol"
In Visit there are dropped visits: 7, 14, 21, 35, 42, 49, 63, 70.
 Additional attributes including contrasts are lost.
To avoid this behavior, make sure use `drop_visit_levels = FALSE`.
[1] "EMMEANS WARNING FOR 9, LDL Cholesterol: Negative variance estimate obtained!"
[1] "EMMEANS WARNING FOR 9, LDL Cholesterol: Negative variance estimate obtained!"
[1] "EMMEANS WARNING FOR 9, LDL Cholesterol: Negative variance estimate obtained!"
[1] "EMMEANS WARNING FOR 9, LDL Cholesterol: Negative variance estimate obtained!"
[1] "EMMEANS/KR FAILED FOR 9, LDL Cholesterol: Non-finite or negative SE in LS means"
[1] "Leptin (Leptin)"
[1] "WHERE: X, Leptin"
In Visit there are dropped visits: 49, 63.
 Additional attributes including contrasts are lost.
To avoid this behavior, make sure use `drop_visit_levels = FALSE`.
[1] "WHERE: X, Leptin"
In Visit there are dropped visits: 49, 63.
 Additional attributes including contrasts are lost.
To avoid this behavior, make sure use `drop_visit_levels = FALSE`.
[1] "WHERE: C, Leptin"
In Visit there are dropped visits: 49, 63.
 Additional attributes including contrasts are lost.
To avoid this behavior, make sure use `drop_visit_levels = FALSE`.
[1] "WHERE: C, Leptin"
In Visit there are dropped visits: 49, 63.
 Additional attributes including contrasts are lost.
To avoid this behavior, make sure use `drop_visit_levels = FALSE`.
[1] "WHERE: A, Leptin"
In Visit there are dropped visits: 49, 63.
 Additional attributes including contrasts are lost.
To avoid this behavior, make sure use `drop_visit_levels = FALSE`.
[1] "WHERE: A, Leptin"
In Visit there are dropped visits: 49, 56, 63, 70.
 Additional attributes including contrasts are lost.
To avoid this behavior, make sure use `drop_visit_levels = FALSE`.
[1] "EMMEANS WARNING FOR A, Leptin: Negative variance estimate obtained!"
[1] "EMMEANS WARNING FOR A, Leptin: Negative variance estimate obtained!"
[1] "EMMEANS WARNING FOR A, Leptin: Negative variance estimate obtained!"
[1] "EMMEANS WARNING FOR A, Leptin: Negative variance estimate obtained!"
[1] "EMMEANS WARNING FOR A, Leptin: Negative variance estimate obtained!"
[1] "EMMEANS WARNING FOR A, Leptin: Negative variance estimate obtained!"
[1] "EMMEANS WARNING FOR A, Leptin: Negative variance estimate obtained!"
[1] "EMMEANS WARNING FOR A, Leptin: Negative variance estimate obtained!"
[1] "EMMEANS WARNING FOR A, Leptin: Negative variance estimate obtained!"
[1] "EMMEANS WARNING FOR A, Leptin: Negative variance estimate obtained!"
[1] "EMMEANS WARNING FOR A, Leptin: Negative variance estimate obtained!"
[1] "EMMEANS WARNING FOR A, Leptin: Negative variance estimate obtained!"
[1] "EMMEANS/KR FAILED FOR A, Leptin: Non-finite or negative SE in LS means"
[1] "WHERE: C49, Leptin"
In Visit there are dropped visits: 49, 63, 70.
 Additional attributes including contrasts are lost.
To avoid this behavior, make sure use `drop_visit_levels = FALSE`.
[1] "WHERE: C49, Leptin"
In Visit there are dropped visits: 7, 21, 35, 49, 63, 70.
 Additional attributes including contrasts are lost.
To avoid this behavior, make sure use `drop_visit_levels = FALSE`.
[1] "WHERE: C36, Leptin"
In Visit there are dropped visits: 49, 63.
 Additional attributes including contrasts are lost.
To avoid this behavior, make sure use `drop_visit_levels = FALSE`.
[1] "WHERE: C36, Leptin"
In Visit there are dropped visits: 49, 63.
 Additional attributes including contrasts are lost.
To avoid this behavior, make sure use `drop_visit_levels = FALSE`.
[1] "WHERE: 9, Leptin"
In Visit there are dropped visits: 21, 49, 63, 70.
 Additional attributes including contrasts are lost.
To avoid this behavior, make sure use `drop_visit_levels = FALSE`.
[1] "WHERE: 9, Leptin"
In Visit there are dropped visits: 7, 21, 35, 49, 63, 70.
 Additional attributes including contrasts are lost.
To avoid this behavior, make sure use `drop_visit_levels = FALSE`.
[1] "MMRM FIT FAILED FOR 9, Leptin: No optimizer led to a successful model fit. Please try to use a different covariance structure or other covariates."
[1] "next, since analysis_df_factor is NA for Leptin"
[1] "Lipase (Lipase)"
[1] "WHERE: X, Lipase"
In Visit there are dropped visits: 49, 63.
 Additional attributes including contrasts are lost.
To avoid this behavior, make sure use `drop_visit_levels = FALSE`.
[1] "WHERE: X, Lipase"
In Visit there are dropped visits: 49, 63.
 Additional attributes including contrasts are lost.
To avoid this behavior, make sure use `drop_visit_levels = FALSE`.
[1] "WHERE: C, Lipase"
In Visit there are dropped visits: 49, 63.
 Additional attributes including contrasts are lost.
To avoid this behavior, make sure use `drop_visit_levels = FALSE`.
[1] "WHERE: C, Lipase"
In Visit there are dropped visits: 49, 63.
 Additional attributes including contrasts are lost.
To avoid this behavior, make sure use `drop_visit_levels = FALSE`.
[1] "WHERE: A, Lipase"
In Visit there are dropped visits: 49, 63.
 Additional attributes including contrasts are lost.
To avoid this behavior, make sure use `drop_visit_levels = FALSE`.
[1] "WHERE: A, Lipase"
In Visit there are dropped visits: 35, 49, 56, 63, 70.
 Additional attributes including contrasts are lost.
To avoid this behavior, make sure use `drop_visit_levels = FALSE`.
[1] "MMRM FIT FAILED FOR A, Lipase: No optimizer led to a successful model fit. Please try to use a different covariance structure or other covariates."
[1] "next, since analysis_df_factor is NA for Lipase"
[1] "WHERE: C49, Lipase"
In Visit there are dropped visits: 49, 63.
 Additional attributes including contrasts are lost.
To avoid this behavior, make sure use `drop_visit_levels = FALSE`.
[1] "WHERE: C49, Lipase"
In Visit there are dropped visits: 7, 49, 63.
 Additional attributes including contrasts are lost.
To avoid this behavior, make sure use `drop_visit_levels = FALSE`.
[1] "WHERE: C36, Lipase"
In Visit there are dropped visits: 49, 63.
 Additional attributes including contrasts are lost.
To avoid this behavior, make sure use `drop_visit_levels = FALSE`.
[1] "WHERE: C36, Lipase"
In Visit there are dropped visits: 49, 63.
 Additional attributes including contrasts are lost.
To avoid this behavior, make sure use `drop_visit_levels = FALSE`.
[1] "WHERE: 9, Lipase"
In Visit there are dropped visits: 7, 21, 49, 63.
 Additional attributes including contrasts are lost.
To avoid this behavior, make sure use `drop_visit_levels = FALSE`.
[1] "WHERE: 9, Lipase"
In Visit there are dropped visits: 7, 21, 49, 63.
 Additional attributes including contrasts are lost.
To avoid this behavior, make sure use `drop_visit_levels = FALSE`.
[1] "EMMEANS WARNING FOR 9, Lipase: Negative variance estimate obtained!"
[1] "EMMEANS WARNING FOR 9, Lipase: Negative variance estimate obtained!"
[1] "EMMEANS WARNING FOR 9, Lipase: Negative variance estimate obtained!"
[1] "EMMEANS WARNING FOR 9, Lipase: Negative variance estimate obtained!"
[1] "EMMEANS WARNING FOR 9, Lipase: Negative variance estimate obtained!"
[1] "EMMEANS WARNING FOR 9, Lipase: Negative variance estimate obtained!"
[1] "EMMEANS WARNING FOR 9, Lipase: Negative variance estimate obtained!"
[1] "EMMEANS WARNING FOR 9, Lipase: Negative variance estimate obtained!"
[1] "EMMEANS WARNING FOR 9, Lipase: Negative variance estimate obtained!"
[1] "EMMEANS WARNING FOR 9, Lipase: Negative variance estimate obtained!"
[1] "EMMEANS WARNING FOR 9, Lipase: Negative variance estimate obtained!"
[1] "EMMEANS WARNING FOR 9, Lipase: Negative variance estimate obtained!"
[1] "EMMEANS/KR FAILED FOR 9, Lipase: Non-finite or negative SE in LS means"
[1] "Lymphocytes (absolute) (Lymphocytes (abs))"
[1] "WHERE: X, Lymphocytes (absolute)"
In Visit there are dropped visits: 49, 63.
 Additional attributes including contrasts are lost.
To avoid this behavior, make sure use `drop_visit_levels = FALSE`.
[1] "WHERE: X, Lymphocytes (absolute)"
In Visit there are dropped visits: 49, 63.
 Additional attributes including contrasts are lost.
To avoid this behavior, make sure use `drop_visit_levels = FALSE`.
[1] "WHERE: C, Lymphocytes (absolute)"
In Visit there are dropped visits: 49, 63.
 Additional attributes including contrasts are lost.
To avoid this behavior, make sure use `drop_visit_levels = FALSE`.
[1] "WHERE: C, Lymphocytes (absolute)"
In Visit there are dropped visits: 49, 63.
 Additional attributes including contrasts are lost.
To avoid this behavior, make sure use `drop_visit_levels = FALSE`.
[1] "WHERE: A, Lymphocytes (absolute)"
In Visit there are dropped visits: 49, 63.
 Additional attributes including contrasts are lost.
To avoid this behavior, make sure use `drop_visit_levels = FALSE`.
[1] "WHERE: A, Lymphocytes (absolute)"
In Visit there are dropped visits: 49, 56, 63, 70.
 Additional attributes including contrasts are lost.
To avoid this behavior, make sure use `drop_visit_levels = FALSE`.
[1] "MMRM FIT FAILED FOR A, Lymphocytes (absolute): No optimizer led to a successful model fit. Please try to use a different covariance structure or other covariates."
[1] "next, since analysis_df_factor is NA for Lymphocytes (absolute)"
[1] "WHERE: C49, Lymphocytes (absolute)"
In Visit there are dropped visits: 49, 63.
 Additional attributes including contrasts are lost.
To avoid this behavior, make sure use `drop_visit_levels = FALSE`.
[1] "WHERE: C49, Lymphocytes (absolute)"
In Visit there are dropped visits: 49, 63.
 Additional attributes including contrasts are lost.
To avoid this behavior, make sure use `drop_visit_levels = FALSE`.
[1] "WHERE: C36, Lymphocytes (absolute)"
In Visit there are dropped visits: 49, 63.
 Additional attributes including contrasts are lost.
To avoid this behavior, make sure use `drop_visit_levels = FALSE`.
[1] "WHERE: C36, Lymphocytes (absolute)"
In Visit there are dropped visits: 49, 63.
 Additional attributes including contrasts are lost.
To avoid this behavior, make sure use `drop_visit_levels = FALSE`.
[1] "WHERE: 9, Lymphocytes (absolute)"
In Visit there are dropped visits: 49, 63.
 Additional attributes including contrasts are lost.
To avoid this behavior, make sure use `drop_visit_levels = FALSE`.
[1] "WHERE: 9, Lymphocytes (absolute)"
In Visit there are dropped visits: 49, 63.
 Additional attributes including contrasts are lost.
To avoid this behavior, make sure use `drop_visit_levels = FALSE`.
[1] "MMRM FIT FAILED FOR 9, Lymphocytes (absolute): No optimizer led to a successful model fit. Please try to use a different covariance structure or other covariates."
[1] "next, since analysis_df_factor is NA for Lymphocytes (absolute)"
[1] "Lymphocytes (percent) (Lymphocytes (%))"
[1] "WHERE: X, Lymphocytes (percent)"
In Visit there are dropped visits: 49, 63.
 Additional attributes including contrasts are lost.
To avoid this behavior, make sure use `drop_visit_levels = FALSE`.
[1] "WHERE: X, Lymphocytes (percent)"
[1] "next, since analysis_df_factor is NA for Lymphocytes (percent)"
[1] "WHERE: C, Lymphocytes (percent)"
In Visit there are dropped visits: 49, 63.
 Additional attributes including contrasts are lost.
To avoid this behavior, make sure use `drop_visit_levels = FALSE`.
[1] "WHERE: C, Lymphocytes (percent)"
[1] "next, since analysis_df_factor is NA for Lymphocytes (percent)"
[1] "WHERE: A, Lymphocytes (percent)"
In Visit there are dropped visits: 49, 63.
 Additional attributes including contrasts are lost.
To avoid this behavior, make sure use `drop_visit_levels = FALSE`.
[1] "WHERE: A, Lymphocytes (percent)"
[1] "SKIP NO REASON OR EMPTY DATA FRAME FOR A, Lymphocytes (percent) with rowcount 0"
[1] "next, since analysis_df_factor is NA for Lymphocytes (percent)"
[1] "WHERE: C49, Lymphocytes (percent)"
In Visit there are dropped visits: 49, 63.
 Additional attributes including contrasts are lost.
To avoid this behavior, make sure use `drop_visit_levels = FALSE`.
[1] "WHERE: C49, Lymphocytes (percent)"
[1] "SKIP NO REASON OR EMPTY DATA FRAME FOR C49, Lymphocytes (percent) with rowcount 0"
[1] "next, since analysis_df_factor is NA for Lymphocytes (percent)"
[1] "WHERE: C36, Lymphocytes (percent)"
In Visit there are dropped visits: 49, 63.
 Additional attributes including contrasts are lost.
To avoid this behavior, make sure use `drop_visit_levels = FALSE`.
[1] "MMRM FIT FAILED FOR C36, Lymphocytes (percent): No optimizer led to a successful model fit. Please try to use a different covariance structure or other covariates."
[1] "WHERE: C36, Lymphocytes (percent)"
[1] "NO PLOTTABLE DATA FOR C36, Lymphocytes (percent)"
[1] "WHERE: 9, Lymphocytes (percent)"
In Visit there are dropped visits: 49, 63.
 Additional attributes including contrasts are lost.
To avoid this behavior, make sure use `drop_visit_levels = FALSE`.
[1] "WHERE: 9, Lymphocytes (percent)"
[1] "SKIP NO REASON OR EMPTY DATA FRAME FOR 9, Lymphocytes (percent) with rowcount 0"
[1] "next, since analysis_df_factor is NA for Lymphocytes (percent)"
[1] "Magnesium (Magnesium)"
[1] "WHERE: X, Magnesium"
In Visit there are dropped visits: 49, 63.
 Additional attributes including contrasts are lost.
To avoid this behavior, make sure use `drop_visit_levels = FALSE`.
[1] "WHERE: X, Magnesium"
In Visit there are dropped visits: 49, 63.
 Additional attributes including contrasts are lost.
To avoid this behavior, make sure use `drop_visit_levels = FALSE`.
[1] "WHERE: C, Magnesium"
In Visit there are dropped visits: 49, 63.
 Additional attributes including contrasts are lost.
To avoid this behavior, make sure use `drop_visit_levels = FALSE`.
[1] "WHERE: C, Magnesium"
In Visit there are dropped visits: 49, 63.
 Additional attributes including contrasts are lost.
To avoid this behavior, make sure use `drop_visit_levels = FALSE`.
[1] "WHERE: A, Magnesium"
In Visit there are dropped visits: 49, 63.
 Additional attributes including contrasts are lost.
To avoid this behavior, make sure use `drop_visit_levels = FALSE`.
[1] "WHERE: A, Magnesium"
In Visit there are dropped visits: 35, 49, 56, 63, 70.
 Additional attributes including contrasts are lost.
To avoid this behavior, make sure use `drop_visit_levels = FALSE`.
[1] "EMMEANS WARNING FOR A, Magnesium: Negative variance estimate obtained!"
[1] "EMMEANS WARNING FOR A, Magnesium: Negative variance estimate obtained!"
[1] "EMMEANS WARNING FOR A, Magnesium: Negative variance estimate obtained!"
[1] "EMMEANS WARNING FOR A, Magnesium: Negative variance estimate obtained!"
[1] "EMMEANS WARNING FOR A, Magnesium: Negative variance estimate obtained!"
[1] "EMMEANS WARNING FOR A, Magnesium: Negative variance estimate obtained!"
[1] "EMMEANS WARNING FOR A, Magnesium: Negative variance estimate obtained!"
[1] "EMMEANS WARNING FOR A, Magnesium: Negative variance estimate obtained!"
[1] "EMMEANS WARNING FOR A, Magnesium: Negative variance estimate obtained!"
[1] "EMMEANS WARNING FOR A, Magnesium: Negative variance estimate obtained!"
[1] "EMMEANS/KR FAILED FOR A, Magnesium: Non-finite or negative SE in LS means"
[1] "WHERE: C49, Magnesium"
In Visit there are dropped visits: 49, 63.
 Additional attributes including contrasts are lost.
To avoid this behavior, make sure use `drop_visit_levels = FALSE`.
[1] "WHERE: C49, Magnesium"
In Visit there are dropped visits: 7, 49, 56, 63, 70.
 Additional attributes including contrasts are lost.
To avoid this behavior, make sure use `drop_visit_levels = FALSE`.
[1] "MMRM FIT FAILED FOR C49, Magnesium: No optimizer led to a successful model fit. Please try to use a different covariance structure or other covariates."
[1] "next, since analysis_df_factor is NA for Magnesium"
[1] "WHERE: C36, Magnesium"
In Visit there are dropped visits: 49, 63.
 Additional attributes including contrasts are lost.
To avoid this behavior, make sure use `drop_visit_levels = FALSE`.
[1] "WHERE: C36, Magnesium"
In Visit there are dropped visits: 49, 63.
 Additional attributes including contrasts are lost.
To avoid this behavior, make sure use `drop_visit_levels = FALSE`.
[1] "WHERE: 9, Magnesium"
In Visit there are dropped visits: 7, 21, 49, 63.
 Additional attributes including contrasts are lost.
To avoid this behavior, make sure use `drop_visit_levels = FALSE`.
[1] "WHERE: 9, Magnesium"
In Visit there are dropped visits: 7, 14, 21, 28, 35, 42, 49, 56, 63, 70.
 Additional attributes including contrasts are lost.
To avoid this behavior, make sure use `drop_visit_levels = FALSE`.
[1] "MMRM FIT FAILED FOR 9, Magnesium: contrasts can be applied only to factors with 2 or more levels"
[1] "next, since analysis_df_factor is NA for Magnesium"
[1] "Monocytes (absolute) (Monocytes (abs))"
[1] "WHERE: X, Monocytes (absolute)"
In Visit there are dropped visits: 49, 63.
 Additional attributes including contrasts are lost.
To avoid this behavior, make sure use `drop_visit_levels = FALSE`.
[1] "WHERE: X, Monocytes (absolute)"
In Visit there are dropped visits: 49, 63.
 Additional attributes including contrasts are lost.
To avoid this behavior, make sure use `drop_visit_levels = FALSE`.
[1] "WHERE: C, Monocytes (absolute)"
In Visit there are dropped visits: 49, 63.
 Additional attributes including contrasts are lost.
To avoid this behavior, make sure use `drop_visit_levels = FALSE`.
[1] "WHERE: C, Monocytes (absolute)"
In Visit there are dropped visits: 49, 63.
 Additional attributes including contrasts are lost.
To avoid this behavior, make sure use `drop_visit_levels = FALSE`.
[1] "WHERE: A, Monocytes (absolute)"
In Visit there are dropped visits: 49, 63.
 Additional attributes including contrasts are lost.
To avoid this behavior, make sure use `drop_visit_levels = FALSE`.
[1] "WHERE: A, Monocytes (absolute)"
In Visit there are dropped visits: 49, 56, 63, 70.
 Additional attributes including contrasts are lost.
To avoid this behavior, make sure use `drop_visit_levels = FALSE`.
[1] "MMRM FIT FAILED FOR A, Monocytes (absolute): No optimizer led to a successful model fit. Please try to use a different covariance structure or other covariates."
[1] "next, since analysis_df_factor is NA for Monocytes (absolute)"
[1] "WHERE: C49, Monocytes (absolute)"
In Visit there are dropped visits: 49, 63.
 Additional attributes including contrasts are lost.
To avoid this behavior, make sure use `drop_visit_levels = FALSE`.
[1] "WHERE: C49, Monocytes (absolute)"
In Visit there are dropped visits: 49, 63.
 Additional attributes including contrasts are lost.
To avoid this behavior, make sure use `drop_visit_levels = FALSE`.
[1] "WHERE: C36, Monocytes (absolute)"
In Visit there are dropped visits: 49, 63.
 Additional attributes including contrasts are lost.
To avoid this behavior, make sure use `drop_visit_levels = FALSE`.
[1] "WHERE: C36, Monocytes (absolute)"
In Visit there are dropped visits: 49, 63.
 Additional attributes including contrasts are lost.
To avoid this behavior, make sure use `drop_visit_levels = FALSE`.
[1] "WHERE: 9, Monocytes (absolute)"
In Visit there are dropped visits: 49, 63.
 Additional attributes including contrasts are lost.
To avoid this behavior, make sure use `drop_visit_levels = FALSE`.
[1] "WHERE: 9, Monocytes (absolute)"
In Visit there are dropped visits: 49, 63.
 Additional attributes including contrasts are lost.
To avoid this behavior, make sure use `drop_visit_levels = FALSE`.
[1] "MMRM FIT FAILED FOR 9, Monocytes (absolute): No optimizer led to a successful model fit. Please try to use a different covariance structure or other covariates."
[1] "next, since analysis_df_factor is NA for Monocytes (absolute)"
[1] "Monocytes (percent) ( Monocytes (%))"
[1] "WHERE: X, Monocytes (percent)"
In Visit there are dropped visits: 49, 63.
 Additional attributes including contrasts are lost.
To avoid this behavior, make sure use `drop_visit_levels = FALSE`.
[1] "WHERE: X, Monocytes (percent)"
[1] "next, since analysis_df_factor is NA for Monocytes (percent)"
[1] "WHERE: C, Monocytes (percent)"
In Visit there are dropped visits: 49, 63.
 Additional attributes including contrasts are lost.
To avoid this behavior, make sure use `drop_visit_levels = FALSE`.
[1] "WHERE: C, Monocytes (percent)"
[1] "next, since analysis_df_factor is NA for Monocytes (percent)"
[1] "WHERE: A, Monocytes (percent)"
In Visit there are dropped visits: 49, 63.
 Additional attributes including contrasts are lost.
To avoid this behavior, make sure use `drop_visit_levels = FALSE`.
[1] "WHERE: A, Monocytes (percent)"
[1] "SKIP NO REASON OR EMPTY DATA FRAME FOR A, Monocytes (percent) with rowcount 0"
[1] "next, since analysis_df_factor is NA for Monocytes (percent)"
[1] "WHERE: C49, Monocytes (percent)"
In Visit there are dropped visits: 49, 63.
 Additional attributes including contrasts are lost.
To avoid this behavior, make sure use `drop_visit_levels = FALSE`.
[1] "WHERE: C49, Monocytes (percent)"
[1] "SKIP NO REASON OR EMPTY DATA FRAME FOR C49, Monocytes (percent) with rowcount 0"
[1] "next, since analysis_df_factor is NA for Monocytes (percent)"
[1] "WHERE: C36, Monocytes (percent)"
In Visit there are dropped visits: 49, 63.
 Additional attributes including contrasts are lost.
To avoid this behavior, make sure use `drop_visit_levels = FALSE`.
[1] "EMMEANS WARNING FOR C36, Monocytes (percent): Negative variance estimate obtained!"
[1] "EMMEANS WARNING FOR C36, Monocytes (percent): Negative variance estimate obtained!"
[1] "EMMEANS WARNING FOR C36, Monocytes (percent): Negative variance estimate obtained!"
[1] "EMMEANS WARNING FOR C36, Monocytes (percent): Negative variance estimate obtained!"
[1] "EMMEANS WARNING FOR C36, Monocytes (percent): Negative variance estimate obtained!"
[1] "EMMEANS WARNING FOR C36, Monocytes (percent): Negative variance estimate obtained!"
[1] "EMMEANS WARNING FOR C36, Monocytes (percent): Negative variance estimate obtained!"
[1] "EMMEANS WARNING FOR C36, Monocytes (percent): Negative variance estimate obtained!"
[1] "EMMEANS WARNING FOR C36, Monocytes (percent): Negative variance estimate obtained!"
[1] "EMMEANS WARNING FOR C36, Monocytes (percent): Negative variance estimate obtained!"
[1] "EMMEANS WARNING FOR C36, Monocytes (percent): Negative variance estimate obtained!"
[1] "EMMEANS WARNING FOR C36, Monocytes (percent): Negative variance estimate obtained!"
[1] "EMMEANS WARNING FOR C36, Monocytes (percent): Negative variance estimate obtained!"
[1] "EMMEANS WARNING FOR C36, Monocytes (percent): Negative variance estimate obtained!"
[1] "EMMEANS WARNING FOR C36, Monocytes (percent): Negative variance estimate obtained!"
[1] "EMMEANS WARNING FOR C36, Monocytes (percent): Negative variance estimate obtained!"
[1] "EMMEANS/KR FAILED FOR C36, Monocytes (percent): Non-finite or negative SE in LS means"
[1] "WHERE: C36, Monocytes (percent)"
[1] "NO PLOTTABLE DATA FOR C36, Monocytes (percent)"
[1] "WHERE: 9, Monocytes (percent)"
In Visit there are dropped visits: 49, 63.
 Additional attributes including contrasts are lost.
To avoid this behavior, make sure use `drop_visit_levels = FALSE`.
[1] "WHERE: 9, Monocytes (percent)"
[1] "SKIP NO REASON OR EMPTY DATA FRAME FOR 9, Monocytes (percent) with rowcount 0"
[1] "next, since analysis_df_factor is NA for Monocytes (percent)"
[1] "Neutrophils (absolute count) (Neutrophils (abs))"
[1] "WHERE: X, Neutrophils (absolute count)"
In Visit there are dropped visits: 49, 63.
 Additional attributes including contrasts are lost.
To avoid this behavior, make sure use `drop_visit_levels = FALSE`.
[1] "WHERE: X, Neutrophils (absolute count)"
In Visit there are dropped visits: 49, 63.
 Additional attributes including contrasts are lost.
To avoid this behavior, make sure use `drop_visit_levels = FALSE`.
[1] "WHERE: C, Neutrophils (absolute count)"
In Visit there are dropped visits: 49, 63.
 Additional attributes including contrasts are lost.
To avoid this behavior, make sure use `drop_visit_levels = FALSE`.
[1] "WHERE: C, Neutrophils (absolute count)"
In Visit there are dropped visits: 49, 63.
 Additional attributes including contrasts are lost.
To avoid this behavior, make sure use `drop_visit_levels = FALSE`.
[1] "WHERE: A, Neutrophils (absolute count)"
In Visit there are dropped visits: 49, 63.
 Additional attributes including contrasts are lost.
To avoid this behavior, make sure use `drop_visit_levels = FALSE`.
[1] "WHERE: A, Neutrophils (absolute count)"
In Visit there are dropped visits: 49, 56, 63, 70.
 Additional attributes including contrasts are lost.
To avoid this behavior, make sure use `drop_visit_levels = FALSE`.
[1] "MMRM FIT FAILED FOR A, Neutrophils (absolute count): No optimizer led to a successful model fit. Please try to use a different covariance structure or other covariates."
[1] "next, since analysis_df_factor is NA for Neutrophils (absolute count)"
[1] "WHERE: C49, Neutrophils (absolute count)"
In Visit there are dropped visits: 49, 63.
 Additional attributes including contrasts are lost.
To avoid this behavior, make sure use `drop_visit_levels = FALSE`.
[1] "WHERE: C49, Neutrophils (absolute count)"
In Visit there are dropped visits: 49, 63.
 Additional attributes including contrasts are lost.
To avoid this behavior, make sure use `drop_visit_levels = FALSE`.
[1] "WHERE: C36, Neutrophils (absolute count)"
In Visit there are dropped visits: 49, 63.
 Additional attributes including contrasts are lost.
To avoid this behavior, make sure use `drop_visit_levels = FALSE`.
[1] "WHERE: C36, Neutrophils (absolute count)"
In Visit there are dropped visits: 49, 63.
 Additional attributes including contrasts are lost.
To avoid this behavior, make sure use `drop_visit_levels = FALSE`.
[1] "WHERE: 9, Neutrophils (absolute count)"
In Visit there are dropped visits: 49, 63.
 Additional attributes including contrasts are lost.
To avoid this behavior, make sure use `drop_visit_levels = FALSE`.
[1] "WHERE: 9, Neutrophils (absolute count)"
In Visit there are dropped visits: 49, 63.
 Additional attributes including contrasts are lost.
To avoid this behavior, make sure use `drop_visit_levels = FALSE`.
[1] "EMMEANS WARNING FOR 9, Neutrophils (absolute count): Negative variance estimate obtained!"
[1] "EMMEANS WARNING FOR 9, Neutrophils (absolute count): Negative variance estimate obtained!"
[1] "EMMEANS WARNING FOR 9, Neutrophils (absolute count): Negative variance estimate obtained!"
[1] "EMMEANS WARNING FOR 9, Neutrophils (absolute count): Negative variance estimate obtained!"
[1] "EMMEANS WARNING FOR 9, Neutrophils (absolute count): Negative variance estimate obtained!"
[1] "EMMEANS WARNING FOR 9, Neutrophils (absolute count): Negative variance estimate obtained!"
[1] "EMMEANS WARNING FOR 9, Neutrophils (absolute count): Negative variance estimate obtained!"
[1] "EMMEANS WARNING FOR 9, Neutrophils (absolute count): Negative variance estimate obtained!"
[1] "EMMEANS WARNING FOR 9, Neutrophils (absolute count): Negative variance estimate obtained!"
[1] "EMMEANS WARNING FOR 9, Neutrophils (absolute count): Negative variance estimate obtained!"
[1] "EMMEANS WARNING FOR 9, Neutrophils (absolute count): Negative variance estimate obtained!"
[1] "EMMEANS WARNING FOR 9, Neutrophils (absolute count): Negative variance estimate obtained!"
[1] "EMMEANS WARNING FOR 9, Neutrophils (absolute count): Negative variance estimate obtained!"
[1] "EMMEANS WARNING FOR 9, Neutrophils (absolute count): Negative variance estimate obtained!"
[1] "EMMEANS WARNING FOR 9, Neutrophils (absolute count): Negative variance estimate obtained!"
[1] "EMMEANS WARNING FOR 9, Neutrophils (absolute count): Negative variance estimate obtained!"
[1] "EMMEANS/KR FAILED FOR 9, Neutrophils (absolute count): Non-finite or negative SE in LS means"
[1] "Neutrophils (percent) ( Neutrophils (%))"
[1] "WHERE: X, Neutrophils (percent)"
In Visit there are dropped visits: 49, 63.
 Additional attributes including contrasts are lost.
To avoid this behavior, make sure use `drop_visit_levels = FALSE`.
[1] "WHERE: X, Neutrophils (percent)"
[1] "next, since analysis_df_factor is NA for Neutrophils (percent)"
[1] "WHERE: C, Neutrophils (percent)"
In Visit there are dropped visits: 49, 63.
 Additional attributes including contrasts are lost.
To avoid this behavior, make sure use `drop_visit_levels = FALSE`.
[1] "WHERE: C, Neutrophils (percent)"
[1] "next, since analysis_df_factor is NA for Neutrophils (percent)"
[1] "WHERE: A, Neutrophils (percent)"
In Visit there are dropped visits: 49, 63.
 Additional attributes including contrasts are lost.
To avoid this behavior, make sure use `drop_visit_levels = FALSE`.
[1] "WHERE: A, Neutrophils (percent)"
[1] "SKIP NO REASON OR EMPTY DATA FRAME FOR A, Neutrophils (percent) with rowcount 0"
[1] "next, since analysis_df_factor is NA for Neutrophils (percent)"
[1] "WHERE: C49, Neutrophils (percent)"
In Visit there are dropped visits: 49, 63.
 Additional attributes including contrasts are lost.
To avoid this behavior, make sure use `drop_visit_levels = FALSE`.
[1] "WHERE: C49, Neutrophils (percent)"
[1] "SKIP NO REASON OR EMPTY DATA FRAME FOR C49, Neutrophils (percent) with rowcount 0"
[1] "next, since analysis_df_factor is NA for Neutrophils (percent)"
[1] "WHERE: C36, Neutrophils (percent)"
In Visit there are dropped visits: 49, 63.
 Additional attributes including contrasts are lost.
To avoid this behavior, make sure use `drop_visit_levels = FALSE`.
[1] "MMRM FIT FAILED FOR C36, Neutrophils (percent): No optimizer led to a successful model fit. Please try to use a different covariance structure or other covariates."
[1] "WHERE: C36, Neutrophils (percent)"
[1] "NO PLOTTABLE DATA FOR C36, Neutrophils (percent)"
[1] "WHERE: 9, Neutrophils (percent)"
In Visit there are dropped visits: 49, 63.
 Additional attributes including contrasts are lost.
To avoid this behavior, make sure use `drop_visit_levels = FALSE`.
[1] "WHERE: 9, Neutrophils (percent)"
[1] "SKIP NO REASON OR EMPTY DATA FRAME FOR 9, Neutrophils (percent) with rowcount 0"
[1] "next, since analysis_df_factor is NA for Neutrophils (percent)"
[1] "NLR (NLR)"
[1] "WHERE: X, NLR"
In Visit there are dropped visits: 49, 63.
 Additional attributes including contrasts are lost.
To avoid this behavior, make sure use `drop_visit_levels = FALSE`.
[1] "WHERE: X, NLR"
In Visit there are dropped visits: 49, 63.
 Additional attributes including contrasts are lost.
To avoid this behavior, make sure use `drop_visit_levels = FALSE`.
[1] "WHERE: C, NLR"
In Visit there are dropped visits: 49, 63.
 Additional attributes including contrasts are lost.
To avoid this behavior, make sure use `drop_visit_levels = FALSE`.
[1] "WHERE: C, NLR"
In Visit there are dropped visits: 49, 63.
 Additional attributes including contrasts are lost.
To avoid this behavior, make sure use `drop_visit_levels = FALSE`.
[1] "WHERE: A, NLR"
In Visit there are dropped visits: 49, 63.
 Additional attributes including contrasts are lost.
To avoid this behavior, make sure use `drop_visit_levels = FALSE`.
[1] "WHERE: A, NLR"
In Visit there are dropped visits: 42, 49, 56, 63, 70.
 Additional attributes including contrasts are lost.
To avoid this behavior, make sure use `drop_visit_levels = FALSE`.
[1] "MMRM FIT FAILED FOR A, NLR: No optimizer led to a successful model fit. Please try to use a different covariance structure or other covariates."
[1] "next, since analysis_df_factor is NA for NLR"
[1] "WHERE: C49, NLR"
In Visit there are dropped visits: 49, 63.
 Additional attributes including contrasts are lost.
To avoid this behavior, make sure use `drop_visit_levels = FALSE`.
[1] "WHERE: C49, NLR"
In Visit there are dropped visits: 49, 63.
 Additional attributes including contrasts are lost.
To avoid this behavior, make sure use `drop_visit_levels = FALSE`.
[1] "WHERE: C36, NLR"
In Visit there are dropped visits: 49, 63.
 Additional attributes including contrasts are lost.
To avoid this behavior, make sure use `drop_visit_levels = FALSE`.
[1] "WHERE: C36, NLR"
In Visit there are dropped visits: 49, 63.
 Additional attributes including contrasts are lost.
To avoid this behavior, make sure use `drop_visit_levels = FALSE`.
[1] "WHERE: 9, NLR"
In Visit there are dropped visits: 49, 63.
 Additional attributes including contrasts are lost.
To avoid this behavior, make sure use `drop_visit_levels = FALSE`.
[1] "WHERE: 9, NLR"
In Visit there are dropped visits: 49, 63.
 Additional attributes including contrasts are lost.
To avoid this behavior, make sure use `drop_visit_levels = FALSE`.
[1] "MMRM FIT FAILED FOR 9, NLR: No optimizer led to a successful model fit. Please try to use a different covariance structure or other covariates."
[1] "next, since analysis_df_factor is NA for NLR"
[1] "Platelet Count (Platelet Count)"
[1] "WHERE: X, Platelet Count"
In Visit there are dropped visits: 49, 63.
 Additional attributes including contrasts are lost.
To avoid this behavior, make sure use `drop_visit_levels = FALSE`.
[1] "WHERE: X, Platelet Count"
In Visit there are dropped visits: 49, 63.
 Additional attributes including contrasts are lost.
To avoid this behavior, make sure use `drop_visit_levels = FALSE`.
[1] "WHERE: C, Platelet Count"
In Visit there are dropped visits: 49, 63.
 Additional attributes including contrasts are lost.
To avoid this behavior, make sure use `drop_visit_levels = FALSE`.
[1] "WHERE: C, Platelet Count"
In Visit there are dropped visits: 49, 63.
 Additional attributes including contrasts are lost.
To avoid this behavior, make sure use `drop_visit_levels = FALSE`.
[1] "WHERE: A, Platelet Count"
In Visit there are dropped visits: 49, 63.
 Additional attributes including contrasts are lost.
To avoid this behavior, make sure use `drop_visit_levels = FALSE`.
[1] "WHERE: A, Platelet Count"
In Visit there are dropped visits: 49, 56, 63, 70.
 Additional attributes including contrasts are lost.
To avoid this behavior, make sure use `drop_visit_levels = FALSE`.
[1] "MMRM FIT FAILED FOR A, Platelet Count: No optimizer led to a successful model fit. Please try to use a different covariance structure or other covariates."
[1] "next, since analysis_df_factor is NA for Platelet Count"
[1] "WHERE: C49, Platelet Count"
In Visit there are dropped visits: 49, 63.
 Additional attributes including contrasts are lost.
To avoid this behavior, make sure use `drop_visit_levels = FALSE`.
[1] "WHERE: C49, Platelet Count"
In Visit there are dropped visits: 49, 63.
 Additional attributes including contrasts are lost.
To avoid this behavior, make sure use `drop_visit_levels = FALSE`.
[1] "WHERE: C36, Platelet Count"
In Visit there are dropped visits: 49, 63.
 Additional attributes including contrasts are lost.
To avoid this behavior, make sure use `drop_visit_levels = FALSE`.
[1] "WHERE: C36, Platelet Count"
In Visit there are dropped visits: 49, 63.
 Additional attributes including contrasts are lost.
To avoid this behavior, make sure use `drop_visit_levels = FALSE`.
[1] "WHERE: 9, Platelet Count"
In Visit there are dropped visits: 49, 63.
 Additional attributes including contrasts are lost.
To avoid this behavior, make sure use `drop_visit_levels = FALSE`.
[1] "WHERE: 9, Platelet Count"
In Visit there are dropped visits: 49, 63.
 Additional attributes including contrasts are lost.
To avoid this behavior, make sure use `drop_visit_levels = FALSE`.
[1] "MMRM FIT FAILED FOR 9, Platelet Count: No optimizer led to a successful model fit. Please try to use a different covariance structure or other covariates."
[1] "next, since analysis_df_factor is NA for Platelet Count"
[1] "Potassium (Potassium)"
[1] "WHERE: X, Potassium"
In Visit there are dropped visits: 49, 63.
 Additional attributes including contrasts are lost.
To avoid this behavior, make sure use `drop_visit_levels = FALSE`.
[1] "WHERE: X, Potassium"
In Visit there are dropped visits: 49, 63.
 Additional attributes including contrasts are lost.
To avoid this behavior, make sure use `drop_visit_levels = FALSE`.
[1] "WHERE: C, Potassium"
In Visit there are dropped visits: 49, 63.
 Additional attributes including contrasts are lost.
To avoid this behavior, make sure use `drop_visit_levels = FALSE`.
[1] "WHERE: C, Potassium"
In Visit there are dropped visits: 49, 63.
 Additional attributes including contrasts are lost.
To avoid this behavior, make sure use `drop_visit_levels = FALSE`.
[1] "WHERE: A, Potassium"
In Visit there are dropped visits: 49, 63.
 Additional attributes including contrasts are lost.
To avoid this behavior, make sure use `drop_visit_levels = FALSE`.
[1] "WHERE: A, Potassium"
In Visit there are dropped visits: 35, 49, 56, 63, 70.
 Additional attributes including contrasts are lost.
To avoid this behavior, make sure use `drop_visit_levels = FALSE`.
[1] "MMRM FIT FAILED FOR A, Potassium: No optimizer led to a successful model fit. Please try to use a different covariance structure or other covariates."
[1] "next, since analysis_df_factor is NA for Potassium"
[1] "WHERE: C49, Potassium"
In Visit there are dropped visits: 49, 63.
 Additional attributes including contrasts are lost.
To avoid this behavior, make sure use `drop_visit_levels = FALSE`.
[1] "WHERE: C49, Potassium"
In Visit there are dropped visits: 49, 63.
 Additional attributes including contrasts are lost.
To avoid this behavior, make sure use `drop_visit_levels = FALSE`.
[1] "WHERE: C36, Potassium"
In Visit there are dropped visits: 49, 63.
 Additional attributes including contrasts are lost.
To avoid this behavior, make sure use `drop_visit_levels = FALSE`.
[1] "WHERE: C36, Potassium"
In Visit there are dropped visits: 49, 63.
 Additional attributes including contrasts are lost.
To avoid this behavior, make sure use `drop_visit_levels = FALSE`.
[1] "WHERE: 9, Potassium"
In Visit there are dropped visits: 7, 21, 49, 63.
 Additional attributes including contrasts are lost.
To avoid this behavior, make sure use `drop_visit_levels = FALSE`.
[1] "WHERE: 9, Potassium"
In Visit there are dropped visits: 7, 21, 49, 63.
 Additional attributes including contrasts are lost.
To avoid this behavior, make sure use `drop_visit_levels = FALSE`.
[1] "MMRM FIT FAILED FOR 9, Potassium: No optimizer led to a successful model fit. Please try to use a different covariance structure or other covariates."
[1] "next, since analysis_df_factor is NA for Potassium"
[1] "RBC (Erythrocytes) (RBC (Erythrocytes))"
[1] "WHERE: X, RBC (Erythrocytes)"
In Visit there are dropped visits: 49, 63.
 Additional attributes including contrasts are lost.
To avoid this behavior, make sure use `drop_visit_levels = FALSE`.
[1] "WHERE: X, RBC (Erythrocytes)"
In Visit there are dropped visits: 49, 63.
 Additional attributes including contrasts are lost.
To avoid this behavior, make sure use `drop_visit_levels = FALSE`.
[1] "WHERE: C, RBC (Erythrocytes)"
In Visit there are dropped visits: 49, 63.
 Additional attributes including contrasts are lost.
To avoid this behavior, make sure use `drop_visit_levels = FALSE`.
[1] "WHERE: C, RBC (Erythrocytes)"
In Visit there are dropped visits: 49, 63.
 Additional attributes including contrasts are lost.
To avoid this behavior, make sure use `drop_visit_levels = FALSE`.
[1] "WHERE: A, RBC (Erythrocytes)"
In Visit there are dropped visits: 49, 63.
 Additional attributes including contrasts are lost.
To avoid this behavior, make sure use `drop_visit_levels = FALSE`.
[1] "WHERE: A, RBC (Erythrocytes)"
In Visit there are dropped visits: 49, 56, 63, 70.
 Additional attributes including contrasts are lost.
To avoid this behavior, make sure use `drop_visit_levels = FALSE`.
[1] "MMRM FIT FAILED FOR A, RBC (Erythrocytes): No optimizer led to a successful model fit. Please try to use a different covariance structure or other covariates."
[1] "next, since analysis_df_factor is NA for RBC (Erythrocytes)"
[1] "WHERE: C49, RBC (Erythrocytes)"
In Visit there are dropped visits: 49, 63.
 Additional attributes including contrasts are lost.
To avoid this behavior, make sure use `drop_visit_levels = FALSE`.
[1] "WHERE: C49, RBC (Erythrocytes)"
In Visit there are dropped visits: 49, 63.
 Additional attributes including contrasts are lost.
To avoid this behavior, make sure use `drop_visit_levels = FALSE`.
[1] "WHERE: C36, RBC (Erythrocytes)"
In Visit there are dropped visits: 49, 63.
 Additional attributes including contrasts are lost.
To avoid this behavior, make sure use `drop_visit_levels = FALSE`.
[1] "WHERE: C36, RBC (Erythrocytes)"
In Visit there are dropped visits: 49, 63.
 Additional attributes including contrasts are lost.
To avoid this behavior, make sure use `drop_visit_levels = FALSE`.
[1] "WHERE: 9, RBC (Erythrocytes)"
In Visit there are dropped visits: 49, 63.
 Additional attributes including contrasts are lost.
To avoid this behavior, make sure use `drop_visit_levels = FALSE`.
[1] "WHERE: 9, RBC (Erythrocytes)"
In Visit there are dropped visits: 49, 63.
 Additional attributes including contrasts are lost.
To avoid this behavior, make sure use `drop_visit_levels = FALSE`.
[1] "MMRM FIT FAILED FOR 9, RBC (Erythrocytes): No optimizer led to a successful model fit. Please try to use a different covariance structure or other covariates."
[1] "next, since analysis_df_factor is NA for RBC (Erythrocytes)"
[1] "sFRP-5 (sFRP-5)"
[1] "WHERE: X, sFRP-5"
In Visit there are dropped visits: 49, 63.
 Additional attributes including contrasts are lost.
To avoid this behavior, make sure use `drop_visit_levels = FALSE`.
[1] "WHERE: X, sFRP-5"
In Visit there are dropped visits: 49, 63.
 Additional attributes including contrasts are lost.
To avoid this behavior, make sure use `drop_visit_levels = FALSE`.
[1] "WHERE: C, sFRP-5"
In Visit there are dropped visits: 49, 63.
 Additional attributes including contrasts are lost.
To avoid this behavior, make sure use `drop_visit_levels = FALSE`.
[1] "WHERE: C, sFRP-5"
In Visit there are dropped visits: 49, 63.
 Additional attributes including contrasts are lost.
To avoid this behavior, make sure use `drop_visit_levels = FALSE`.
[1] "WHERE: A, sFRP-5"
In Visit there are dropped visits: 49, 63.
 Additional attributes including contrasts are lost.
To avoid this behavior, make sure use `drop_visit_levels = FALSE`.
[1] "WHERE: A, sFRP-5"
In Visit there are dropped visits: 49, 56, 63, 70.
 Additional attributes including contrasts are lost.
To avoid this behavior, make sure use `drop_visit_levels = FALSE`.
[1] "MMRM FIT FAILED FOR A, sFRP-5: No optimizer led to a successful model fit. Please try to use a different covariance structure or other covariates."
[1] "next, since analysis_df_factor is NA for sFRP-5"
[1] "WHERE: C49, sFRP-5"
In Visit there are dropped visits: 49, 63, 70.
 Additional attributes including contrasts are lost.
To avoid this behavior, make sure use `drop_visit_levels = FALSE`.
[1] "WHERE: C49, sFRP-5"
In Visit there are dropped visits: 7, 21, 35, 49, 63, 70.
 Additional attributes including contrasts are lost.
To avoid this behavior, make sure use `drop_visit_levels = FALSE`.
[1] "WHERE: C36, sFRP-5"
In Visit there are dropped visits: 49, 63.
 Additional attributes including contrasts are lost.
To avoid this behavior, make sure use `drop_visit_levels = FALSE`.
[1] "WHERE: C36, sFRP-5"
In Visit there are dropped visits: 49, 63.
 Additional attributes including contrasts are lost.
To avoid this behavior, make sure use `drop_visit_levels = FALSE`.
[1] "WHERE: 9, sFRP-5"
In Visit there are dropped visits: 21, 49, 63, 70.
 Additional attributes including contrasts are lost.
To avoid this behavior, make sure use `drop_visit_levels = FALSE`.
[1] "WHERE: 9, sFRP-5"
In Visit there are dropped visits: 7, 21, 35, 49, 63, 70.
 Additional attributes including contrasts are lost.
To avoid this behavior, make sure use `drop_visit_levels = FALSE`.
[1] "EMMEANS WARNING FOR 9, sFRP-5: Negative variance estimate obtained!"
[1] "EMMEANS WARNING FOR 9, sFRP-5: Negative variance estimate obtained!"
[1] "EMMEANS WARNING FOR 9, sFRP-5: Negative variance estimate obtained!"
[1] "EMMEANS WARNING FOR 9, sFRP-5: Negative variance estimate obtained!"
[1] "EMMEANS WARNING FOR 9, sFRP-5: Negative variance estimate obtained!"
[1] "EMMEANS WARNING FOR 9, sFRP-5: Negative variance estimate obtained!"
[1] "EMMEANS WARNING FOR 9, sFRP-5: Negative variance estimate obtained!"
[1] "EMMEANS WARNING FOR 9, sFRP-5: Negative variance estimate obtained!"
[1] "EMMEANS/KR FAILED FOR 9, sFRP-5: Non-finite or negative SE in LS means"
[1] "Sodium (Sodium)"
[1] "WHERE: X, Sodium"
In Visit there are dropped visits: 49, 63.
 Additional attributes including contrasts are lost.
To avoid this behavior, make sure use `drop_visit_levels = FALSE`.
[1] "WHERE: X, Sodium"
In Visit there are dropped visits: 49, 63.
 Additional attributes including contrasts are lost.
To avoid this behavior, make sure use `drop_visit_levels = FALSE`.
[1] "WHERE: C, Sodium"
In Visit there are dropped visits: 49, 63.
 Additional attributes including contrasts are lost.
To avoid this behavior, make sure use `drop_visit_levels = FALSE`.
[1] "WHERE: C, Sodium"
In Visit there are dropped visits: 49, 63.
 Additional attributes including contrasts are lost.
To avoid this behavior, make sure use `drop_visit_levels = FALSE`.
[1] "WHERE: A, Sodium"
In Visit there are dropped visits: 49, 63.
 Additional attributes including contrasts are lost.
To avoid this behavior, make sure use `drop_visit_levels = FALSE`.
[1] "WHERE: A, Sodium"
In Visit there are dropped visits: 35, 49, 56, 63, 70.
 Additional attributes including contrasts are lost.
To avoid this behavior, make sure use `drop_visit_levels = FALSE`.
[1] "EMMEANS WARNING FOR A, Sodium: Negative variance estimate obtained!"
[1] "EMMEANS WARNING FOR A, Sodium: Negative variance estimate obtained!"
[1] "EMMEANS WARNING FOR A, Sodium: Negative variance estimate obtained!"
[1] "EMMEANS WARNING FOR A, Sodium: Negative variance estimate obtained!"
[1] "EMMEANS WARNING FOR A, Sodium: Negative variance estimate obtained!"
[1] "EMMEANS WARNING FOR A, Sodium: Negative variance estimate obtained!"
[1] "EMMEANS WARNING FOR A, Sodium: Negative variance estimate obtained!"
[1] "EMMEANS WARNING FOR A, Sodium: Negative variance estimate obtained!"
[1] "EMMEANS WARNING FOR A, Sodium: Negative variance estimate obtained!"
[1] "EMMEANS WARNING FOR A, Sodium: Negative variance estimate obtained!"
[1] "EMMEANS/KR FAILED FOR A, Sodium: Non-finite or negative SE in LS means"
[1] "WHERE: C49, Sodium"
In Visit there are dropped visits: 49, 63.
 Additional attributes including contrasts are lost.
To avoid this behavior, make sure use `drop_visit_levels = FALSE`.
[1] "WHERE: C49, Sodium"
In Visit there are dropped visits: 49, 63.
 Additional attributes including contrasts are lost.
To avoid this behavior, make sure use `drop_visit_levels = FALSE`.
[1] "WHERE: C36, Sodium"
In Visit there are dropped visits: 49, 63.
 Additional attributes including contrasts are lost.
To avoid this behavior, make sure use `drop_visit_levels = FALSE`.
[1] "WHERE: C36, Sodium"
In Visit there are dropped visits: 49, 63.
 Additional attributes including contrasts are lost.
To avoid this behavior, make sure use `drop_visit_levels = FALSE`.
[1] "WHERE: 9, Sodium"
In Visit there are dropped visits: 7, 21, 49, 63.
 Additional attributes including contrasts are lost.
To avoid this behavior, make sure use `drop_visit_levels = FALSE`.
[1] "WHERE: 9, Sodium"
In Visit there are dropped visits: 7, 21, 49, 63.
 Additional attributes including contrasts are lost.
To avoid this behavior, make sure use `drop_visit_levels = FALSE`.
[1] "MMRM FIT FAILED FOR 9, Sodium: No optimizer led to a successful model fit. Please try to use a different covariance structure or other covariates."
[1] "next, since analysis_df_factor is NA for Sodium"
[1] "Total Cholesterol (Total Cholesterol)"
[1] "WHERE: X, Total Cholesterol"
In Visit there are dropped visits: 7, 21, 35, 49, 63.
 Additional attributes including contrasts are lost.
To avoid this behavior, make sure use `drop_visit_levels = FALSE`.
[1] "WHERE: X, Total Cholesterol"
In Visit there are dropped visits: 7, 21, 35, 49, 63.
 Additional attributes including contrasts are lost.
To avoid this behavior, make sure use `drop_visit_levels = FALSE`.
[1] "WHERE: C, Total Cholesterol"
In Visit there are dropped visits: 7, 21, 35, 49, 63.
 Additional attributes including contrasts are lost.
To avoid this behavior, make sure use `drop_visit_levels = FALSE`.
[1] "WHERE: C, Total Cholesterol"
In Visit there are dropped visits: 7, 21, 35, 49, 63.
 Additional attributes including contrasts are lost.
To avoid this behavior, make sure use `drop_visit_levels = FALSE`.
[1] "WHERE: A, Total Cholesterol"
In Visit there are dropped visits: 7, 21, 35, 49, 63.
 Additional attributes including contrasts are lost.
To avoid this behavior, make sure use `drop_visit_levels = FALSE`.
[1] "WHERE: A, Total Cholesterol"
In Visit there are dropped visits: 7, 21, 35, 49, 56, 63, 70.
 Additional attributes including contrasts are lost.
To avoid this behavior, make sure use `drop_visit_levels = FALSE`.
[1] "MMRM FIT FAILED FOR A, Total Cholesterol: No optimizer led to a successful model fit. Please try to use a different covariance structure or other covariates."
[1] "next, since analysis_df_factor is NA for Total Cholesterol"
[1] "WHERE: C49, Total Cholesterol"
In Visit there are dropped visits: 7, 21, 35, 49, 63.
 Additional attributes including contrasts are lost.
To avoid this behavior, make sure use `drop_visit_levels = FALSE`.
[1] "WHERE: C49, Total Cholesterol"
In Visit there are dropped visits: 7, 21, 35, 49, 63, 70.
 Additional attributes including contrasts are lost.
To avoid this behavior, make sure use `drop_visit_levels = FALSE`.
[1] "WHERE: C36, Total Cholesterol"
In Visit there are dropped visits: 7, 21, 35, 49, 63.
 Additional attributes including contrasts are lost.
To avoid this behavior, make sure use `drop_visit_levels = FALSE`.
[1] "WHERE: C36, Total Cholesterol"
In Visit there are dropped visits: 7, 21, 35, 49, 63.
 Additional attributes including contrasts are lost.
To avoid this behavior, make sure use `drop_visit_levels = FALSE`.
[1] "WHERE: 9, Total Cholesterol"
In Visit there are dropped visits: 7, 14, 21, 35, 42, 49, 63, 70.
 Additional attributes including contrasts are lost.
To avoid this behavior, make sure use `drop_visit_levels = FALSE`.
[1] "WHERE: 9, Total Cholesterol"
In Visit there are dropped visits: 7, 14, 21, 35, 42, 49, 63, 70.
 Additional attributes including contrasts are lost.
To avoid this behavior, make sure use `drop_visit_levels = FALSE`.
[1] "EMMEANS WARNING FOR 9, Total Cholesterol: Negative variance estimate obtained!"
[1] "EMMEANS WARNING FOR 9, Total Cholesterol: Negative variance estimate obtained!"
[1] "EMMEANS WARNING FOR 9, Total Cholesterol: Negative variance estimate obtained!"
[1] "EMMEANS WARNING FOR 9, Total Cholesterol: Negative variance estimate obtained!"
[1] "EMMEANS/KR FAILED FOR 9, Total Cholesterol: Non-finite or negative SE in LS means"
[1] "Total Protein (Total Protein)"
[1] "WHERE: X, Total Protein"
In Visit there are dropped visits: 49, 63.
 Additional attributes including contrasts are lost.
To avoid this behavior, make sure use `drop_visit_levels = FALSE`.
[1] "WHERE: X, Total Protein"
In Visit there are dropped visits: 49, 63.
 Additional attributes including contrasts are lost.
To avoid this behavior, make sure use `drop_visit_levels = FALSE`.
[1] "WHERE: C, Total Protein"
In Visit there are dropped visits: 49, 63.
 Additional attributes including contrasts are lost.
To avoid this behavior, make sure use `drop_visit_levels = FALSE`.
[1] "WHERE: C, Total Protein"
In Visit there are dropped visits: 49, 63.
 Additional attributes including contrasts are lost.
To avoid this behavior, make sure use `drop_visit_levels = FALSE`.
[1] "WHERE: A, Total Protein"
In Visit there are dropped visits: 49, 63.
 Additional attributes including contrasts are lost.
To avoid this behavior, make sure use `drop_visit_levels = FALSE`.
[1] "WHERE: A, Total Protein"
In Visit there are dropped visits: 35, 49, 56, 63, 70.
 Additional attributes including contrasts are lost.
To avoid this behavior, make sure use `drop_visit_levels = FALSE`.
[1] "MMRM FIT FAILED FOR A, Total Protein: No optimizer led to a successful model fit. Please try to use a different covariance structure or other covariates."
[1] "next, since analysis_df_factor is NA for Total Protein"
[1] "WHERE: C49, Total Protein"
In Visit there are dropped visits: 49, 63.
 Additional attributes including contrasts are lost.
To avoid this behavior, make sure use `drop_visit_levels = FALSE`.
[1] "WHERE: C49, Total Protein"
In Visit there are dropped visits: 49, 63.
 Additional attributes including contrasts are lost.
To avoid this behavior, make sure use `drop_visit_levels = FALSE`.
[1] "WHERE: C36, Total Protein"
In Visit there are dropped visits: 49, 63.
 Additional attributes including contrasts are lost.
To avoid this behavior, make sure use `drop_visit_levels = FALSE`.
[1] "WHERE: C36, Total Protein"
In Visit there are dropped visits: 49, 63.
 Additional attributes including contrasts are lost.
To avoid this behavior, make sure use `drop_visit_levels = FALSE`.
[1] "WHERE: 9, Total Protein"
In Visit there are dropped visits: 7, 21, 49, 63.
 Additional attributes including contrasts are lost.
To avoid this behavior, make sure use `drop_visit_levels = FALSE`.
[1] "WHERE: 9, Total Protein"
In Visit there are dropped visits: 7, 21, 49, 63.
 Additional attributes including contrasts are lost.
To avoid this behavior, make sure use `drop_visit_levels = FALSE`.
[1] "MMRM FIT FAILED FOR 9, Total Protein: No optimizer led to a successful model fit. Please try to use a different covariance structure or other covariates."
[1] "next, since analysis_df_factor is NA for Total Protein"
[1] "Triglycerides (Triglycerides)"
[1] "WHERE: X, Triglycerides"
In Visit there are dropped visits: 7, 21, 35, 49, 63.
 Additional attributes including contrasts are lost.
To avoid this behavior, make sure use `drop_visit_levels = FALSE`.
[1] "WHERE: X, Triglycerides"
In Visit there are dropped visits: 7, 21, 35, 49, 63.
 Additional attributes including contrasts are lost.
To avoid this behavior, make sure use `drop_visit_levels = FALSE`.
[1] "WHERE: C, Triglycerides"
In Visit there are dropped visits: 7, 21, 35, 49, 63.
 Additional attributes including contrasts are lost.
To avoid this behavior, make sure use `drop_visit_levels = FALSE`.
[1] "WHERE: C, Triglycerides"
In Visit there are dropped visits: 7, 21, 35, 49, 63.
 Additional attributes including contrasts are lost.
To avoid this behavior, make sure use `drop_visit_levels = FALSE`.
[1] "WHERE: A, Triglycerides"
In Visit there are dropped visits: 7, 21, 35, 49, 63.
 Additional attributes including contrasts are lost.
To avoid this behavior, make sure use `drop_visit_levels = FALSE`.
[1] "WHERE: A, Triglycerides"
In Visit there are dropped visits: 7, 21, 35, 49, 56, 63, 70.
 Additional attributes including contrasts are lost.
To avoid this behavior, make sure use `drop_visit_levels = FALSE`.
[1] "EMMEANS WARNING FOR A, Triglycerides: Negative variance estimate obtained!"
[1] "EMMEANS WARNING FOR A, Triglycerides: Negative variance estimate obtained!"
[1] "EMMEANS WARNING FOR A, Triglycerides: Negative variance estimate obtained!"
[1] "EMMEANS WARNING FOR A, Triglycerides: Negative variance estimate obtained!"
[1] "EMMEANS WARNING FOR A, Triglycerides: Negative variance estimate obtained!"
[1] "EMMEANS WARNING FOR A, Triglycerides: Negative variance estimate obtained!"
[1] "EMMEANS/KR FAILED FOR A, Triglycerides: Non-finite or negative SE in LS means"
[1] "WHERE: C49, Triglycerides"
In Visit there are dropped visits: 7, 21, 35, 49, 63.
 Additional attributes including contrasts are lost.
To avoid this behavior, make sure use `drop_visit_levels = FALSE`.
[1] "WHERE: C49, Triglycerides"
In Visit there are dropped visits: 7, 14, 21, 35, 49, 63, 70.
 Additional attributes including contrasts are lost.
To avoid this behavior, make sure use `drop_visit_levels = FALSE`.
[1] "MMRM FIT FAILED FOR C49, Triglycerides: No optimizer led to a successful model fit. Please try to use a different covariance structure or other covariates."
[1] "next, since analysis_df_factor is NA for Triglycerides"
[1] "WHERE: C36, Triglycerides"
In Visit there are dropped visits: 7, 21, 35, 49, 63.
 Additional attributes including contrasts are lost.
To avoid this behavior, make sure use `drop_visit_levels = FALSE`.
[1] "WHERE: C36, Triglycerides"
In Visit there are dropped visits: 7, 21, 35, 49, 63.
 Additional attributes including contrasts are lost.
To avoid this behavior, make sure use `drop_visit_levels = FALSE`.
[1] "WHERE: 9, Triglycerides"
In Visit there are dropped visits: 7, 14, 21, 35, 42, 49, 63, 70.
 Additional attributes including contrasts are lost.
To avoid this behavior, make sure use `drop_visit_levels = FALSE`.
[1] "WHERE: 9, Triglycerides"
In Visit there are dropped visits: 7, 14, 21, 35, 42, 49, 63, 70.
 Additional attributes including contrasts are lost.
To avoid this behavior, make sure use `drop_visit_levels = FALSE`.
[1] "EMMEANS WARNING FOR 9, Triglycerides: Negative variance estimate obtained!"
[1] "EMMEANS WARNING FOR 9, Triglycerides: Negative variance estimate obtained!"
[1] "EMMEANS WARNING FOR 9, Triglycerides: Negative variance estimate obtained!"
[1] "EMMEANS WARNING FOR 9, Triglycerides: Negative variance estimate obtained!"
[1] "EMMEANS/KR FAILED FOR 9, Triglycerides: Non-finite or negative SE in LS means"
[1] "Uric acid (Uric acid)"
[1] "WHERE: X, Uric acid"
In Visit there are dropped visits: 49, 63.
 Additional attributes including contrasts are lost.
To avoid this behavior, make sure use `drop_visit_levels = FALSE`.
[1] "WHERE: X, Uric acid"
In Visit there are dropped visits: 49, 63.
 Additional attributes including contrasts are lost.
To avoid this behavior, make sure use `drop_visit_levels = FALSE`.
[1] "WHERE: C, Uric acid"
In Visit there are dropped visits: 49, 63.
 Additional attributes including contrasts are lost.
To avoid this behavior, make sure use `drop_visit_levels = FALSE`.
[1] "WHERE: C, Uric acid"
In Visit there are dropped visits: 49, 63.
 Additional attributes including contrasts are lost.
To avoid this behavior, make sure use `drop_visit_levels = FALSE`.
[1] "WHERE: A, Uric acid"
In Visit there are dropped visits: 49, 63.
 Additional attributes including contrasts are lost.
To avoid this behavior, make sure use `drop_visit_levels = FALSE`.
[1] "WHERE: A, Uric acid"
In Visit there are dropped visits: 35, 49, 56, 63, 70.
 Additional attributes including contrasts are lost.
To avoid this behavior, make sure use `drop_visit_levels = FALSE`.
[1] "MMRM FIT FAILED FOR A, Uric acid: No optimizer led to a successful model fit. Please try to use a different covariance structure or other covariates."
[1] "next, since analysis_df_factor is NA for Uric acid"
[1] "WHERE: C49, Uric acid"
In Visit there are dropped visits: 49, 63.
 Additional attributes including contrasts are lost.
To avoid this behavior, make sure use `drop_visit_levels = FALSE`.
[1] "WHERE: C49, Uric acid"
In Visit there are dropped visits: 7, 49, 56, 63, 70.
 Additional attributes including contrasts are lost.
To avoid this behavior, make sure use `drop_visit_levels = FALSE`.
[1] "MMRM FIT FAILED FOR C49, Uric acid: No optimizer led to a successful model fit. Please try to use a different covariance structure or other covariates."
[1] "next, since analysis_df_factor is NA for Uric acid"
[1] "WHERE: C36, Uric acid"
In Visit there are dropped visits: 49, 63.
 Additional attributes including contrasts are lost.
To avoid this behavior, make sure use `drop_visit_levels = FALSE`.
[1] "WHERE: C36, Uric acid"
In Visit there are dropped visits: 49, 63.
 Additional attributes including contrasts are lost.
To avoid this behavior, make sure use `drop_visit_levels = FALSE`.
[1] "WHERE: 9, Uric acid"
In Visit there are dropped visits: 7, 21, 49, 63.
 Additional attributes including contrasts are lost.
To avoid this behavior, make sure use `drop_visit_levels = FALSE`.
[1] "WHERE: 9, Uric acid"
In Visit there are dropped visits: 7, 14, 21, 28, 35, 42, 49, 56, 63, 70.
 Additional attributes including contrasts are lost.
To avoid this behavior, make sure use `drop_visit_levels = FALSE`.
[1] "MMRM FIT FAILED FOR 9, Uric acid: contrasts can be applied only to factors with 2 or more levels"
[1] "next, since analysis_df_factor is NA for Uric acid"
[1] "VEGF (VEGF)"
[1] "WHERE: X, VEGF"
In Visit there are dropped visits: 49, 63.
 Additional attributes including contrasts are lost.
To avoid this behavior, make sure use `drop_visit_levels = FALSE`.
[1] "WHERE: X, VEGF"
In Visit there are dropped visits: 49, 63.
 Additional attributes including contrasts are lost.
To avoid this behavior, make sure use `drop_visit_levels = FALSE`.
[1] "WHERE: C, VEGF"
In Visit there are dropped visits: 49, 63.
 Additional attributes including contrasts are lost.
To avoid this behavior, make sure use `drop_visit_levels = FALSE`.
[1] "WHERE: C, VEGF"
In Visit there are dropped visits: 49, 63.
 Additional attributes including contrasts are lost.
To avoid this behavior, make sure use `drop_visit_levels = FALSE`.
[1] "WHERE: A, VEGF"
In Visit there are dropped visits: 49, 63.
 Additional attributes including contrasts are lost.
To avoid this behavior, make sure use `drop_visit_levels = FALSE`.
[1] "WHERE: A, VEGF"
In Visit there are dropped visits: 49, 56, 63, 70.
 Additional attributes including contrasts are lost.
To avoid this behavior, make sure use `drop_visit_levels = FALSE`.
[1] "MMRM FIT FAILED FOR A, VEGF: No optimizer led to a successful model fit. Please try to use a different covariance structure or other covariates."
[1] "next, since analysis_df_factor is NA for VEGF"
[1] "WHERE: C49, VEGF"
In Visit there are dropped visits: 49, 63, 70.
 Additional attributes including contrasts are lost.
To avoid this behavior, make sure use `drop_visit_levels = FALSE`.
[1] "WHERE: C49, VEGF"
In Visit there are dropped visits: 7, 21, 35, 49, 63, 70.
 Additional attributes including contrasts are lost.
To avoid this behavior, make sure use `drop_visit_levels = FALSE`.
[1] "WHERE: C36, VEGF"
In Visit there are dropped visits: 49, 63.
 Additional attributes including contrasts are lost.
To avoid this behavior, make sure use `drop_visit_levels = FALSE`.
[1] "WHERE: C36, VEGF"
In Visit there are dropped visits: 49, 63.
 Additional attributes including contrasts are lost.
To avoid this behavior, make sure use `drop_visit_levels = FALSE`.
[1] "WHERE: 9, VEGF"
In Visit there are dropped visits: 21, 49, 63, 70.
 Additional attributes including contrasts are lost.
To avoid this behavior, make sure use `drop_visit_levels = FALSE`.
[1] "WHERE: 9, VEGF"
In Visit there are dropped visits: 7, 21, 35, 49, 63, 70.
 Additional attributes including contrasts are lost.
To avoid this behavior, make sure use `drop_visit_levels = FALSE`.
[1] "EMMEANS WARNING FOR 9, VEGF: Negative variance estimate obtained!"
[1] "EMMEANS WARNING FOR 9, VEGF: Negative variance estimate obtained!"
[1] "EMMEANS WARNING FOR 9, VEGF: Negative variance estimate obtained!"
[1] "EMMEANS WARNING FOR 9, VEGF: Negative variance estimate obtained!"
[1] "EMMEANS WARNING FOR 9, VEGF: Negative variance estimate obtained!"
[1] "EMMEANS WARNING FOR 9, VEGF: Negative variance estimate obtained!"
[1] "EMMEANS WARNING FOR 9, VEGF: Negative variance estimate obtained!"
[1] "EMMEANS WARNING FOR 9, VEGF: Negative variance estimate obtained!"
[1] "EMMEANS/KR FAILED FOR 9, VEGF: Non-finite or negative SE in LS means"
[1] "VEGF-C (VEGF-C)"
[1] "WHERE: X, VEGF-C"
In Visit there are dropped visits: 49, 63.
 Additional attributes including contrasts are lost.
To avoid this behavior, make sure use `drop_visit_levels = FALSE`.
[1] "WHERE: X, VEGF-C"
In Visit there are dropped visits: 49, 63.
 Additional attributes including contrasts are lost.
To avoid this behavior, make sure use `drop_visit_levels = FALSE`.
[1] "WHERE: C, VEGF-C"
In Visit there are dropped visits: 49, 63.
 Additional attributes including contrasts are lost.
To avoid this behavior, make sure use `drop_visit_levels = FALSE`.
[1] "WHERE: C, VEGF-C"
In Visit there are dropped visits: 49, 63.
 Additional attributes including contrasts are lost.
To avoid this behavior, make sure use `drop_visit_levels = FALSE`.
[1] "WHERE: A, VEGF-C"
In Visit there are dropped visits: 49, 63.
 Additional attributes including contrasts are lost.
To avoid this behavior, make sure use `drop_visit_levels = FALSE`.
[1] "WHERE: A, VEGF-C"
In Visit there are dropped visits: 49, 56, 63, 70.
 Additional attributes including contrasts are lost.
To avoid this behavior, make sure use `drop_visit_levels = FALSE`.
[1] "MMRM FIT FAILED FOR A, VEGF-C: No optimizer led to a successful model fit. Please try to use a different covariance structure or other covariates."
[1] "next, since analysis_df_factor is NA for VEGF-C"
[1] "WHERE: C49, VEGF-C"
In Visit there are dropped visits: 49, 63, 70.
 Additional attributes including contrasts are lost.
To avoid this behavior, make sure use `drop_visit_levels = FALSE`.
[1] "WHERE: C49, VEGF-C"
In Visit there are dropped visits: 7, 21, 35, 49, 63, 70.
 Additional attributes including contrasts are lost.
To avoid this behavior, make sure use `drop_visit_levels = FALSE`.
[1] "WHERE: C36, VEGF-C"
In Visit there are dropped visits: 49, 63.
 Additional attributes including contrasts are lost.
To avoid this behavior, make sure use `drop_visit_levels = FALSE`.
[1] "WHERE: C36, VEGF-C"
In Visit there are dropped visits: 49, 63.
 Additional attributes including contrasts are lost.
To avoid this behavior, make sure use `drop_visit_levels = FALSE`.
[1] "WHERE: 9, VEGF-C"
In Visit there are dropped visits: 21, 49, 63, 70.
 Additional attributes including contrasts are lost.
To avoid this behavior, make sure use `drop_visit_levels = FALSE`.
[1] "WHERE: 9, VEGF-C"
In Visit there are dropped visits: 7, 21, 35, 49, 63, 70.
 Additional attributes including contrasts are lost.
To avoid this behavior, make sure use `drop_visit_levels = FALSE`.
[1] "MMRM FIT FAILED FOR 9, VEGF-C: No optimizer led to a successful model fit. Please try to use a different covariance structure or other covariates."
[1] "next, since analysis_df_factor is NA for VEGF-C"
[1] "VEGF-D (VEGF-D)"
[1] "WHERE: X, VEGF-D"
In Visit there are dropped visits: 49, 63.
 Additional attributes including contrasts are lost.
To avoid this behavior, make sure use `drop_visit_levels = FALSE`.
[1] "WHERE: X, VEGF-D"
In Visit there are dropped visits: 49, 63.
 Additional attributes including contrasts are lost.
To avoid this behavior, make sure use `drop_visit_levels = FALSE`.
[1] "WHERE: C, VEGF-D"
In Visit there are dropped visits: 49, 63.
 Additional attributes including contrasts are lost.
To avoid this behavior, make sure use `drop_visit_levels = FALSE`.
[1] "WHERE: C, VEGF-D"
In Visit there are dropped visits: 49, 63.
 Additional attributes including contrasts are lost.
To avoid this behavior, make sure use `drop_visit_levels = FALSE`.
[1] "WHERE: A, VEGF-D"
In Visit there are dropped visits: 49, 63.
 Additional attributes including contrasts are lost.
To avoid this behavior, make sure use `drop_visit_levels = FALSE`.
[1] "WHERE: A, VEGF-D"
In Visit there are dropped visits: 49, 56, 63, 70.
 Additional attributes including contrasts are lost.
To avoid this behavior, make sure use `drop_visit_levels = FALSE`.
[1] "EMMEANS WARNING FOR A, VEGF-D: Negative variance estimate obtained!"
[1] "EMMEANS WARNING FOR A, VEGF-D: Negative variance estimate obtained!"
[1] "EMMEANS WARNING FOR A, VEGF-D: Negative variance estimate obtained!"
[1] "EMMEANS WARNING FOR A, VEGF-D: Negative variance estimate obtained!"
[1] "EMMEANS WARNING FOR A, VEGF-D: Negative variance estimate obtained!"
[1] "EMMEANS WARNING FOR A, VEGF-D: Negative variance estimate obtained!"
[1] "EMMEANS WARNING FOR A, VEGF-D: Negative variance estimate obtained!"
[1] "EMMEANS WARNING FOR A, VEGF-D: Negative variance estimate obtained!"
[1] "EMMEANS WARNING FOR A, VEGF-D: Negative variance estimate obtained!"
[1] "EMMEANS WARNING FOR A, VEGF-D: Negative variance estimate obtained!"
[1] "EMMEANS WARNING FOR A, VEGF-D: Negative variance estimate obtained!"
[1] "EMMEANS WARNING FOR A, VEGF-D: Negative variance estimate obtained!"
[1] "EMMEANS/KR FAILED FOR A, VEGF-D: Non-finite or negative SE in LS means"
[1] "WHERE: C49, VEGF-D"
In Visit there are dropped visits: 49, 63, 70.
 Additional attributes including contrasts are lost.
To avoid this behavior, make sure use `drop_visit_levels = FALSE`.
[1] "WHERE: C49, VEGF-D"
In Visit there are dropped visits: 7, 21, 35, 49, 63, 70.
 Additional attributes including contrasts are lost.
To avoid this behavior, make sure use `drop_visit_levels = FALSE`.
[1] "WHERE: C36, VEGF-D"
In Visit there are dropped visits: 49, 63.
 Additional attributes including contrasts are lost.
To avoid this behavior, make sure use `drop_visit_levels = FALSE`.
[1] "WHERE: C36, VEGF-D"
In Visit there are dropped visits: 49, 63.
 Additional attributes including contrasts are lost.
To avoid this behavior, make sure use `drop_visit_levels = FALSE`.
[1] "WHERE: 9, VEGF-D"
In Visit there are dropped visits: 21, 49, 63, 70.
 Additional attributes including contrasts are lost.
To avoid this behavior, make sure use `drop_visit_levels = FALSE`.
[1] "WHERE: 9, VEGF-D"
In Visit there are dropped visits: 7, 21, 35, 49, 63, 70.
 Additional attributes including contrasts are lost.
To avoid this behavior, make sure use `drop_visit_levels = FALSE`.
[1] "MMRM FIT FAILED FOR 9, VEGF-D: No optimizer led to a successful model fit. Please try to use a different covariance structure or other covariates."
[1] "next, since analysis_df_factor is NA for VEGF-D"
[1] "WBC (Leukocytes) (WBC (Leukocytes))"
[1] "WHERE: X, WBC (Leukocytes)"
In Visit there are dropped visits: 49, 63.
 Additional attributes including contrasts are lost.
To avoid this behavior, make sure use `drop_visit_levels = FALSE`.
[1] "WHERE: X, WBC (Leukocytes)"
In Visit there are dropped visits: 49, 63.
 Additional attributes including contrasts are lost.
To avoid this behavior, make sure use `drop_visit_levels = FALSE`.
[1] "WHERE: C, WBC (Leukocytes)"
In Visit there are dropped visits: 49, 63.
 Additional attributes including contrasts are lost.
To avoid this behavior, make sure use `drop_visit_levels = FALSE`.
[1] "WHERE: C, WBC (Leukocytes)"
In Visit there are dropped visits: 49, 63.
 Additional attributes including contrasts are lost.
To avoid this behavior, make sure use `drop_visit_levels = FALSE`.
[1] "WHERE: A, WBC (Leukocytes)"
In Visit there are dropped visits: 49, 63.
 Additional attributes including contrasts are lost.
To avoid this behavior, make sure use `drop_visit_levels = FALSE`.
[1] "WHERE: A, WBC (Leukocytes)"
In Visit there are dropped visits: 49, 56, 63, 70.
 Additional attributes including contrasts are lost.
To avoid this behavior, make sure use `drop_visit_levels = FALSE`.
[1] "MMRM FIT FAILED FOR A, WBC (Leukocytes): No optimizer led to a successful model fit. Please try to use a different covariance structure or other covariates."
[1] "next, since analysis_df_factor is NA for WBC (Leukocytes)"
[1] "WHERE: C49, WBC (Leukocytes)"
In Visit there are dropped visits: 49, 63.
 Additional attributes including contrasts are lost.
To avoid this behavior, make sure use `drop_visit_levels = FALSE`.
[1] "WHERE: C49, WBC (Leukocytes)"
In Visit there are dropped visits: 49, 63.
 Additional attributes including contrasts are lost.
To avoid this behavior, make sure use `drop_visit_levels = FALSE`.
[1] "WHERE: C36, WBC (Leukocytes)"
In Visit there are dropped visits: 49, 63.
 Additional attributes including contrasts are lost.
To avoid this behavior, make sure use `drop_visit_levels = FALSE`.
[1] "WHERE: C36, WBC (Leukocytes)"
In Visit there are dropped visits: 49, 63.
 Additional attributes including contrasts are lost.
To avoid this behavior, make sure use `drop_visit_levels = FALSE`.
[1] "WHERE: 9, WBC (Leukocytes)"
In Visit there are dropped visits: 49, 63.
 Additional attributes including contrasts are lost.
To avoid this behavior, make sure use `drop_visit_levels = FALSE`.
[1] "WHERE: 9, WBC (Leukocytes)"
In Visit there are dropped visits: 49, 63.
 Additional attributes including contrasts are lost.
To avoid this behavior, make sure use `drop_visit_levels = FALSE`.
[1] "EMMEANS WARNING FOR 9, WBC (Leukocytes): Negative variance estimate obtained!"
[1] "EMMEANS WARNING FOR 9, WBC (Leukocytes): Negative variance estimate obtained!"
[1] "EMMEANS WARNING FOR 9, WBC (Leukocytes): Negative variance estimate obtained!"
[1] "EMMEANS WARNING FOR 9, WBC (Leukocytes): Negative variance estimate obtained!"
[1] "EMMEANS WARNING FOR 9, WBC (Leukocytes): Negative variance estimate obtained!"
[1] "EMMEANS WARNING FOR 9, WBC (Leukocytes): Negative variance estimate obtained!"
[1] "EMMEANS WARNING FOR 9, WBC (Leukocytes): Negative variance estimate obtained!"
[1] "EMMEANS WARNING FOR 9, WBC (Leukocytes): Negative variance estimate obtained!"
[1] "EMMEANS WARNING FOR 9, WBC (Leukocytes): Negative variance estimate obtained!"
[1] "EMMEANS WARNING FOR 9, WBC (Leukocytes): Negative variance estimate obtained!"
[1] "EMMEANS WARNING FOR 9, WBC (Leukocytes): Negative variance estimate obtained!"
[1] "EMMEANS WARNING FOR 9, WBC (Leukocytes): Negative variance estimate obtained!"
[1] "EMMEANS WARNING FOR 9, WBC (Leukocytes): Negative variance estimate obtained!"
[1] "EMMEANS WARNING FOR 9, WBC (Leukocytes): Negative variance estimate obtained!"
[1] "EMMEANS WARNING FOR 9, WBC (Leukocytes): Negative variance estimate obtained!"
[1] "EMMEANS WARNING FOR 9, WBC (Leukocytes): Negative variance estimate obtained!"
[1] "EMMEANS/KR FAILED FOR 9, WBC (Leukocytes): Non-finite or negative SE in LS means"
[1] "Weight (Weight)"
[1] "WHERE: X, Weight"
In Visit there are dropped visits: 7, 21, 35, 49, 63.
 Additional attributes including contrasts are lost.
To avoid this behavior, make sure use `drop_visit_levels = FALSE`.
[1] "WHERE: X, Weight"
In Visit there are dropped visits: 7, 21, 35, 49, 63.
 Additional attributes including contrasts are lost.
To avoid this behavior, make sure use `drop_visit_levels = FALSE`.
[1] "WHERE: C, Weight"
In Visit there are dropped visits: 7, 21, 35, 49, 63.
 Additional attributes including contrasts are lost.
To avoid this behavior, make sure use `drop_visit_levels = FALSE`.
[1] "WHERE: C, Weight"
In Visit there are dropped visits: 7, 21, 35, 49, 63.
 Additional attributes including contrasts are lost.
To avoid this behavior, make sure use `drop_visit_levels = FALSE`.
[1] "WHERE: A, Weight"
In Visit there are dropped visits: 7, 21, 35, 49, 63.
 Additional attributes including contrasts are lost.
To avoid this behavior, make sure use `drop_visit_levels = FALSE`.
[1] "WHERE: A, Weight"
In Visit there are dropped visits: 7, 21, 35, 49, 56, 63, 70.
 Additional attributes including contrasts are lost.
To avoid this behavior, make sure use `drop_visit_levels = FALSE`.
[1] "MMRM FIT FAILED FOR A, Weight: No optimizer led to a successful model fit. Please try to use a different covariance structure or other covariates."
[1] "next, since analysis_df_factor is NA for Weight"
[1] "WHERE: C49, Weight"
In Visit there are dropped visits: 7, 21, 35, 49, 63.
 Additional attributes including contrasts are lost.
To avoid this behavior, make sure use `drop_visit_levels = FALSE`.
[1] "WHERE: C49, Weight"
In Visit there are dropped visits: 7, 21, 35, 49, 63.
 Additional attributes including contrasts are lost.
To avoid this behavior, make sure use `drop_visit_levels = FALSE`.
[1] "WHERE: C36, Weight"
In Visit there are dropped visits: 7, 21, 35, 49, 63.
 Additional attributes including contrasts are lost.
To avoid this behavior, make sure use `drop_visit_levels = FALSE`.
[1] "WHERE: C36, Weight"
In Visit there are dropped visits: 7, 21, 35, 49, 63.
 Additional attributes including contrasts are lost.
To avoid this behavior, make sure use `drop_visit_levels = FALSE`.
[1] "WHERE: 9, Weight"
In Visit there are dropped visits: 7, 21, 35, 49, 63.
 Additional attributes including contrasts are lost.
To avoid this behavior, make sure use `drop_visit_levels = FALSE`.
[1] "WHERE: 9, Weight"
In Visit there are dropped visits: 7, 21, 35, 49, 63.
 Additional attributes including contrasts are lost.
To avoid this behavior, make sure use `drop_visit_levels = FALSE`.
[1] "MMRM FIT FAILED FOR 9, Weight: No optimizer led to a successful model fit. Please try to use a different covariance structure or other covariates."
[1] "next, since analysis_df_factor is NA for Weight"
Warning messages:
1: In mmrm(formula = CFB ~ Visit + ar1(Visit | Subject), data = analysis_df_factor,  :
  Divergence with optimizer L-BFGS-B due to problems: L-BFGS-B needs finite values of 'fn'
2: In mmrm(formula = CFB ~ Visit + ar1(Visit | Subject), data = analysis_df_factor,  :
  Divergence with optimizer L-BFGS-B due to problems: L-BFGS-B needs finite values of 'fn'
[1] "Done!"
